request_id,user_id,request_date,day_offset,date,projected_balance,daily_inflow,daily_outflow,min_balance_required,safe_surplus,is_above_minimum
request_26,user_26,2025-08-03,0,2025-08-03,90471250.0,0.0,10374000.0,24768300.0,65702950.0,True
request_26,user_26,2025-08-03,1,2025-08-04,90471250.0,0.0,0.0,24768300.0,65702950.0,True
request_26,user_26,2025-08-03,2,2025-08-05,90471250.0,0.0,0.0,24768300.0,65702950.0,True
request_26,user_26,2025-08-03,3,2025-08-06,90471250.0,0.0,0.0,24768300.0,65702950.0,True
request_26,user_26,2025-08-03,4,2025-08-07,87225721.11,0.0,3245528.89,24768300.0,62457421.11,True
request_26,user_26,2025-08-03,5,2025-08-08,96010358.26,8784637.15,0.0,24768300.0,71242058.26,True
request_26,user_26,2025-08-03,6,2025-08-09,96010358.26,0.0,0.0,24768300.0,71242058.26,True
request_26,user_26,2025-08-03,7,2025-08-10,95449858.26,0.0,560500.0,24768300.0,70681558.26,True
request_26,user_26,2025-08-03,8,2025-08-11,95449858.26,0.0,0.0,24768300.0,70681558.26,True
request_26,user_26,2025-08-03,9,2025-08-12,95449858.26,0.0,0.0,24768300.0,70681558.26,True
request_26,user_26,2025-08-03,10,2025-08-13,95235158.26,0.0,214700.0,24768300.0,70466858.26,True
request_26,user_26,2025-08-03,11,2025-08-14,95235158.26,0.0,0.0,24768300.0,70466858.26,True
request_26,user_26,2025-08-03,12,2025-08-15,95235158.26,0.0,0.0,24768300.0,70466858.26,True
request_26,user_26,2025-08-03,13,2025-08-16,95235158.26,0.0,0.0,24768300.0,70466858.26,True
request_26,user_26,2025-08-03,14,2025-08-17,93478618.38,0.0,1756539.88,24768300.0,68710318.38,True
request_26,user_26,2025-08-03,15,2025-08-18,92545905.06,0.0,932713.32,24768300.0,67777605.06,True
request_26,user_26,2025-08-03,16,2025-08-19,92545905.06,0.0,0.0,24768300.0,67777605.06,True
request_26,user_26,2025-08-03,17,2025-08-20,92545905.06,0.0,0.0,24768300.0,67777605.06,True
request_26,user_26,2025-08-03,18,2025-08-21,92545905.06,0.0,0.0,24768300.0,67777605.06,True
request_26,user_26,2025-08-03,19,2025-08-22,92545905.06,0.0,0.0,24768300.0,67777605.06,True
request_26,user_26,2025-08-03,20,2025-08-23,92545905.06,0.0,0.0,24768300.0,67777605.06,True
request_26,user_26,2025-08-03,21,2025-08-24,92545905.06,0.0,0.0,24768300.0,67777605.06,True
request_26,user_26,2025-08-03,22,2025-08-25,92545905.06,0.0,0.0,24768300.0,67777605.06,True
request_26,user_26,2025-08-03,23,2025-08-26,92545905.06,0.0,0.0,24768300.0,67777605.06,True
request_26,user_26,2025-08-03,24,2025-08-27,91381525.01,0.0,1164380.05,24768300.0,66613225.01,True
request_26,user_26,2025-08-03,25,2025-08-28,91381525.01,0.0,0.0,24768300.0,66613225.01,True
request_26,user_26,2025-08-03,26,2025-08-29,91381525.01,0.0,0.0,24768300.0,66613225.01,True
request_26,user_26,2025-08-03,27,2025-08-30,91381525.01,0.0,0.0,24768300.0,66613225.01,True
request_26,user_26,2025-08-03,28,2025-08-31,91381525.01,0.0,0.0,24768300.0,66613225.01,True
request_26,user_26,2025-08-03,29,2025-09-01,91381525.01,0.0,0.0,24768300.0,66613225.01,True
request_26,user_26,2025-08-03,30,2025-09-02,91381525.01,0.0,0.0,24768300.0,66613225.01,True
request_26,user_26,2025-08-03,31,2025-09-03,81007525.01,0.0,10374000.0,24768300.0,56239225.01,True
request_26,user_26,2025-08-03,32,2025-09-04,81007525.01,0.0,0.0,24768300.0,56239225.01,True
request_26,user_26,2025-08-03,33,2025-09-05,81007525.01,0.0,0.0,24768300.0,56239225.01,True
request_26,user_26,2025-08-03,34,2025-09-06,79843144.96,0.0,1164380.05,24768300.0,55074844.96,True
request_26,user_26,2025-08-03,35,2025-09-07,77169836.29,0.0,2673308.67,24768300.0,52401536.29,True
request_26,user_26,2025-08-03,36,2025-09-08,85021760.12,8784637.15,932713.32,24768300.0,60253460.12,True
request_26,user_26,2025-08-03,37,2025-09-09,85021760.12,0.0,0.0,24768300.0,60253460.12,True
request_26,user_26,2025-08-03,38,2025-09-10,84461260.12,0.0,560500.0,24768300.0,59692960.12,True
request_26,user_26,2025-08-03,39,2025-09-11,84461260.12,0.0,0.0,24768300.0,59692960.12,True
request_26,user_26,2025-08-03,40,2025-09-12,84461260.12,0.0,0.0,24768300.0,59692960.12,True
request_26,user_26,2025-08-03,41,2025-09-13,84246560.12,0.0,214700.0,24768300.0,59478260.12,True
request_26,user_26,2025-08-03,42,2025-09-14,84246560.12,0.0,0.0,24768300.0,59478260.12,True
request_26,user_26,2025-08-03,43,2025-09-15,84246560.12,0.0,0.0,24768300.0,59478260.12,True
request_26,user_26,2025-08-03,44,2025-09-16,83082180.07,0.0,1164380.05,24768300.0,58313880.07,True
request_26,user_26,2025-08-03,45,2025-09-17,83082180.07,0.0,0.0,24768300.0,58313880.07,True
request_26,user_26,2025-08-03,46,2025-09-18,83082180.07,0.0,0.0,24768300.0,58313880.07,True
request_26,user_26,2025-08-03,47,2025-09-19,83082180.07,0.0,0.0,24768300.0,58313880.07,True
request_26,user_26,2025-08-03,48,2025-09-20,83082180.07,0.0,0.0,24768300.0,58313880.07,True
request_26,user_26,2025-08-03,49,2025-09-21,83082180.07,0.0,0.0,24768300.0,58313880.07,True
request_26,user_26,2025-08-03,50,2025-09-22,83082180.07,0.0,0.0,24768300.0,58313880.07,True
request_26,user_26,2025-08-03,51,2025-09-23,83082180.07,0.0,0.0,24768300.0,58313880.07,True
request_26,user_26,2025-08-03,52,2025-09-24,83082180.07,0.0,0.0,24768300.0,58313880.07,True
request_26,user_26,2025-08-03,53,2025-09-25,83082180.07,0.0,0.0,24768300.0,58313880.07,True
request_26,user_26,2025-08-03,54,2025-09-26,81917800.02,0.0,1164380.05,24768300.0,57149500.02,True
request_26,user_26,2025-08-03,55,2025-09-27,81917800.02,0.0,0.0,24768300.0,57149500.02,True
request_26,user_26,2025-08-03,56,2025-09-28,81325640.19,0.0,592159.83,24768300.0,56557340.19,True
request_26,user_26,2025-08-03,57,2025-09-29,80392926.87,0.0,932713.32,24768300.0,55624626.87,True
request_26,user_26,2025-08-03,58,2025-09-30,80392926.87,0.0,0.0,24768300.0,55624626.87,True
request_26,user_26,2025-08-03,59,2025-10-01,80392926.87,0.0,0.0,24768300.0,55624626.87,True
request_26,user_26,2025-08-03,60,2025-10-02,80392926.87,0.0,0.0,24768300.0,55624626.87,True
request_26,user_26,2025-08-03,61,2025-10-03,70018926.87,0.0,10374000.0,24768300.0,45250626.87,True
request_26,user_26,2025-08-03,62,2025-10-04,70018926.87,0.0,0.0,24768300.0,45250626.87,True
request_26,user_26,2025-08-03,63,2025-10-05,70018926.87,0.0,0.0,24768300.0,45250626.87,True
request_26,user_26,2025-08-03,64,2025-10-06,68854546.82,0.0,1164380.05,24768300.0,44086246.82,True
request_26,user_26,2025-08-03,65,2025-10-07,66773397.98,0.0,2081148.84,24768300.0,42005097.98,True
request_26,user_26,2025-08-03,66,2025-10-08,75558035.13,8784637.15,0.0,24768300.0,50789735.13,True
request_26,user_26,2025-08-03,67,2025-10-09,75558035.13,0.0,0.0,24768300.0,50789735.13,True
request_26,user_26,2025-08-03,68,2025-10-10,74997535.13,0.0,560500.0,24768300.0,50229235.13,True
request_26,user_26,2025-08-03,69,2025-10-11,74997535.13,0.0,0.0,24768300.0,50229235.13,True
request_26,user_26,2025-08-03,70,2025-10-12,74997535.13,0.0,0.0,24768300.0,50229235.13,True
request_26,user_26,2025-08-03,71,2025-10-13,74782835.13,0.0,214700.0,24768300.0,50014535.13,True
request_26,user_26,2025-08-03,72,2025-10-14,74782835.13,0.0,0.0,24768300.0,50014535.13,True
request_26,user_26,2025-08-03,73,2025-10-15,74782835.13,0.0,0.0,24768300.0,50014535.13,True
request_26,user_26,2025-08-03,74,2025-10-16,73618455.08,0.0,1164380.05,24768300.0,48850155.08,True
request_26,user_26,2025-08-03,75,2025-10-17,73618455.08,0.0,0.0,24768300.0,48850155.08,True
request_26,user_26,2025-08-03,76,2025-10-18,73618455.08,0.0,0.0,24768300.0,48850155.08,True
request_26,user_26,2025-08-03,77,2025-10-19,73026295.25,0.0,592159.83,24768300.0,48257995.25,True
request_26,user_26,2025-08-03,78,2025-10-20,72093581.93,0.0,932713.32,24768300.0,47325281.93,True
request_26,user_26,2025-08-03,79,2025-10-21,72093581.93,0.0,0.0,24768300.0,47325281.93,True
request_26,user_26,2025-08-03,80,2025-10-22,72093581.93,0.0,0.0,24768300.0,47325281.93,True
request_26,user_26,2025-08-03,81,2025-10-23,72093581.93,0.0,0.0,24768300.0,47325281.93,True
request_26,user_26,2025-08-03,82,2025-10-24,72093581.93,0.0,0.0,24768300.0,47325281.93,True
request_26,user_26,2025-08-03,83,2025-10-25,72093581.93,0.0,0.0,24768300.0,47325281.93,True
request_26,user_26,2025-08-03,84,2025-10-26,70929201.88,0.0,1164380.05,24768300.0,46160901.88,True
request_26,user_26,2025-08-03,85,2025-10-27,70929201.88,0.0,0.0,24768300.0,46160901.88,True
request_26,user_26,2025-08-03,86,2025-10-28,70929201.88,0.0,0.0,24768300.0,46160901.88,True
request_26,user_26,2025-08-03,87,2025-10-29,70929201.88,0.0,0.0,24768300.0,46160901.88,True
request_26,user_26,2025-08-03,88,2025-10-30,70929201.88,0.0,0.0,24768300.0,46160901.88,True
request_26,user_26,2025-08-03,89,2025-10-31,70929201.88,0.0,0.0,24768300.0,46160901.88,True
request_26,user_26,2025-08-03,90,2025-11-01,70929201.88,0.0,0.0,24768300.0,46160901.88,True
request_27,user_27,2026-07-05,0,2026-07-05,99783.48,7599.99,958.31,20500.0,79283.48,True
request_27,user_27,2026-07-05,1,2026-07-06,99211.19,0.0,572.29,20500.0,78711.19,True
request_27,user_27,2026-07-05,2,2026-07-07,99211.19,0.0,0.0,20500.0,78711.19,True
request_27,user_27,2026-07-05,3,2026-07-08,97309.56,0.0,1901.63,20500.0,76809.56,True
request_27,user_27,2026-07-05,4,2026-07-09,95999.84,0.0,1309.72,20500.0,75499.84,True
request_27,user_27,2026-07-05,5,2026-07-10,95999.84,0.0,0.0,20500.0,75499.84,True
request_27,user_27,2026-07-05,6,2026-07-11,95999.84,0.0,0.0,20500.0,75499.84,True
request_27,user_27,2026-07-05,7,2026-07-12,94429.93,0.0,1569.91,20500.0,73929.93,True
request_27,user_27,2026-07-05,8,2026-07-13,93513.34,0.0,916.59,20500.0,73013.34,True
request_27,user_27,2026-07-05,9,2026-07-14,93513.34,0.0,0.0,20500.0,73013.34,True
request_27,user_27,2026-07-05,10,2026-07-15,93111.84,0.0,401.5,20500.0,72611.84,True
request_27,user_27,2026-07-05,11,2026-07-16,91925.35,0.0,1186.49,20500.0,71425.35,True
request_27,user_27,2026-07-05,12,2026-07-17,91925.35,0.0,0.0,20500.0,71425.35,True
request_27,user_27,2026-07-05,13,2026-07-18,91925.35,0.0,0.0,20500.0,71425.35,True
request_27,user_27,2026-07-05,14,2026-07-19,90967.04,0.0,958.31,20500.0,70467.04,True
request_27,user_27,2026-07-05,15,2026-07-20,90394.75,0.0,572.29,20500.0,69894.75,True
request_27,user_27,2026-07-05,16,2026-07-21,90394.75,0.0,0.0,20500.0,69894.75,True
request_27,user_27,2026-07-05,17,2026-07-22,90394.75,0.0,0.0,20500.0,69894.75,True
request_27,user_27,2026-07-05,18,2026-07-23,89085.03,0.0,1309.72,20500.0,68585.03,True
request_27,user_27,2026-07-05,19,2026-07-24,89085.03,0.0,0.0,20500.0,68585.03,True
request_27,user_27,2026-07-05,20,2026-07-25,89085.03,0.0,0.0,20500.0,68585.03,True
request_27,user_27,2026-07-05,21,2026-07-26,88126.72,0.0,958.31,20500.0,67626.72,True
request_27,user_27,2026-07-05,22,2026-07-27,87554.43,0.0,572.29,20500.0,67054.43,True
request_27,user_27,2026-07-05,23,2026-07-28,87554.43,0.0,0.0,20500.0,67054.43,True
request_27,user_27,2026-07-05,24,2026-07-29,87554.43,0.0,0.0,20500.0,67054.43,True
request_27,user_27,2026-07-05,25,2026-07-30,87554.43,0.0,0.0,20500.0,67054.43,True
request_27,user_27,2026-07-05,26,2026-07-31,87554.43,0.0,0.0,20500.0,67054.43,True
request_27,user_27,2026-07-05,27,2026-08-01,87554.43,0.0,0.0,20500.0,67054.43,True
request_27,user_27,2026-07-05,28,2026-08-02,86596.12,0.0,958.31,20500.0,66096.12,True
request_27,user_27,2026-07-05,29,2026-08-03,86023.83,0.0,572.29,20500.0,65523.83,True
request_27,user_27,2026-07-05,30,2026-08-04,77663.83,0.0,8360.0,20500.0,57163.83,True
request_27,user_27,2026-07-05,31,2026-08-05,85263.82,7599.99,0.0,20500.0,64763.82,True
request_27,user_27,2026-07-05,32,2026-08-06,83954.1,0.0,1309.72,20500.0,63454.1,True
request_27,user_27,2026-07-05,33,2026-08-07,83954.1,0.0,0.0,20500.0,63454.1,True
request_27,user_27,2026-07-05,34,2026-08-08,82052.47,0.0,1901.63,20500.0,61552.47,True
request_27,user_27,2026-07-05,35,2026-08-09,81094.16,0.0,958.31,20500.0,60594.16,True
request_27,user_27,2026-07-05,36,2026-08-10,80521.87,0.0,572.29,20500.0,60021.87,True
request_27,user_27,2026-07-05,37,2026-08-11,80521.87,0.0,0.0,20500.0,60021.87,True
request_27,user_27,2026-07-05,38,2026-08-12,79910.27,0.0,611.6,20500.0,59410.27,True
request_27,user_27,2026-07-05,39,2026-08-13,79565.97,0.0,344.3,20500.0,59065.97,True
request_27,user_27,2026-07-05,40,2026-08-14,79565.97,0.0,0.0,20500.0,59065.97,True
request_27,user_27,2026-07-05,41,2026-08-15,79164.47,0.0,401.5,20500.0,58664.47,True
request_27,user_27,2026-07-05,42,2026-08-16,77019.67,0.0,2144.8,20500.0,56519.67,True
request_27,user_27,2026-07-05,43,2026-08-17,76447.38,0.0,572.29,20500.0,55947.38,True
request_27,user_27,2026-07-05,44,2026-08-18,76447.38,0.0,0.0,20500.0,55947.38,True
request_27,user_27,2026-07-05,45,2026-08-19,76447.38,0.0,0.0,20500.0,55947.38,True
request_27,user_27,2026-07-05,46,2026-08-20,75137.66,0.0,1309.72,20500.0,54637.66,True
request_27,user_27,2026-07-05,47,2026-08-21,75137.66,0.0,0.0,20500.0,54637.66,True
request_27,user_27,2026-07-05,48,2026-08-22,75137.66,0.0,0.0,20500.0,54637.66,True
request_27,user_27,2026-07-05,49,2026-08-23,74179.35,0.0,958.31,20500.0,53679.35,True
request_27,user_27,2026-07-05,50,2026-08-24,73607.06,0.0,572.29,20500.0,53107.06,True
request_27,user_27,2026-07-05,51,2026-08-25,73607.06,0.0,0.0,20500.0,53107.06,True
request_27,user_27,2026-07-05,52,2026-08-26,73607.06,0.0,0.0,20500.0,53107.06,True
request_27,user_27,2026-07-05,53,2026-08-27,73607.06,0.0,0.0,20500.0,53107.06,True
request_27,user_27,2026-07-05,54,2026-08-28,73607.06,0.0,0.0,20500.0,53107.06,True
request_27,user_27,2026-07-05,55,2026-08-29,73607.06,0.0,0.0,20500.0,53107.06,True
request_27,user_27,2026-07-05,56,2026-08-30,72648.75,0.0,958.31,20500.0,52148.75,True
request_27,user_27,2026-07-05,57,2026-08-31,72076.46,0.0,572.29,20500.0,51576.46,True
request_27,user_27,2026-07-05,58,2026-09-01,72076.46,0.0,0.0,20500.0,51576.46,True
request_27,user_27,2026-07-05,59,2026-09-02,72076.46,0.0,0.0,20500.0,51576.46,True
request_27,user_27,2026-07-05,60,2026-09-03,70766.74,0.0,1309.72,20500.0,50266.74,True
request_27,user_27,2026-07-05,61,2026-09-04,62406.74,0.0,8360.0,20500.0,41906.74,True
request_27,user_27,2026-07-05,62,2026-09-05,70006.73,7599.99,0.0,20500.0,49506.73,True
request_27,user_27,2026-07-05,63,2026-09-06,69048.42,0.0,958.31,20500.0,48548.42,True
request_27,user_27,2026-07-05,64,2026-09-07,68476.13,0.0,572.29,20500.0,47976.13,True
request_27,user_27,2026-07-05,65,2026-09-08,66574.5,0.0,1901.63,20500.0,46074.5,True
request_27,user_27,2026-07-05,66,2026-09-09,66574.5,0.0,0.0,20500.0,46074.5,True
request_27,user_27,2026-07-05,67,2026-09-10,66574.5,0.0,0.0,20500.0,46074.5,True
request_27,user_27,2026-07-05,68,2026-09-11,66574.5,0.0,0.0,20500.0,46074.5,True
request_27,user_27,2026-07-05,69,2026-09-12,65962.9,0.0,611.6,20500.0,45462.9,True
request_27,user_27,2026-07-05,70,2026-09-13,64660.29,0.0,1302.61,20500.0,44160.29,True
request_27,user_27,2026-07-05,71,2026-09-14,64088.0,0.0,572.29,20500.0,43588.0,True
request_27,user_27,2026-07-05,72,2026-09-15,63686.5,0.0,401.5,20500.0,43186.5,True
request_27,user_27,2026-07-05,73,2026-09-16,62500.01,0.0,1186.49,20500.0,42000.01,True
request_27,user_27,2026-07-05,74,2026-09-17,61190.29,0.0,1309.72,20500.0,40690.29,True
request_27,user_27,2026-07-05,75,2026-09-18,61190.29,0.0,0.0,20500.0,40690.29,True
request_27,user_27,2026-07-05,76,2026-09-19,61190.29,0.0,0.0,20500.0,40690.29,True
request_27,user_27,2026-07-05,77,2026-09-20,60231.98,0.0,958.31,20500.0,39731.98,True
request_27,user_27,2026-07-05,78,2026-09-21,59659.69,0.0,572.29,20500.0,39159.69,True
request_27,user_27,2026-07-05,79,2026-09-22,59659.69,0.0,0.0,20500.0,39159.69,True
request_27,user_27,2026-07-05,80,2026-09-23,59659.69,0.0,0.0,20500.0,39159.69,True
request_27,user_27,2026-07-05,81,2026-09-24,59659.69,0.0,0.0,20500.0,39159.69,True
request_27,user_27,2026-07-05,82,2026-09-25,59659.69,0.0,0.0,20500.0,39159.69,True
request_27,user_27,2026-07-05,83,2026-09-26,59659.69,0.0,0.0,20500.0,39159.69,True
request_27,user_27,2026-07-05,84,2026-09-27,58701.38,0.0,958.31,20500.0,38201.38,True
request_27,user_27,2026-07-05,85,2026-09-28,58129.09,0.0,572.29,20500.0,37629.09,True
request_27,user_27,2026-07-05,86,2026-09-29,58129.09,0.0,0.0,20500.0,37629.09,True
request_27,user_27,2026-07-05,87,2026-09-30,58129.09,0.0,0.0,20500.0,37629.09,True
request_27,user_27,2026-07-05,88,2026-10-01,56819.37,0.0,1309.72,20500.0,36319.37,True
request_27,user_27,2026-07-05,89,2026-10-02,56819.37,0.0,0.0,20500.0,36319.37,True
request_27,user_27,2026-07-05,90,2026-10-03,56819.37,0.0,0.0,20500.0,36319.37,True
request_28,user_28,2024-06-07,0,2024-06-07,1789.4,0.0,0.0,1100.0,689.4,True
request_28,user_28,2024-06-07,1,2024-06-08,1759.4,0.0,30.0,1100.0,659.4,True
request_28,user_28,2024-06-07,2,2024-06-09,1759.4,0.0,0.0,1100.0,659.4,True
request_28,user_28,2024-06-07,3,2024-06-10,1567.4,0.0,192.0,1100.0,467.4,True
request_28,user_28,2024-06-07,4,2024-06-11,1492.4,0.0,75.0,1100.0,392.4,True
request_28,user_28,2024-06-07,5,2024-06-12,1455.92,0.0,36.48,1100.0,355.92,True
request_28,user_28,2024-06-07,6,2024-06-13,1408.8,0.0,47.12,1100.0,308.8,True
request_28,user_28,2024-06-07,7,2024-06-14,1408.8,0.0,0.0,1100.0,308.8,True
request_28,user_28,2024-06-07,8,2024-06-15,2860.8,1452.0,0.0,1100.0,1760.8,True
request_28,user_28,2024-06-07,9,2024-06-16,2860.8,0.0,0.0,1100.0,1760.8,True
request_28,user_28,2024-06-07,10,2024-06-17,2860.8,0.0,0.0,1100.0,1760.8,True
request_28,user_28,2024-06-07,11,2024-06-18,2796.8,0.0,64.0,1100.0,1696.8,True
request_28,user_28,2024-06-07,12,2024-06-19,2760.32,0.0,36.48,1100.0,1660.32,True
request_28,user_28,2024-06-07,13,2024-06-20,2760.32,0.0,0.0,1100.0,1660.32,True
request_28,user_28,2024-06-07,14,2024-06-21,2760.32,0.0,0.0,1100.0,1660.32,True
request_28,user_28,2024-06-07,15,2024-06-22,2760.32,0.0,0.0,1100.0,1660.32,True
request_28,user_28,2024-06-07,16,2024-06-23,2760.32,0.0,0.0,1100.0,1660.32,True
request_28,user_28,2024-06-07,17,2024-06-24,2760.32,0.0,0.0,1100.0,1660.32,True
request_28,user_28,2024-06-07,18,2024-06-25,2696.32,0.0,64.0,1100.0,1596.32,True
request_28,user_28,2024-06-07,19,2024-06-26,2659.84,0.0,36.48,1100.0,1559.84,True
request_28,user_28,2024-06-07,20,2024-06-27,2612.72,0.0,47.12,1100.0,1512.72,True
request_28,user_28,2024-06-07,21,2024-06-28,2612.72,0.0,0.0,1100.0,1512.72,True
request_28,user_28,2024-06-07,22,2024-06-29,2612.72,0.0,0.0,1100.0,1512.72,True
request_28,user_28,2024-06-07,23,2024-06-30,2612.72,0.0,0.0,1100.0,1512.72,True
request_28,user_28,2024-06-07,24,2024-07-01,2254.12,0.0,358.6,1100.0,1154.12,True
request_28,user_28,2024-06-07,25,2024-07-02,2190.12,0.0,64.0,1100.0,1090.12,True
request_28,user_28,2024-06-07,26,2024-07-03,2153.64,0.0,36.48,1100.0,1053.64,True
request_28,user_28,2024-06-07,27,2024-07-04,2153.64,0.0,0.0,1100.0,1053.64,True
request_28,user_28,2024-06-07,28,2024-07-05,2065.7,0.0,87.94,1100.0,965.7,True
request_28,user_28,2024-06-07,29,2024-07-06,2065.7,0.0,0.0,1100.0,965.7,True
request_28,user_28,2024-06-07,30,2024-07-07,2065.7,0.0,0.0,1100.0,965.7,True
request_28,user_28,2024-06-07,31,2024-07-08,2035.7,0.0,30.0,1100.0,935.7,True
request_28,user_28,2024-06-07,32,2024-07-09,1971.7,0.0,64.0,1100.0,871.7,True
request_28,user_28,2024-06-07,33,2024-07-10,1743.22,0.0,228.48,1100.0,643.22,True
request_28,user_28,2024-06-07,34,2024-07-11,1685.1,0.0,58.12,1100.0,585.1,True
request_28,user_28,2024-06-07,35,2024-07-12,1685.1,0.0,0.0,1100.0,585.1,True
request_28,user_28,2024-06-07,36,2024-07-13,1685.1,0.0,0.0,1100.0,585.1,True
request_28,user_28,2024-06-07,37,2024-07-14,1685.1,0.0,0.0,1100.0,585.1,True
request_28,user_28,2024-06-07,38,2024-07-15,3137.1,1452.0,0.0,1100.0,2037.1,True
request_28,user_28,2024-06-07,39,2024-07-16,3073.1,0.0,64.0,1100.0,1973.1,True
request_28,user_28,2024-06-07,40,2024-07-17,3036.62,0.0,36.48,1100.0,1936.62,True
request_28,user_28,2024-06-07,41,2024-07-18,3036.62,0.0,0.0,1100.0,1936.62,True
request_28,user_28,2024-06-07,42,2024-07-19,3036.62,0.0,0.0,1100.0,1936.62,True
request_28,user_28,2024-06-07,43,2024-07-20,3036.62,0.0,0.0,1100.0,1936.62,True
request_28,user_28,2024-06-07,44,2024-07-21,3036.62,0.0,0.0,1100.0,1936.62,True
request_28,user_28,2024-06-07,45,2024-07-22,3036.62,0.0,0.0,1100.0,1936.62,True
request_28,user_28,2024-06-07,46,2024-07-23,2972.62,0.0,64.0,1100.0,1872.62,True
request_28,user_28,2024-06-07,47,2024-07-24,2936.14,0.0,36.48,1100.0,1836.14,True
request_28,user_28,2024-06-07,48,2024-07-25,2889.02,0.0,47.12,1100.0,1789.02,True
request_28,user_28,2024-06-07,49,2024-07-26,2889.02,0.0,0.0,1100.0,1789.02,True
request_28,user_28,2024-06-07,50,2024-07-27,2889.02,0.0,0.0,1100.0,1789.02,True
request_28,user_28,2024-06-07,51,2024-07-28,2889.02,0.0,0.0,1100.0,1789.02,True
request_28,user_28,2024-06-07,52,2024-07-29,2889.02,0.0,0.0,1100.0,1789.02,True
request_28,user_28,2024-06-07,53,2024-07-30,2825.02,0.0,64.0,1100.0,1725.02,True
request_28,user_28,2024-06-07,54,2024-07-31,2788.54,0.0,36.48,1100.0,1688.54,True
request_28,user_28,2024-06-07,55,2024-08-01,2429.94,0.0,358.6,1100.0,1329.94,True
request_28,user_28,2024-06-07,56,2024-08-02,2429.94,0.0,0.0,1100.0,1329.94,True
request_28,user_28,2024-06-07,57,2024-08-03,2429.94,0.0,0.0,1100.0,1329.94,True
request_28,user_28,2024-06-07,58,2024-08-04,2429.94,0.0,0.0,1100.0,1329.94,True
request_28,user_28,2024-06-07,59,2024-08-05,2342.0,0.0,87.94,1100.0,1242.0,True
request_28,user_28,2024-06-07,60,2024-08-06,2278.0,0.0,64.0,1100.0,1178.0,True
request_28,user_28,2024-06-07,61,2024-08-07,2241.52,0.0,36.48,1100.0,1141.52,True
request_28,user_28,2024-06-07,62,2024-08-08,2164.4,0.0,77.12,1100.0,1064.4,True
request_28,user_28,2024-06-07,63,2024-08-09,2164.4,0.0,0.0,1100.0,1064.4,True
request_28,user_28,2024-06-07,64,2024-08-10,1972.4,0.0,192.0,1100.0,872.4,True
request_28,user_28,2024-06-07,65,2024-08-11,1961.4,0.0,11.0,1100.0,861.4,True
request_28,user_28,2024-06-07,66,2024-08-12,1961.4,0.0,0.0,1100.0,861.4,True
request_28,user_28,2024-06-07,67,2024-08-13,1897.4,0.0,64.0,1100.0,797.4,True
request_28,user_28,2024-06-07,68,2024-08-14,1860.92,0.0,36.48,1100.0,760.92,True
request_28,user_28,2024-06-07,69,2024-08-15,3312.92,1452.0,0.0,1100.0,2212.92,True
request_28,user_28,2024-06-07,70,2024-08-16,3312.92,0.0,0.0,1100.0,2212.92,True
request_28,user_28,2024-06-07,71,2024-08-17,3312.92,0.0,0.0,1100.0,2212.92,True
request_28,user_28,2024-06-07,72,2024-08-18,3312.92,0.0,0.0,1100.0,2212.92,True
request_28,user_28,2024-06-07,73,2024-08-19,3312.92,0.0,0.0,1100.0,2212.92,True
request_28,user_28,2024-06-07,74,2024-08-20,3248.92,0.0,64.0,1100.0,2148.92,True
request_28,user_28,2024-06-07,75,2024-08-21,3212.44,0.0,36.48,1100.0,2112.44,True
request_28,user_28,2024-06-07,76,2024-08-22,3165.32,0.0,47.12,1100.0,2065.32,True
request_28,user_28,2024-06-07,77,2024-08-23,3165.32,0.0,0.0,1100.0,2065.32,True
request_28,user_28,2024-06-07,78,2024-08-24,3165.32,0.0,0.0,1100.0,2065.32,True
request_28,user_28,2024-06-07,79,2024-08-25,3165.32,0.0,0.0,1100.0,2065.32,True
request_28,user_28,2024-06-07,80,2024-08-26,3165.32,0.0,0.0,1100.0,2065.32,True
request_28,user_28,2024-06-07,81,2024-08-27,3101.32,0.0,64.0,1100.0,2001.32,True
request_28,user_28,2024-06-07,82,2024-08-28,3064.84,0.0,36.48,1100.0,1964.84,True
request_28,user_28,2024-06-07,83,2024-08-29,3064.84,0.0,0.0,1100.0,1964.84,True
request_28,user_28,2024-06-07,84,2024-08-30,3064.84,0.0,0.0,1100.0,1964.84,True
request_28,user_28,2024-06-07,85,2024-08-31,3064.84,0.0,0.0,1100.0,1964.84,True
request_28,user_28,2024-06-07,86,2024-09-01,2706.24,0.0,358.6,1100.0,1606.24,True
request_28,user_28,2024-06-07,87,2024-09-02,2706.24,0.0,0.0,1100.0,1606.24,True
request_28,user_28,2024-06-07,88,2024-09-03,2642.24,0.0,64.0,1100.0,1542.24,True
request_28,user_28,2024-06-07,89,2024-09-04,2605.76,0.0,36.48,1100.0,1505.76,True
request_28,user_28,2024-06-07,90,2024-09-05,2470.7,0.0,135.06,1100.0,1370.7,True
request_29,user_29,2025-11-04,0,2025-11-04,113540.1,0.0,0.0,28300.0,85240.1,True
request_29,user_29,2025-11-04,1,2025-11-05,113540.1,0.0,0.0,28300.0,85240.1,True
request_29,user_29,2025-11-04,2,2025-11-06,110842.45,0.0,2697.65,28300.0,82542.45,True
request_29,user_29,2025-11-04,3,2025-11-07,107269.56,0.0,3572.89,28300.0,78969.56,True
request_29,user_29,2025-11-04,4,2025-11-08,102099.56,0.0,5170.0,28300.0,73799.56,True
request_29,user_29,2025-11-04,5,2025-11-09,102099.56,0.0,0.0,28300.0,73799.56,True
request_29,user_29,2025-11-04,6,2025-11-10,97593.47,0.0,4506.09,28300.0,69293.47,True
request_29,user_29,2025-11-04,7,2025-11-11,97593.47,0.0,0.0,28300.0,69293.47,True
request_29,user_29,2025-11-04,8,2025-11-12,97411.97,0.0,181.5,28300.0,69111.97,True
request_29,user_29,2025-11-04,9,2025-11-13,97411.97,0.0,0.0,28300.0,69111.97,True
request_29,user_29,2025-11-04,10,2025-11-14,95815.12,0.0,1596.85,28300.0,67515.12,True
request_29,user_29,2025-11-04,11,2025-11-15,95815.12,0.0,0.0,28300.0,67515.12,True
request_29,user_29,2025-11-04,12,2025-11-16,95815.12,0.0,0.0,28300.0,67515.12,True
request_29,user_29,2025-11-04,13,2025-11-17,94204.63,0.0,1610.49,28300.0,65904.63,True
request_29,user_29,2025-11-04,14,2025-11-18,92522.55,0.0,1682.08,28300.0,64222.55,True
request_29,user_29,2025-11-04,15,2025-11-19,92522.55,0.0,0.0,28300.0,64222.55,True
request_29,user_29,2025-11-04,16,2025-11-20,92522.55,0.0,0.0,28300.0,64222.55,True
request_29,user_29,2025-11-04,17,2025-11-21,92522.55,0.0,0.0,28300.0,64222.55,True
request_29,user_29,2025-11-04,18,2025-11-22,92522.55,0.0,0.0,28300.0,64222.55,True
request_29,user_29,2025-11-04,19,2025-11-23,92522.55,0.0,0.0,28300.0,64222.55,True
request_29,user_29,2025-11-04,20,2025-11-24,90871.49,0.0,1651.06,28300.0,62571.49,True
request_29,user_29,2025-11-04,21,2025-11-25,90871.49,0.0,0.0,28300.0,62571.49,True
request_29,user_29,2025-11-04,22,2025-11-26,90871.49,0.0,0.0,28300.0,62571.49,True
request_29,user_29,2025-11-04,23,2025-11-27,89261.0,0.0,1610.49,28300.0,60961.0,True
request_29,user_29,2025-11-04,24,2025-11-28,89261.0,0.0,0.0,28300.0,60961.0,True
request_29,user_29,2025-11-04,25,2025-11-29,89261.0,0.0,0.0,28300.0,60961.0,True
request_29,user_29,2025-11-04,26,2025-11-30,89261.0,0.0,0.0,28300.0,60961.0,True
request_29,user_29,2025-11-04,27,2025-12-01,89261.0,0.0,0.0,28300.0,60961.0,True
request_29,user_29,2025-11-04,28,2025-12-02,89261.0,0.0,0.0,28300.0,60961.0,True
request_29,user_29,2025-11-04,29,2025-12-03,85455.0,0.0,3806.0,28300.0,57155.0,True
request_29,user_29,2025-11-04,30,2025-12-04,85455.0,0.0,0.0,28300.0,57155.0,True
request_29,user_29,2025-11-04,31,2025-12-05,85455.0,0.0,0.0,28300.0,57155.0,True
request_29,user_29,2025-11-04,32,2025-12-06,82757.35,0.0,2697.65,28300.0,54457.35,True
request_29,user_29,2025-11-04,33,2025-12-07,79184.46,0.0,3572.89,28300.0,50884.46,True
request_29,user_29,2025-11-04,34,2025-12-08,72363.4,0.0,6821.06,28300.0,44063.4,True
request_29,user_29,2025-11-04,35,2025-12-09,70681.32,0.0,1682.08,28300.0,42381.32,True
request_29,user_29,2025-11-04,36,2025-12-10,67826.29,0.0,2855.03,28300.0,39526.29,True
request_29,user_29,2025-11-04,37,2025-12-11,67826.29,0.0,0.0,28300.0,39526.29,True
request_29,user_29,2025-11-04,38,2025-12-12,67644.79,0.0,181.5,28300.0,39344.79,True
request_29,user_29,2025-11-04,39,2025-12-13,67644.79,0.0,0.0,28300.0,39344.79,True
request_29,user_29,2025-11-04,40,2025-12-14,66047.94,0.0,1596.85,28300.0,37747.94,True
request_29,user_29,2025-11-04,41,2025-12-15,66047.94,0.0,0.0,28300.0,37747.94,True
request_29,user_29,2025-11-04,42,2025-12-16,66047.94,0.0,0.0,28300.0,37747.94,True
request_29,user_29,2025-11-04,43,2025-12-17,64437.45,0.0,1610.49,28300.0,36137.45,True
request_29,user_29,2025-11-04,44,2025-12-18,64437.45,0.0,0.0,28300.0,36137.45,True
request_29,user_29,2025-11-04,45,2025-12-19,64437.45,0.0,0.0,28300.0,36137.45,True
request_29,user_29,2025-11-04,46,2025-12-20,64437.45,0.0,0.0,28300.0,36137.45,True
request_29,user_29,2025-11-04,47,2025-12-21,64437.45,0.0,0.0,28300.0,36137.45,True
request_29,user_29,2025-11-04,48,2025-12-22,62786.39,0.0,1651.06,28300.0,34486.39,True
request_29,user_29,2025-11-04,49,2025-12-23,62786.39,0.0,0.0,28300.0,34486.39,True
request_29,user_29,2025-11-04,50,2025-12-24,62786.39,0.0,0.0,28300.0,34486.39,True
request_29,user_29,2025-11-04,51,2025-12-25,62786.39,0.0,0.0,28300.0,34486.39,True
request_29,user_29,2025-11-04,52,2025-12-26,62786.39,0.0,0.0,28300.0,34486.39,True
request_29,user_29,2025-11-04,53,2025-12-27,61175.9,0.0,1610.49,28300.0,32875.9,True
request_29,user_29,2025-11-04,54,2025-12-28,61175.9,0.0,0.0,28300.0,32875.9,True
request_29,user_29,2025-11-04,55,2025-12-29,61175.9,0.0,0.0,28300.0,32875.9,True
request_29,user_29,2025-11-04,56,2025-12-30,59493.82,0.0,1682.08,28300.0,31193.82,True
request_29,user_29,2025-11-04,57,2025-12-31,59493.82,0.0,0.0,28300.0,31193.82,True
request_29,user_29,2025-11-04,58,2026-01-01,59493.82,0.0,0.0,28300.0,31193.82,True
request_29,user_29,2025-11-04,59,2026-01-02,59493.82,0.0,0.0,28300.0,31193.82,True
request_29,user_29,2025-11-04,60,2026-01-03,55687.82,0.0,3806.0,28300.0,27387.82,True
request_29,user_29,2025-11-04,61,2026-01-04,55687.82,0.0,0.0,28300.0,27387.82,True
request_29,user_29,2025-11-04,62,2026-01-05,54036.76,0.0,1651.06,28300.0,25736.76,True
request_29,user_29,2025-11-04,63,2026-01-06,49728.62,0.0,4308.14,28300.0,21428.62,True
request_29,user_29,2025-11-04,64,2026-01-07,47766.22,0.0,1962.4,28300.0,19466.22,True
request_29,user_29,2025-11-04,65,2026-01-08,42596.22,0.0,5170.0,28300.0,14296.22,True
request_29,user_29,2025-11-04,66,2026-01-09,42596.22,0.0,0.0,28300.0,14296.22,True
request_29,user_29,2025-11-04,67,2026-01-10,39741.19,0.0,2855.03,28300.0,11441.19,True
request_29,user_29,2025-11-04,68,2026-01-11,39741.19,0.0,0.0,28300.0,11441.19,True
request_29,user_29,2025-11-04,69,2026-01-12,39559.69,0.0,181.5,28300.0,11259.69,True
request_29,user_29,2025-11-04,70,2026-01-13,39559.69,0.0,0.0,28300.0,11259.69,True
request_29,user_29,2025-11-04,71,2026-01-14,37962.84,0.0,1596.85,28300.0,9662.84,True
request_29,user_29,2025-11-04,72,2026-01-15,37962.84,0.0,0.0,28300.0,9662.84,True
request_29,user_29,2025-11-04,73,2026-01-16,36352.35,0.0,1610.49,28300.0,8052.35,True
request_29,user_29,2025-11-04,74,2026-01-17,36352.35,0.0,0.0,28300.0,8052.35,True
request_29,user_29,2025-11-04,75,2026-01-18,36352.35,0.0,0.0,28300.0,8052.35,True
request_29,user_29,2025-11-04,76,2026-01-19,34701.29,0.0,1651.06,28300.0,6401.29,True
request_29,user_29,2025-11-04,77,2026-01-20,33019.21,0.0,1682.08,28300.0,4719.21,True
request_29,user_29,2025-11-04,78,2026-01-21,33019.21,0.0,0.0,28300.0,4719.21,True
request_29,user_29,2025-11-04,79,2026-01-22,33019.21,0.0,0.0,28300.0,4719.21,True
request_29,user_29,2025-11-04,80,2026-01-23,33019.21,0.0,0.0,28300.0,4719.21,True
request_29,user_29,2025-11-04,81,2026-01-24,33019.21,0.0,0.0,28300.0,4719.21,True
request_29,user_29,2025-11-04,82,2026-01-25,33019.21,0.0,0.0,28300.0,4719.21,True
request_29,user_29,2025-11-04,83,2026-01-26,31408.72,0.0,1610.49,28300.0,3108.72,True
request_29,user_29,2025-11-04,84,2026-01-27,31408.72,0.0,0.0,28300.0,3108.72,True
request_29,user_29,2025-11-04,85,2026-01-28,31408.72,0.0,0.0,28300.0,3108.72,True
request_29,user_29,2025-11-04,86,2026-01-29,31408.72,0.0,0.0,28300.0,3108.72,True
request_29,user_29,2025-11-04,87,2026-01-30,31408.72,0.0,0.0,28300.0,3108.72,True
request_29,user_29,2025-11-04,88,2026-01-31,31408.72,0.0,0.0,28300.0,3108.72,True
request_29,user_29,2025-11-04,89,2026-02-01,31408.72,0.0,0.0,28300.0,3108.72,True
request_29,user_29,2025-11-04,90,2026-02-02,29757.66,0.0,1651.06,28300.0,1457.66,True
request_30,user_30,2026-04-06,0,2026-04-06,3752.72,0.0,0.0,900.0,2852.72,True
request_30,user_30,2026-04-06,1,2026-04-07,3662.83,0.0,89.89,900.0,2762.83,True
request_30,user_30,2026-04-06,2,2026-04-08,4084.62,421.79,0.0,900.0,3184.62,True
request_30,user_30,2026-04-06,3,2026-04-09,4084.62,0.0,0.0,900.0,3184.62,True
request_30,user_30,2026-04-06,4,2026-04-10,4004.19,0.0,80.43,900.0,3104.19,True
request_30,user_30,2026-04-06,5,2026-04-11,4004.19,0.0,0.0,900.0,3104.19,True
request_30,user_30,2026-04-06,6,2026-04-12,4004.19,0.0,0.0,900.0,3104.19,True
request_30,user_30,2026-04-06,7,2026-04-13,3997.19,0.0,7.0,900.0,3097.19,True
request_30,user_30,2026-04-06,8,2026-04-14,3997.19,0.0,0.0,900.0,3097.19,True
request_30,user_30,2026-04-06,9,2026-04-15,3997.19,0.0,0.0,900.0,3097.19,True
request_30,user_30,2026-04-06,10,2026-04-16,3997.19,0.0,0.0,900.0,3097.19,True
request_30,user_30,2026-04-06,11,2026-04-17,3997.19,0.0,0.0,900.0,3097.19,True
request_30,user_30,2026-04-06,12,2026-04-18,3997.19,0.0,0.0,900.0,3097.19,True
request_30,user_30,2026-04-06,13,2026-04-19,3997.19,0.0,0.0,900.0,3097.19,True
request_30,user_30,2026-04-06,14,2026-04-20,3907.68,0.0,89.51,900.0,3007.68,True
request_30,user_30,2026-04-06,15,2026-04-21,3851.76,0.0,55.92,900.0,2951.76,True
request_30,user_30,2026-04-06,16,2026-04-22,3851.76,0.0,0.0,900.0,2951.76,True
request_30,user_30,2026-04-06,17,2026-04-23,3851.76,0.0,0.0,900.0,2951.76,True
request_30,user_30,2026-04-06,18,2026-04-24,3851.76,0.0,0.0,900.0,2951.76,True
request_30,user_30,2026-04-06,19,2026-04-25,3851.76,0.0,0.0,900.0,2951.76,True
request_30,user_30,2026-04-06,20,2026-04-26,3851.76,0.0,0.0,900.0,2951.76,True
request_30,user_30,2026-04-06,21,2026-04-27,3851.76,0.0,0.0,900.0,2951.76,True
request_30,user_30,2026-04-06,22,2026-04-28,3851.76,0.0,0.0,900.0,2951.76,True
request_30,user_30,2026-04-06,23,2026-04-29,3851.76,0.0,0.0,900.0,2951.76,True
request_30,user_30,2026-04-06,24,2026-04-30,3806.33,0.0,45.43,900.0,2906.33,True
request_30,user_30,2026-04-06,25,2026-05-01,3806.33,0.0,0.0,900.0,2906.33,True
request_30,user_30,2026-04-06,26,2026-05-02,3806.33,0.0,0.0,900.0,2906.33,True
request_30,user_30,2026-04-06,27,2026-05-03,3410.33,0.0,396.0,900.0,2510.33,True
request_30,user_30,2026-04-06,28,2026-05-04,3410.33,0.0,0.0,900.0,2510.33,True
request_30,user_30,2026-04-06,29,2026-05-05,3410.33,0.0,0.0,900.0,2510.33,True
request_30,user_30,2026-04-06,30,2026-05-06,3410.33,0.0,0.0,900.0,2510.33,True
request_30,user_30,2026-04-06,31,2026-05-07,3320.44,0.0,89.89,900.0,2420.44,True
request_30,user_30,2026-04-06,32,2026-05-08,3742.23,421.79,0.0,900.0,2842.23,True
request_30,user_30,2026-04-06,33,2026-05-09,3742.23,0.0,0.0,900.0,2842.23,True
request_30,user_30,2026-04-06,34,2026-05-10,3661.8,0.0,80.43,900.0,2761.8,True
request_30,user_30,2026-04-06,35,2026-05-11,3617.72,0.0,44.08,900.0,2717.72,True
request_30,user_30,2026-04-06,36,2026-05-12,3561.8,0.0,55.92,900.0,2661.8,True
request_30,user_30,2026-04-06,37,2026-05-13,3554.8,0.0,7.0,900.0,2654.8,True
request_30,user_30,2026-04-06,38,2026-05-14,3554.8,0.0,0.0,900.0,2654.8,True
request_30,user_30,2026-04-06,39,2026-05-15,3554.8,0.0,0.0,900.0,2654.8,True
request_30,user_30,2026-04-06,40,2026-05-16,3554.8,0.0,0.0,900.0,2654.8,True
request_30,user_30,2026-04-06,41,2026-05-17,3554.8,0.0,0.0,900.0,2654.8,True
request_30,user_30,2026-04-06,42,2026-05-18,3554.8,0.0,0.0,900.0,2654.8,True
request_30,user_30,2026-04-06,43,2026-05-19,3554.8,0.0,0.0,900.0,2654.8,True
request_30,user_30,2026-04-06,44,2026-05-20,3509.37,0.0,45.43,900.0,2609.37,True
request_30,user_30,2026-04-06,45,2026-05-21,3509.37,0.0,0.0,900.0,2609.37,True
request_30,user_30,2026-04-06,46,2026-05-22,3509.37,0.0,0.0,900.0,2609.37,True
request_30,user_30,2026-04-06,47,2026-05-23,3509.37,0.0,0.0,900.0,2609.37,True
request_30,user_30,2026-04-06,48,2026-05-24,3509.37,0.0,0.0,900.0,2609.37,True
request_30,user_30,2026-04-06,49,2026-05-25,3509.37,0.0,0.0,900.0,2609.37,True
request_30,user_30,2026-04-06,50,2026-05-26,3509.37,0.0,0.0,900.0,2609.37,True
request_30,user_30,2026-04-06,51,2026-05-27,3509.37,0.0,0.0,900.0,2609.37,True
request_30,user_30,2026-04-06,52,2026-05-28,3509.37,0.0,0.0,900.0,2609.37,True
request_30,user_30,2026-04-06,53,2026-05-29,3509.37,0.0,0.0,900.0,2609.37,True
request_30,user_30,2026-04-06,54,2026-05-30,3463.94,0.0,45.43,900.0,2563.94,True
request_30,user_30,2026-04-06,55,2026-05-31,3463.94,0.0,0.0,900.0,2563.94,True
request_30,user_30,2026-04-06,56,2026-06-01,3419.86,0.0,44.08,900.0,2519.86,True
request_30,user_30,2026-04-06,57,2026-06-02,3363.94,0.0,55.92,900.0,2463.94,True
request_30,user_30,2026-04-06,58,2026-06-03,2967.94,0.0,396.0,900.0,2067.94,True
request_30,user_30,2026-04-06,59,2026-06-04,2967.94,0.0,0.0,900.0,2067.94,True
request_30,user_30,2026-04-06,60,2026-06-05,2967.94,0.0,0.0,900.0,2067.94,True
request_30,user_30,2026-04-06,61,2026-06-06,2967.94,0.0,0.0,900.0,2067.94,True
request_30,user_30,2026-04-06,62,2026-06-07,2878.05,0.0,89.89,900.0,1978.05,True
request_30,user_30,2026-04-06,63,2026-06-08,3299.84,421.79,0.0,900.0,2399.84,True
request_30,user_30,2026-04-06,64,2026-06-09,3254.41,0.0,45.43,900.0,2354.41,True
request_30,user_30,2026-04-06,65,2026-06-10,3219.41,0.0,35.0,900.0,2319.41,True
request_30,user_30,2026-04-06,66,2026-06-11,3219.41,0.0,0.0,900.0,2319.41,True
request_30,user_30,2026-04-06,67,2026-06-12,3219.41,0.0,0.0,900.0,2319.41,True
request_30,user_30,2026-04-06,68,2026-06-13,3212.41,0.0,7.0,900.0,2312.41,True
request_30,user_30,2026-04-06,69,2026-06-14,3212.41,0.0,0.0,900.0,2312.41,True
request_30,user_30,2026-04-06,70,2026-06-15,3212.41,0.0,0.0,900.0,2312.41,True
request_30,user_30,2026-04-06,71,2026-06-16,3212.41,0.0,0.0,900.0,2312.41,True
request_30,user_30,2026-04-06,72,2026-06-17,3212.41,0.0,0.0,900.0,2312.41,True
request_30,user_30,2026-04-06,73,2026-06-18,3212.41,0.0,0.0,900.0,2312.41,True
request_30,user_30,2026-04-06,74,2026-06-19,3166.98,0.0,45.43,900.0,2266.98,True
request_30,user_30,2026-04-06,75,2026-06-20,3166.98,0.0,0.0,900.0,2266.98,True
request_30,user_30,2026-04-06,76,2026-06-21,3166.98,0.0,0.0,900.0,2266.98,True
request_30,user_30,2026-04-06,77,2026-06-22,3122.9,0.0,44.08,900.0,2222.9,True
request_30,user_30,2026-04-06,78,2026-06-23,3066.98,0.0,55.92,900.0,2166.98,True
request_30,user_30,2026-04-06,79,2026-06-24,3066.98,0.0,0.0,900.0,2166.98,True
request_30,user_30,2026-04-06,80,2026-06-25,3066.98,0.0,0.0,900.0,2166.98,True
request_30,user_30,2026-04-06,81,2026-06-26,3066.98,0.0,0.0,900.0,2166.98,True
request_30,user_30,2026-04-06,82,2026-06-27,3066.98,0.0,0.0,900.0,2166.98,True
request_30,user_30,2026-04-06,83,2026-06-28,3066.98,0.0,0.0,900.0,2166.98,True
request_30,user_30,2026-04-06,84,2026-06-29,3021.55,0.0,45.43,900.0,2121.55,True
request_30,user_30,2026-04-06,85,2026-06-30,3021.55,0.0,0.0,900.0,2121.55,True
request_30,user_30,2026-04-06,86,2026-07-01,3021.55,0.0,0.0,900.0,2121.55,True
request_30,user_30,2026-04-06,87,2026-07-02,3021.55,0.0,0.0,900.0,2121.55,True
request_30,user_30,2026-04-06,88,2026-07-03,2625.55,0.0,396.0,900.0,1725.55,True
request_30,user_30,2026-04-06,89,2026-07-04,2625.55,0.0,0.0,900.0,1725.55,True
request_30,user_30,2026-04-06,90,2026-07-05,2625.55,0.0,0.0,900.0,1725.55,True
request_31,user_31,2024-09-03,0,2024-09-03,29766712.3,0.0,662547.7,16588900.0,13177812.3,True
request_31,user_31,2024-09-03,1,2024-09-04,23114718.75,0.0,6651993.55,16588900.0,6525818.75,True
request_31,user_31,2024-09-03,2,2024-09-05,23114718.75,0.0,0.0,16588900.0,6525818.75,True
request_31,user_31,2024-09-03,3,2024-09-06,23114718.75,0.0,0.0,16588900.0,6525818.75,True
request_31,user_31,2024-09-03,4,2024-09-07,22529424.93,0.0,585293.82,16588900.0,5940524.93,True
request_31,user_31,2024-09-03,5,2024-09-08,21316384.29,0.0,1213040.64,16588900.0,4727484.29,True
request_31,user_31,2024-09-03,6,2024-09-09,21316384.29,0.0,0.0,16588900.0,4727484.29,True
request_31,user_31,2024-09-03,7,2024-09-10,20653836.59,0.0,662547.7,16588900.0,4064936.59,True
request_31,user_31,2024-09-03,8,2024-09-11,20081843.04,0.0,571993.55,16588900.0,3492943.04,True
request_31,user_31,2024-09-03,9,2024-09-12,19606843.04,0.0,475000.0,16588900.0,3017943.04,True
request_31,user_31,2024-09-03,10,2024-09-13,19483343.04,0.0,123500.0,16588900.0,2894443.04,True
request_31,user_31,2024-09-03,11,2024-09-14,19483343.04,0.0,0.0,16588900.0,2894443.04,True
request_31,user_31,2024-09-03,12,2024-09-15,39130293.04,19972800.0,325850.0,16588900.0,22541393.04,True
request_31,user_31,2024-09-03,13,2024-09-16,38762819.03,0.0,367474.01,16588900.0,22173919.03,True
request_31,user_31,2024-09-03,14,2024-09-17,38100271.33,0.0,662547.7,16588900.0,21511371.33,True
request_31,user_31,2024-09-03,15,2024-09-18,37528277.78,0.0,571993.55,16588900.0,20939377.78,True
request_31,user_31,2024-09-03,16,2024-09-19,37528277.78,0.0,0.0,16588900.0,20939377.78,True
request_31,user_31,2024-09-03,17,2024-09-20,37528277.78,0.0,0.0,16588900.0,20939377.78,True
request_31,user_31,2024-09-03,18,2024-09-21,36942983.96,0.0,585293.82,16588900.0,20354083.96,True
request_31,user_31,2024-09-03,19,2024-09-22,36942983.96,0.0,0.0,16588900.0,20354083.96,True
request_31,user_31,2024-09-03,20,2024-09-23,36942983.96,0.0,0.0,16588900.0,20354083.96,True
request_31,user_31,2024-09-03,21,2024-09-24,36280436.26,0.0,662547.7,16588900.0,19691536.26,True
request_31,user_31,2024-09-03,22,2024-09-25,35708442.71,0.0,571993.55,16588900.0,19119542.71,True
request_31,user_31,2024-09-03,23,2024-09-26,35708442.71,0.0,0.0,16588900.0,19119542.71,True
request_31,user_31,2024-09-03,24,2024-09-27,35708442.71,0.0,0.0,16588900.0,19119542.71,True
request_31,user_31,2024-09-03,25,2024-09-28,35708442.71,0.0,0.0,16588900.0,19119542.71,True
request_31,user_31,2024-09-03,26,2024-09-29,35708442.71,0.0,0.0,16588900.0,19119542.71,True
request_31,user_31,2024-09-03,27,2024-09-30,35708442.71,0.0,0.0,16588900.0,19119542.71,True
request_31,user_31,2024-09-03,28,2024-10-01,35045895.01,0.0,662547.7,16588900.0,18456995.01,True
request_31,user_31,2024-09-03,29,2024-10-02,34473901.46,0.0,571993.55,16588900.0,17885001.46,True
request_31,user_31,2024-09-03,30,2024-10-03,34473901.46,0.0,0.0,16588900.0,17885001.46,True
request_31,user_31,2024-09-03,31,2024-10-04,28393901.46,0.0,6080000.0,16588900.0,11805001.46,True
request_31,user_31,2024-09-03,32,2024-10-05,27808607.64,0.0,585293.82,16588900.0,11219707.64,True
request_31,user_31,2024-09-03,33,2024-10-06,27808607.64,0.0,0.0,16588900.0,11219707.64,True
request_31,user_31,2024-09-03,34,2024-10-07,27808607.64,0.0,0.0,16588900.0,11219707.64,True
request_31,user_31,2024-09-03,35,2024-10-08,25933019.3,0.0,1875588.34,16588900.0,9344119.3,True
request_31,user_31,2024-09-03,36,2024-10-09,25361025.75,0.0,571993.55,16588900.0,8772125.75,True
request_31,user_31,2024-09-03,37,2024-10-10,25361025.75,0.0,0.0,16588900.0,8772125.75,True
request_31,user_31,2024-09-03,38,2024-10-11,25361025.75,0.0,0.0,16588900.0,8772125.75,True
request_31,user_31,2024-09-03,39,2024-10-12,24886025.75,0.0,475000.0,16588900.0,8297125.75,True
request_31,user_31,2024-09-03,40,2024-10-13,24762525.75,0.0,123500.0,16588900.0,8173625.75,True
request_31,user_31,2024-09-03,41,2024-10-14,24762525.75,0.0,0.0,16588900.0,8173625.75,True
request_31,user_31,2024-09-03,42,2024-10-15,43746928.05,19972800.0,988397.7,16588900.0,27158028.05,True
request_31,user_31,2024-09-03,43,2024-10-16,42807460.49,0.0,939467.56,16588900.0,26218560.49,True
request_31,user_31,2024-09-03,44,2024-10-17,42807460.49,0.0,0.0,16588900.0,26218560.49,True
request_31,user_31,2024-09-03,45,2024-10-18,42807460.49,0.0,0.0,16588900.0,26218560.49,True
request_31,user_31,2024-09-03,46,2024-10-19,42222166.67,0.0,585293.82,16588900.0,25633266.67,True
request_31,user_31,2024-09-03,47,2024-10-20,42222166.67,0.0,0.0,16588900.0,25633266.67,True
request_31,user_31,2024-09-03,48,2024-10-21,42222166.67,0.0,0.0,16588900.0,25633266.67,True
request_31,user_31,2024-09-03,49,2024-10-22,41559618.97,0.0,662547.7,16588900.0,24970718.97,True
request_31,user_31,2024-09-03,50,2024-10-23,40987625.42,0.0,571993.55,16588900.0,24398725.42,True
request_31,user_31,2024-09-03,51,2024-10-24,40987625.42,0.0,0.0,16588900.0,24398725.42,True
request_31,user_31,2024-09-03,52,2024-10-25,40987625.42,0.0,0.0,16588900.0,24398725.42,True
request_31,user_31,2024-09-03,53,2024-10-26,40987625.42,0.0,0.0,16588900.0,24398725.42,True
request_31,user_31,2024-09-03,54,2024-10-27,40987625.42,0.0,0.0,16588900.0,24398725.42,True
request_31,user_31,2024-09-03,55,2024-10-28,40987625.42,0.0,0.0,16588900.0,24398725.42,True
request_31,user_31,2024-09-03,56,2024-10-29,40325077.72,0.0,662547.7,16588900.0,23736177.72,True
request_31,user_31,2024-09-03,57,2024-10-30,39753084.17,0.0,571993.55,16588900.0,23164184.17,True
request_31,user_31,2024-09-03,58,2024-10-31,39753084.17,0.0,0.0,16588900.0,23164184.17,True
request_31,user_31,2024-09-03,59,2024-11-01,39753084.17,0.0,0.0,16588900.0,23164184.17,True
request_31,user_31,2024-09-03,60,2024-11-02,39167790.35,0.0,585293.82,16588900.0,22578890.35,True
request_31,user_31,2024-09-03,61,2024-11-03,39167790.35,0.0,0.0,16588900.0,22578890.35,True
request_31,user_31,2024-09-03,62,2024-11-04,33087790.35,0.0,6080000.0,16588900.0,16498890.35,True
request_31,user_31,2024-09-03,63,2024-11-05,32425242.65,0.0,662547.7,16588900.0,15836342.65,True
request_31,user_31,2024-09-03,64,2024-11-06,31853249.1,0.0,571993.55,16588900.0,15264349.1,True
request_31,user_31,2024-09-03,65,2024-11-07,31853249.1,0.0,0.0,16588900.0,15264349.1,True
request_31,user_31,2024-09-03,66,2024-11-08,30640208.46,0.0,1213040.64,16588900.0,14051308.46,True
request_31,user_31,2024-09-03,67,2024-11-09,30640208.46,0.0,0.0,16588900.0,14051308.46,True
request_31,user_31,2024-09-03,68,2024-11-10,30640208.46,0.0,0.0,16588900.0,14051308.46,True
request_31,user_31,2024-09-03,69,2024-11-11,30640208.46,0.0,0.0,16588900.0,14051308.46,True
request_31,user_31,2024-09-03,70,2024-11-12,29502660.76,0.0,1137547.7,16588900.0,12913760.76,True
request_31,user_31,2024-09-03,71,2024-11-13,28807167.21,0.0,695493.55,16588900.0,12218267.21,True
request_31,user_31,2024-09-03,72,2024-11-14,28807167.21,0.0,0.0,16588900.0,12218267.21,True
request_31,user_31,2024-09-03,73,2024-11-15,48454117.21,19972800.0,325850.0,16588900.0,31865217.21,True
request_31,user_31,2024-09-03,74,2024-11-16,47501349.38,0.0,952767.83,16588900.0,30912449.38,True
request_31,user_31,2024-09-03,75,2024-11-17,47501349.38,0.0,0.0,16588900.0,30912449.38,True
request_31,user_31,2024-09-03,76,2024-11-18,47501349.38,0.0,0.0,16588900.0,30912449.38,True
request_31,user_31,2024-09-03,77,2024-11-19,46838801.68,0.0,662547.7,16588900.0,30249901.68,True
request_31,user_31,2024-09-03,78,2024-11-20,46266808.13,0.0,571993.55,16588900.0,29677908.13,True
request_31,user_31,2024-09-03,79,2024-11-21,46266808.13,0.0,0.0,16588900.0,29677908.13,True
request_31,user_31,2024-09-03,80,2024-11-22,46266808.13,0.0,0.0,16588900.0,29677908.13,True
request_31,user_31,2024-09-03,81,2024-11-23,46266808.13,0.0,0.0,16588900.0,29677908.13,True
request_31,user_31,2024-09-03,82,2024-11-24,46266808.13,0.0,0.0,16588900.0,29677908.13,True
request_31,user_31,2024-09-03,83,2024-11-25,46266808.13,0.0,0.0,16588900.0,29677908.13,True
request_31,user_31,2024-09-03,84,2024-11-26,45604260.43,0.0,662547.7,16588900.0,29015360.43,True
request_31,user_31,2024-09-03,85,2024-11-27,45032266.88,0.0,571993.55,16588900.0,28443366.88,True
request_31,user_31,2024-09-03,86,2024-11-28,45032266.88,0.0,0.0,16588900.0,28443366.88,True
request_31,user_31,2024-09-03,87,2024-11-29,45032266.88,0.0,0.0,16588900.0,28443366.88,True
request_31,user_31,2024-09-03,88,2024-11-30,44446973.06,0.0,585293.82,16588900.0,27858073.06,True
request_31,user_31,2024-09-03,89,2024-12-01,44446973.06,0.0,0.0,16588900.0,27858073.06,True
request_31,user_31,2024-09-03,90,2024-12-02,44446973.06,0.0,0.0,16588900.0,27858073.06,True
request_32,user_32,2025-02-05,0,2025-02-05,65508.06,0.0,3497.74,35700.0,29808.06,True
request_32,user_32,2025-02-05,1,2025-02-06,65508.06,0.0,0.0,35700.0,29808.06,True
request_32,user_32,2025-02-05,2,2025-02-07,61328.06,0.0,4180.0,35700.0,25628.06,True
request_32,user_32,2025-02-05,3,2025-02-08,61328.06,0.0,0.0,35700.0,25628.06,True
request_32,user_32,2025-02-05,4,2025-02-09,59161.07,0.0,2166.99,35700.0,23461.07,True
request_32,user_32,2025-02-05,5,2025-02-10,52501.74,0.0,6659.33,35700.0,16801.74,True
request_32,user_32,2025-02-05,6,2025-02-11,50772.8,0.0,1728.94,35700.0,15072.8,True
request_32,user_32,2025-02-05,7,2025-02-12,49875.2,0.0,897.6,35700.0,14175.2,True
request_32,user_32,2025-02-05,8,2025-02-13,49875.2,0.0,0.0,35700.0,14175.2,True
request_32,user_32,2025-02-05,9,2025-02-14,49875.2,0.0,0.0,35700.0,14175.2,True
request_32,user_32,2025-02-05,10,2025-02-15,103995.2,54120.0,0.0,35700.0,68295.2,True
request_32,user_32,2025-02-05,11,2025-02-16,101828.21,0.0,2166.99,35700.0,66128.21,True
request_32,user_32,2025-02-05,12,2025-02-17,100198.08,0.0,1630.13,35700.0,64498.08,True
request_32,user_32,2025-02-05,13,2025-02-18,100198.08,0.0,0.0,35700.0,64498.08,True
request_32,user_32,2025-02-05,14,2025-02-19,100198.08,0.0,0.0,35700.0,64498.08,True
request_32,user_32,2025-02-05,15,2025-02-20,100198.08,0.0,0.0,35700.0,64498.08,True
request_32,user_32,2025-02-05,16,2025-02-21,100198.08,0.0,0.0,35700.0,64498.08,True
request_32,user_32,2025-02-05,17,2025-02-22,100198.08,0.0,0.0,35700.0,64498.08,True
request_32,user_32,2025-02-05,18,2025-02-23,98031.09,0.0,2166.99,35700.0,62331.09,True
request_32,user_32,2025-02-05,19,2025-02-24,96400.96,0.0,1630.13,35700.0,60700.96,True
request_32,user_32,2025-02-05,20,2025-02-25,94672.02,0.0,1728.94,35700.0,58972.02,True
request_32,user_32,2025-02-05,21,2025-02-26,94672.02,0.0,0.0,35700.0,58972.02,True
request_32,user_32,2025-02-05,22,2025-02-27,94672.02,0.0,0.0,35700.0,58972.02,True
request_32,user_32,2025-02-05,23,2025-02-28,94672.02,0.0,0.0,35700.0,58972.02,True
request_32,user_32,2025-02-05,24,2025-03-01,79008.02,0.0,15664.0,35700.0,43308.02,True
request_32,user_32,2025-02-05,25,2025-03-02,76841.03,0.0,2166.99,35700.0,41141.03,True
request_32,user_32,2025-02-05,26,2025-03-03,75210.9,0.0,1630.13,35700.0,39510.9,True
request_32,user_32,2025-02-05,27,2025-03-04,75210.9,0.0,0.0,35700.0,39510.9,True
request_32,user_32,2025-02-05,28,2025-03-05,71713.16,0.0,3497.74,35700.0,36013.16,True
request_32,user_32,2025-02-05,29,2025-03-06,71713.16,0.0,0.0,35700.0,36013.16,True
request_32,user_32,2025-02-05,30,2025-03-07,67533.16,0.0,4180.0,35700.0,31833.16,True
request_32,user_32,2025-02-05,31,2025-03-08,67533.16,0.0,0.0,35700.0,31833.16,True
request_32,user_32,2025-02-05,32,2025-03-09,65366.17,0.0,2166.99,35700.0,29666.17,True
request_32,user_32,2025-02-05,33,2025-03-10,58706.84,0.0,6659.33,35700.0,23006.84,True
request_32,user_32,2025-02-05,34,2025-03-11,56977.9,0.0,1728.94,35700.0,21277.9,True
request_32,user_32,2025-02-05,35,2025-03-12,56080.3,0.0,897.6,35700.0,20380.3,True
request_32,user_32,2025-02-05,36,2025-03-13,56080.3,0.0,0.0,35700.0,20380.3,True
request_32,user_32,2025-02-05,37,2025-03-14,56080.3,0.0,0.0,35700.0,20380.3,True
request_32,user_32,2025-02-05,38,2025-03-15,110200.3,54120.0,0.0,35700.0,74500.3,True
request_32,user_32,2025-02-05,39,2025-03-16,108033.31,0.0,2166.99,35700.0,72333.31,True
request_32,user_32,2025-02-05,40,2025-03-17,106403.18,0.0,1630.13,35700.0,70703.18,True
request_32,user_32,2025-02-05,41,2025-03-18,106403.18,0.0,0.0,35700.0,70703.18,True
request_32,user_32,2025-02-05,42,2025-03-19,106403.18,0.0,0.0,35700.0,70703.18,True
request_32,user_32,2025-02-05,43,2025-03-20,106403.18,0.0,0.0,35700.0,70703.18,True
request_32,user_32,2025-02-05,44,2025-03-21,106403.18,0.0,0.0,35700.0,70703.18,True
request_32,user_32,2025-02-05,45,2025-03-22,106403.18,0.0,0.0,35700.0,70703.18,True
request_32,user_32,2025-02-05,46,2025-03-23,104236.19,0.0,2166.99,35700.0,68536.19,True
request_32,user_32,2025-02-05,47,2025-03-24,102606.06,0.0,1630.13,35700.0,66906.06,True
request_32,user_32,2025-02-05,48,2025-03-25,100877.12,0.0,1728.94,35700.0,65177.12,True
request_32,user_32,2025-02-05,49,2025-03-26,100877.12,0.0,0.0,35700.0,65177.12,True
request_32,user_32,2025-02-05,50,2025-03-27,100877.12,0.0,0.0,35700.0,65177.12,True
request_32,user_32,2025-02-05,51,2025-03-28,100877.12,0.0,0.0,35700.0,65177.12,True
request_32,user_32,2025-02-05,52,2025-03-29,100877.12,0.0,0.0,35700.0,65177.12,True
request_32,user_32,2025-02-05,53,2025-03-30,98710.13,0.0,2166.99,35700.0,63010.13,True
request_32,user_32,2025-02-05,54,2025-03-31,97080.0,0.0,1630.13,35700.0,61380.0,True
request_32,user_32,2025-02-05,55,2025-04-01,81416.0,0.0,15664.0,35700.0,45716.0,True
request_32,user_32,2025-02-05,56,2025-04-02,81416.0,0.0,0.0,35700.0,45716.0,True
request_32,user_32,2025-02-05,57,2025-04-03,81416.0,0.0,0.0,35700.0,45716.0,True
request_32,user_32,2025-02-05,58,2025-04-04,81416.0,0.0,0.0,35700.0,45716.0,True
request_32,user_32,2025-02-05,59,2025-04-05,77918.26,0.0,3497.74,35700.0,42218.26,True
request_32,user_32,2025-02-05,60,2025-04-06,75751.27,0.0,2166.99,35700.0,40051.27,True
request_32,user_32,2025-02-05,61,2025-04-07,69941.14,0.0,5810.13,35700.0,34241.14,True
request_32,user_32,2025-02-05,62,2025-04-08,68212.2,0.0,1728.94,35700.0,32512.2,True
request_32,user_32,2025-02-05,63,2025-04-09,68212.2,0.0,0.0,35700.0,32512.2,True
request_32,user_32,2025-02-05,64,2025-04-10,63183.0,0.0,5029.2,35700.0,27483.0,True
request_32,user_32,2025-02-05,65,2025-04-11,63183.0,0.0,0.0,35700.0,27483.0,True
request_32,user_32,2025-02-05,66,2025-04-12,62285.4,0.0,897.6,35700.0,26585.4,True
request_32,user_32,2025-02-05,67,2025-04-13,60118.41,0.0,2166.99,35700.0,24418.41,True
request_32,user_32,2025-02-05,68,2025-04-14,58488.28,0.0,1630.13,35700.0,22788.28,True
request_32,user_32,2025-02-05,69,2025-04-15,112608.28,54120.0,0.0,35700.0,76908.28,True
request_32,user_32,2025-02-05,70,2025-04-16,112608.28,0.0,0.0,35700.0,76908.28,True
request_32,user_32,2025-02-05,71,2025-04-17,112608.28,0.0,0.0,35700.0,76908.28,True
request_32,user_32,2025-02-05,72,2025-04-18,112608.28,0.0,0.0,35700.0,76908.28,True
request_32,user_32,2025-02-05,73,2025-04-19,112608.28,0.0,0.0,35700.0,76908.28,True
request_32,user_32,2025-02-05,74,2025-04-20,110441.29,0.0,2166.99,35700.0,74741.29,True
request_32,user_32,2025-02-05,75,2025-04-21,108811.16,0.0,1630.13,35700.0,73111.16,True
request_32,user_32,2025-02-05,76,2025-04-22,107082.22,0.0,1728.94,35700.0,71382.22,True
request_32,user_32,2025-02-05,77,2025-04-23,107082.22,0.0,0.0,35700.0,71382.22,True
request_32,user_32,2025-02-05,78,2025-04-24,107082.22,0.0,0.0,35700.0,71382.22,True
request_32,user_32,2025-02-05,79,2025-04-25,107082.22,0.0,0.0,35700.0,71382.22,True
request_32,user_32,2025-02-05,80,2025-04-26,107082.22,0.0,0.0,35700.0,71382.22,True
request_32,user_32,2025-02-05,81,2025-04-27,104915.23,0.0,2166.99,35700.0,69215.23,True
request_32,user_32,2025-02-05,82,2025-04-28,103285.1,0.0,1630.13,35700.0,67585.1,True
request_32,user_32,2025-02-05,83,2025-04-29,103285.1,0.0,0.0,35700.0,67585.1,True
request_32,user_32,2025-02-05,84,2025-04-30,103285.1,0.0,0.0,35700.0,67585.1,True
request_32,user_32,2025-02-05,85,2025-05-01,87621.1,0.0,15664.0,35700.0,51921.1,True
request_32,user_32,2025-02-05,86,2025-05-02,87621.1,0.0,0.0,35700.0,51921.1,True
request_32,user_32,2025-02-05,87,2025-05-03,87621.1,0.0,0.0,35700.0,51921.1,True
request_32,user_32,2025-02-05,88,2025-05-04,85454.11,0.0,2166.99,35700.0,49754.11,True
request_32,user_32,2025-02-05,89,2025-05-05,80326.24,0.0,5127.87,35700.0,44626.24,True
request_32,user_32,2025-02-05,90,2025-05-06,78597.3,0.0,1728.94,35700.0,42897.3,True
request_33,user_33,2026-01-07,0,2026-01-07,155922.54,0.0,11357.46,102100.0,53822.54,True
request_33,user_33,2026-01-07,1,2026-01-08,155922.54,0.0,0.0,102100.0,53822.54,True
request_33,user_33,2026-01-07,2,2026-01-09,152652.54,0.0,3270.0,102100.0,50552.54,True
request_33,user_33,2026-01-07,3,2026-01-10,152652.54,0.0,0.0,102100.0,50552.54,True
request_33,user_33,2026-01-07,4,2026-01-11,150245.1,0.0,2407.44,102100.0,48145.1,True
request_33,user_33,2026-01-07,5,2026-01-12,149525.1,0.0,720.0,102100.0,47425.1,True
request_33,user_33,2026-01-07,6,2026-01-13,149525.1,0.0,0.0,102100.0,47425.1,True
request_33,user_33,2026-01-07,7,2026-01-14,139887.88,0.0,9637.22,102100.0,37787.88,True
request_33,user_33,2026-01-07,8,2026-01-15,289887.88,150000.0,0.0,102100.0,187787.88,True
request_33,user_33,2026-01-07,9,2026-01-16,285485.44,0.0,4402.44,102100.0,183385.44,True
request_33,user_33,2026-01-07,10,2026-01-17,285485.44,0.0,0.0,102100.0,183385.44,True
request_33,user_33,2026-01-07,11,2026-01-18,285485.44,0.0,0.0,102100.0,183385.44,True
request_33,user_33,2026-01-07,12,2026-01-19,285485.44,0.0,0.0,102100.0,183385.44,True
request_33,user_33,2026-01-07,13,2026-01-20,285485.44,0.0,0.0,102100.0,183385.44,True
request_33,user_33,2026-01-07,14,2026-01-21,277340.54,0.0,8144.9,102100.0,175240.54,True
request_33,user_33,2026-01-07,15,2026-01-22,277340.54,0.0,0.0,102100.0,175240.54,True
request_33,user_33,2026-01-07,16,2026-01-23,277340.54,0.0,0.0,102100.0,175240.54,True
request_33,user_33,2026-01-07,17,2026-01-24,277340.54,0.0,0.0,102100.0,175240.54,True
request_33,user_33,2026-01-07,18,2026-01-25,277340.54,0.0,0.0,102100.0,175240.54,True
request_33,user_33,2026-01-07,19,2026-01-26,272938.1,0.0,4402.44,102100.0,170838.1,True
request_33,user_33,2026-01-07,20,2026-01-27,272938.1,0.0,0.0,102100.0,170838.1,True
request_33,user_33,2026-01-07,21,2026-01-28,267200.64,0.0,5737.46,102100.0,165100.64,True
request_33,user_33,2026-01-07,22,2026-01-29,267200.64,0.0,0.0,102100.0,165100.64,True
request_33,user_33,2026-01-07,23,2026-01-30,267200.64,0.0,0.0,102100.0,165100.64,True
request_33,user_33,2026-01-07,24,2026-01-31,264793.2,0.0,2407.44,102100.0,162693.2,True
request_33,user_33,2026-01-07,25,2026-02-01,264793.2,0.0,0.0,102100.0,162693.2,True
request_33,user_33,2026-01-07,26,2026-02-02,222893.2,0.0,41900.0,102100.0,120793.2,True
request_33,user_33,2026-01-07,27,2026-02-03,222893.2,0.0,0.0,102100.0,120793.2,True
request_33,user_33,2026-01-07,28,2026-02-04,217155.74,0.0,5737.46,102100.0,115055.74,True
request_33,user_33,2026-01-07,29,2026-02-05,212753.3,0.0,4402.44,102100.0,110653.3,True
request_33,user_33,2026-01-07,30,2026-02-06,205825.56,0.0,6927.74,102100.0,103725.56,True
request_33,user_33,2026-01-07,31,2026-02-07,200205.56,0.0,5620.0,102100.0,98105.56,True
request_33,user_33,2026-01-07,32,2026-02-08,200205.56,0.0,0.0,102100.0,98105.56,True
request_33,user_33,2026-01-07,33,2026-02-09,196935.56,0.0,3270.0,102100.0,94835.56,True
request_33,user_33,2026-01-07,34,2026-02-10,194528.12,0.0,2407.44,102100.0,92428.12,True
request_33,user_33,2026-01-07,35,2026-02-11,188790.66,0.0,5737.46,102100.0,86690.66,True
request_33,user_33,2026-01-07,36,2026-02-12,188070.66,0.0,720.0,102100.0,85970.66,True
request_33,user_33,2026-01-07,37,2026-02-13,188070.66,0.0,0.0,102100.0,85970.66,True
request_33,user_33,2026-01-07,38,2026-02-14,184170.9,0.0,3899.76,102100.0,82070.9,True
request_33,user_33,2026-01-07,39,2026-02-15,329768.46,150000.0,4402.44,102100.0,227668.46,True
request_33,user_33,2026-01-07,40,2026-02-16,329768.46,0.0,0.0,102100.0,227668.46,True
request_33,user_33,2026-01-07,41,2026-02-17,329768.46,0.0,0.0,102100.0,227668.46,True
request_33,user_33,2026-01-07,42,2026-02-18,324031.0,0.0,5737.46,102100.0,221931.0,True
request_33,user_33,2026-01-07,43,2026-02-19,324031.0,0.0,0.0,102100.0,221931.0,True
request_33,user_33,2026-01-07,44,2026-02-20,321623.56,0.0,2407.44,102100.0,219523.56,True
request_33,user_33,2026-01-07,45,2026-02-21,321623.56,0.0,0.0,102100.0,219523.56,True
request_33,user_33,2026-01-07,46,2026-02-22,321623.56,0.0,0.0,102100.0,219523.56,True
request_33,user_33,2026-01-07,47,2026-02-23,321623.56,0.0,0.0,102100.0,219523.56,True
request_33,user_33,2026-01-07,48,2026-02-24,321623.56,0.0,0.0,102100.0,219523.56,True
request_33,user_33,2026-01-07,49,2026-02-25,311483.66,0.0,10139.9,102100.0,209383.66,True
request_33,user_33,2026-01-07,50,2026-02-26,311483.66,0.0,0.0,102100.0,209383.66,True
request_33,user_33,2026-01-07,51,2026-02-27,311483.66,0.0,0.0,102100.0,209383.66,True
request_33,user_33,2026-01-07,52,2026-02-28,311483.66,0.0,0.0,102100.0,209383.66,True
request_33,user_33,2026-01-07,53,2026-03-01,311483.66,0.0,0.0,102100.0,209383.66,True
request_33,user_33,2026-01-07,54,2026-03-02,267176.22,0.0,44307.44,102100.0,165076.22,True
request_33,user_33,2026-01-07,55,2026-03-03,267176.22,0.0,0.0,102100.0,165076.22,True
request_33,user_33,2026-01-07,56,2026-03-04,261438.76,0.0,5737.46,102100.0,159338.76,True
request_33,user_33,2026-01-07,57,2026-03-05,261438.76,0.0,0.0,102100.0,159338.76,True
request_33,user_33,2026-01-07,58,2026-03-06,254511.02,0.0,6927.74,102100.0,152411.02,True
request_33,user_33,2026-01-07,59,2026-03-07,244488.58,0.0,10022.44,102100.0,142388.58,True
request_33,user_33,2026-01-07,60,2026-03-08,244488.58,0.0,0.0,102100.0,142388.58,True
request_33,user_33,2026-01-07,61,2026-03-09,241218.58,0.0,3270.0,102100.0,139118.58,True
request_33,user_33,2026-01-07,62,2026-03-10,241218.58,0.0,0.0,102100.0,139118.58,True
request_33,user_33,2026-01-07,63,2026-03-11,235481.12,0.0,5737.46,102100.0,133381.12,True
request_33,user_33,2026-01-07,64,2026-03-12,232353.68,0.0,3127.44,102100.0,130253.68,True
request_33,user_33,2026-01-07,65,2026-03-13,232353.68,0.0,0.0,102100.0,130253.68,True
request_33,user_33,2026-01-07,66,2026-03-14,228453.92,0.0,3899.76,102100.0,126353.92,True
request_33,user_33,2026-01-07,67,2026-03-15,378453.92,150000.0,0.0,102100.0,276353.92,True
request_33,user_33,2026-01-07,68,2026-03-16,378453.92,0.0,0.0,102100.0,276353.92,True
request_33,user_33,2026-01-07,69,2026-03-17,374051.48,0.0,4402.44,102100.0,271951.48,True
request_33,user_33,2026-01-07,70,2026-03-18,368314.02,0.0,5737.46,102100.0,266214.02,True
request_33,user_33,2026-01-07,71,2026-03-19,368314.02,0.0,0.0,102100.0,266214.02,True
request_33,user_33,2026-01-07,72,2026-03-20,368314.02,0.0,0.0,102100.0,266214.02,True
request_33,user_33,2026-01-07,73,2026-03-21,368314.02,0.0,0.0,102100.0,266214.02,True
request_33,user_33,2026-01-07,74,2026-03-22,365906.58,0.0,2407.44,102100.0,263806.58,True
request_33,user_33,2026-01-07,75,2026-03-23,365906.58,0.0,0.0,102100.0,263806.58,True
request_33,user_33,2026-01-07,76,2026-03-24,365906.58,0.0,0.0,102100.0,263806.58,True
request_33,user_33,2026-01-07,77,2026-03-25,360169.12,0.0,5737.46,102100.0,258069.12,True
request_33,user_33,2026-01-07,78,2026-03-26,360169.12,0.0,0.0,102100.0,258069.12,True
request_33,user_33,2026-01-07,79,2026-03-27,355766.68,0.0,4402.44,102100.0,253666.68,True
request_33,user_33,2026-01-07,80,2026-03-28,355766.68,0.0,0.0,102100.0,253666.68,True
request_33,user_33,2026-01-07,81,2026-03-29,355766.68,0.0,0.0,102100.0,253666.68,True
request_33,user_33,2026-01-07,82,2026-03-30,355766.68,0.0,0.0,102100.0,253666.68,True
request_33,user_33,2026-01-07,83,2026-03-31,355766.68,0.0,0.0,102100.0,253666.68,True
request_33,user_33,2026-01-07,84,2026-04-01,347621.78,0.0,8144.9,102100.0,245521.78,True
request_33,user_33,2026-01-07,85,2026-04-02,305721.78,0.0,41900.0,102100.0,203621.78,True
request_33,user_33,2026-01-07,86,2026-04-03,305721.78,0.0,0.0,102100.0,203621.78,True
request_33,user_33,2026-01-07,87,2026-04-04,305721.78,0.0,0.0,102100.0,203621.78,True
request_33,user_33,2026-01-07,88,2026-04-05,305721.78,0.0,0.0,102100.0,203621.78,True
request_33,user_33,2026-01-07,89,2026-04-06,294391.6,0.0,11330.18,102100.0,192291.6,True
request_33,user_33,2026-01-07,90,2026-04-07,288771.6,0.0,5620.0,102100.0,186671.6,True
request_34,user_34,2024-12-04,0,2024-12-04,559752.5,0.0,0.0,138500.0,421252.5,True
request_34,user_34,2024-12-04,1,2024-12-05,559752.5,0.0,0.0,138500.0,421252.5,True
request_34,user_34,2024-12-04,2,2024-12-06,559752.5,0.0,0.0,138500.0,421252.5,True
request_34,user_34,2024-12-04,3,2024-12-07,547621.68,0.0,12130.82,138500.0,409121.68,True
request_34,user_34,2024-12-04,4,2024-12-08,539106.75,0.0,8514.93,138500.0,400606.75,True
request_34,user_34,2024-12-04,5,2024-12-09,539106.75,0.0,0.0,138500.0,400606.75,True
request_34,user_34,2024-12-04,6,2024-12-10,534136.75,0.0,4970.0,138500.0,395636.75,True
request_34,user_34,2024-12-04,7,2024-12-11,534136.75,0.0,0.0,138500.0,395636.75,True
request_34,user_34,2024-12-04,8,2024-12-12,534136.75,0.0,0.0,138500.0,395636.75,True
request_34,user_34,2024-12-04,9,2024-12-13,533526.75,0.0,610.0,138500.0,395026.75,True
request_34,user_34,2024-12-04,10,2024-12-14,533526.75,0.0,0.0,138500.0,395026.75,True
request_34,user_34,2024-12-04,11,2024-12-15,609236.67,75709.92,0.0,138500.0,470736.67,True
request_34,user_34,2024-12-04,12,2024-12-16,609236.67,0.0,0.0,138500.0,470736.67,True
request_34,user_34,2024-12-04,13,2024-12-17,609236.67,0.0,0.0,138500.0,470736.67,True
request_34,user_34,2024-12-04,14,2024-12-18,595569.28,0.0,13667.39,138500.0,457069.28,True
request_34,user_34,2024-12-04,15,2024-12-19,587675.39,0.0,7893.89,138500.0,449175.39,True
request_34,user_34,2024-12-04,16,2024-12-20,587675.39,0.0,0.0,138500.0,449175.39,True
request_34,user_34,2024-12-04,17,2024-12-21,587675.39,0.0,0.0,138500.0,449175.39,True
request_34,user_34,2024-12-04,18,2024-12-22,587675.39,0.0,0.0,138500.0,449175.39,True
request_34,user_34,2024-12-04,19,2024-12-23,587675.39,0.0,0.0,138500.0,449175.39,True
request_34,user_34,2024-12-04,20,2024-12-24,587675.39,0.0,0.0,138500.0,449175.39,True
request_34,user_34,2024-12-04,21,2024-12-25,587675.39,0.0,0.0,138500.0,449175.39,True
request_34,user_34,2024-12-04,22,2024-12-26,587675.39,0.0,0.0,138500.0,449175.39,True
request_34,user_34,2024-12-04,23,2024-12-27,587675.39,0.0,0.0,138500.0,449175.39,True
request_34,user_34,2024-12-04,24,2024-12-28,579160.46,0.0,8514.93,138500.0,440660.46,True
request_34,user_34,2024-12-04,25,2024-12-29,579160.46,0.0,0.0,138500.0,440660.46,True
request_34,user_34,2024-12-04,26,2024-12-30,579160.46,0.0,0.0,138500.0,440660.46,True
request_34,user_34,2024-12-04,27,2024-12-31,579160.46,0.0,0.0,138500.0,440660.46,True
request_34,user_34,2024-12-04,28,2025-01-01,579160.46,0.0,0.0,138500.0,440660.46,True
request_34,user_34,2024-12-04,29,2025-01-02,579160.46,0.0,0.0,138500.0,440660.46,True
request_34,user_34,2024-12-04,30,2025-01-03,527960.46,0.0,51200.0,138500.0,389460.46,True
request_34,user_34,2024-12-04,31,2025-01-04,527960.46,0.0,0.0,138500.0,389460.46,True
request_34,user_34,2024-12-04,32,2025-01-05,527960.46,0.0,0.0,138500.0,389460.46,True
request_34,user_34,2024-12-04,33,2025-01-06,527960.46,0.0,0.0,138500.0,389460.46,True
request_34,user_34,2024-12-04,34,2025-01-07,507314.71,0.0,20645.75,138500.0,368814.71,True
request_34,user_34,2024-12-04,35,2025-01-08,502162.25,0.0,5152.46,138500.0,363662.25,True
request_34,user_34,2024-12-04,36,2025-01-09,494268.36,0.0,7893.89,138500.0,355768.36,True
request_34,user_34,2024-12-04,37,2025-01-10,489298.36,0.0,4970.0,138500.0,350798.36,True
request_34,user_34,2024-12-04,38,2025-01-11,489298.36,0.0,0.0,138500.0,350798.36,True
request_34,user_34,2024-12-04,39,2025-01-12,489298.36,0.0,0.0,138500.0,350798.36,True
request_34,user_34,2024-12-04,40,2025-01-13,488688.36,0.0,610.0,138500.0,350188.36,True
request_34,user_34,2024-12-04,41,2025-01-14,488688.36,0.0,0.0,138500.0,350188.36,True
request_34,user_34,2024-12-04,42,2025-01-15,564398.28,75709.92,0.0,138500.0,425898.28,True
request_34,user_34,2024-12-04,43,2025-01-16,564398.28,0.0,0.0,138500.0,425898.28,True
request_34,user_34,2024-12-04,44,2025-01-17,555883.35,0.0,8514.93,138500.0,417383.35,True
request_34,user_34,2024-12-04,45,2025-01-18,555883.35,0.0,0.0,138500.0,417383.35,True
request_34,user_34,2024-12-04,46,2025-01-19,555883.35,0.0,0.0,138500.0,417383.35,True
request_34,user_34,2024-12-04,47,2025-01-20,555883.35,0.0,0.0,138500.0,417383.35,True
request_34,user_34,2024-12-04,48,2025-01-21,555883.35,0.0,0.0,138500.0,417383.35,True
request_34,user_34,2024-12-04,49,2025-01-22,555883.35,0.0,0.0,138500.0,417383.35,True
request_34,user_34,2024-12-04,50,2025-01-23,555883.35,0.0,0.0,138500.0,417383.35,True
request_34,user_34,2024-12-04,51,2025-01-24,555883.35,0.0,0.0,138500.0,417383.35,True
request_34,user_34,2024-12-04,52,2025-01-25,555883.35,0.0,0.0,138500.0,417383.35,True
request_34,user_34,2024-12-04,53,2025-01-26,555883.35,0.0,0.0,138500.0,417383.35,True
request_34,user_34,2024-12-04,54,2025-01-27,547368.42,0.0,8514.93,138500.0,408868.42,True
request_34,user_34,2024-12-04,55,2025-01-28,547368.42,0.0,0.0,138500.0,408868.42,True
request_34,user_34,2024-12-04,56,2025-01-29,542215.96,0.0,5152.46,138500.0,403715.96,True
request_34,user_34,2024-12-04,57,2025-01-30,534322.07,0.0,7893.89,138500.0,395822.07,True
request_34,user_34,2024-12-04,58,2025-01-31,534322.07,0.0,0.0,138500.0,395822.07,True
request_34,user_34,2024-12-04,59,2025-02-01,534322.07,0.0,0.0,138500.0,395822.07,True
request_34,user_34,2024-12-04,60,2025-02-02,534322.07,0.0,0.0,138500.0,395822.07,True
request_34,user_34,2024-12-04,61,2025-02-03,483122.07,0.0,51200.0,138500.0,344622.07,True
request_34,user_34,2024-12-04,62,2025-02-04,483122.07,0.0,0.0,138500.0,344622.07,True
request_34,user_34,2024-12-04,63,2025-02-05,483122.07,0.0,0.0,138500.0,344622.07,True
request_34,user_34,2024-12-04,64,2025-02-06,474607.14,0.0,8514.93,138500.0,336107.14,True
request_34,user_34,2024-12-04,65,2025-02-07,462476.32,0.0,12130.82,138500.0,323976.32,True
request_34,user_34,2024-12-04,66,2025-02-08,462476.32,0.0,0.0,138500.0,323976.32,True
request_34,user_34,2024-12-04,67,2025-02-09,462476.32,0.0,0.0,138500.0,323976.32,True
request_34,user_34,2024-12-04,68,2025-02-10,457506.32,0.0,4970.0,138500.0,319006.32,True
request_34,user_34,2024-12-04,69,2025-02-11,457506.32,0.0,0.0,138500.0,319006.32,True
request_34,user_34,2024-12-04,70,2025-02-12,457506.32,0.0,0.0,138500.0,319006.32,True
request_34,user_34,2024-12-04,71,2025-02-13,456896.32,0.0,610.0,138500.0,318396.32,True
request_34,user_34,2024-12-04,72,2025-02-14,456896.32,0.0,0.0,138500.0,318396.32,True
request_34,user_34,2024-12-04,73,2025-02-15,532606.24,75709.92,0.0,138500.0,394106.24,True
request_34,user_34,2024-12-04,74,2025-02-16,524091.31,0.0,8514.93,138500.0,385591.31,True
request_34,user_34,2024-12-04,75,2025-02-17,524091.31,0.0,0.0,138500.0,385591.31,True
request_34,user_34,2024-12-04,76,2025-02-18,524091.31,0.0,0.0,138500.0,385591.31,True
request_34,user_34,2024-12-04,77,2025-02-19,518938.85,0.0,5152.46,138500.0,380438.85,True
request_34,user_34,2024-12-04,78,2025-02-20,511044.96,0.0,7893.89,138500.0,372544.96,True
request_34,user_34,2024-12-04,79,2025-02-21,511044.96,0.0,0.0,138500.0,372544.96,True
request_34,user_34,2024-12-04,80,2025-02-22,511044.96,0.0,0.0,138500.0,372544.96,True
request_34,user_34,2024-12-04,81,2025-02-23,511044.96,0.0,0.0,138500.0,372544.96,True
request_34,user_34,2024-12-04,82,2025-02-24,511044.96,0.0,0.0,138500.0,372544.96,True
request_34,user_34,2024-12-04,83,2025-02-25,511044.96,0.0,0.0,138500.0,372544.96,True
request_34,user_34,2024-12-04,84,2025-02-26,502530.03,0.0,8514.93,138500.0,364030.03,True
request_34,user_34,2024-12-04,85,2025-02-27,502530.03,0.0,0.0,138500.0,364030.03,True
request_34,user_34,2024-12-04,86,2025-02-28,502530.03,0.0,0.0,138500.0,364030.03,True
request_34,user_34,2024-12-04,87,2025-03-01,502530.03,0.0,0.0,138500.0,364030.03,True
request_34,user_34,2024-12-04,88,2025-03-02,502530.03,0.0,0.0,138500.0,364030.03,True
request_34,user_34,2024-12-04,89,2025-03-03,451330.03,0.0,51200.0,138500.0,312830.03,True
request_34,user_34,2024-12-04,90,2025-03-04,451330.03,0.0,0.0,138500.0,312830.03,True
request_35,user_35,2025-10-30,0,2025-10-30,226749.29,0.0,4780.71,106400.0,120349.29,True
request_35,user_35,2025-10-30,1,2025-10-31,222595.86,0.0,4153.43,106400.0,116195.86,True
request_35,user_35,2025-10-30,2,2025-11-01,222595.86,0.0,0.0,106400.0,116195.86,True
request_35,user_35,2025-10-30,3,2025-11-02,222595.86,0.0,0.0,106400.0,116195.86,True
request_35,user_35,2025-10-30,4,2025-11-03,222595.86,0.0,0.0,106400.0,116195.86,True
request_35,user_35,2025-10-30,5,2025-11-04,185595.86,0.0,37000.0,106400.0,79195.86,True
request_35,user_35,2025-10-30,6,2025-11-05,185595.86,0.0,0.0,106400.0,79195.86,True
request_35,user_35,2025-10-30,7,2025-11-06,180815.15,0.0,4780.71,106400.0,74415.15,True
request_35,user_35,2025-10-30,8,2025-11-07,176661.72,0.0,4153.43,106400.0,70261.72,True
request_35,user_35,2025-10-30,9,2025-11-08,164990.38,0.0,11671.34,106400.0,58590.38,True
request_35,user_35,2025-10-30,10,2025-11-09,164990.38,0.0,0.0,106400.0,58590.38,True
request_35,user_35,2025-10-30,11,2025-11-10,155280.38,0.0,9710.0,106400.0,48880.38,True
request_35,user_35,2025-10-30,12,2025-11-11,155280.38,0.0,0.0,106400.0,48880.38,True
request_35,user_35,2025-10-30,13,2025-11-12,146752.38,0.0,8528.0,106400.0,40352.38,True
request_35,user_35,2025-10-30,14,2025-11-13,131801.67,0.0,14950.71,106400.0,25401.67,True
request_35,user_35,2025-10-30,15,2025-11-14,127648.24,0.0,4153.43,106400.0,21248.24,True
request_35,user_35,2025-10-30,16,2025-11-15,288373.24,162000.0,1275.0,106400.0,181973.24,True
request_35,user_35,2025-10-30,17,2025-11-16,288373.24,0.0,0.0,106400.0,181973.24,True
request_35,user_35,2025-10-30,18,2025-11-17,288373.24,0.0,0.0,106400.0,181973.24,True
request_35,user_35,2025-10-30,19,2025-11-18,288373.24,0.0,0.0,106400.0,181973.24,True
request_35,user_35,2025-10-30,20,2025-11-19,288373.24,0.0,0.0,106400.0,181973.24,True
request_35,user_35,2025-10-30,21,2025-11-20,283592.53,0.0,4780.71,106400.0,177192.53,True
request_35,user_35,2025-10-30,22,2025-11-21,279439.1,0.0,4153.43,106400.0,173039.1,True
request_35,user_35,2025-10-30,23,2025-11-22,279439.1,0.0,0.0,106400.0,173039.1,True
request_35,user_35,2025-10-30,24,2025-11-23,279439.1,0.0,0.0,106400.0,173039.1,True
request_35,user_35,2025-10-30,25,2025-11-24,279439.1,0.0,0.0,106400.0,173039.1,True
request_35,user_35,2025-10-30,26,2025-11-25,279439.1,0.0,0.0,106400.0,173039.1,True
request_35,user_35,2025-10-30,27,2025-11-26,270911.1,0.0,8528.0,106400.0,164511.1,True
request_35,user_35,2025-10-30,28,2025-11-27,266130.39,0.0,4780.71,106400.0,159730.39,True
request_35,user_35,2025-10-30,29,2025-11-28,261976.96,0.0,4153.43,106400.0,155576.96,True
request_35,user_35,2025-10-30,30,2025-11-29,261976.96,0.0,0.0,106400.0,155576.96,True
request_35,user_35,2025-10-30,31,2025-11-30,261976.96,0.0,0.0,106400.0,155576.96,True
request_35,user_35,2025-10-30,32,2025-12-01,261976.96,0.0,0.0,106400.0,155576.96,True
request_35,user_35,2025-10-30,33,2025-12-02,261976.96,0.0,0.0,106400.0,155576.96,True
request_35,user_35,2025-10-30,34,2025-12-03,261976.96,0.0,0.0,106400.0,155576.96,True
request_35,user_35,2025-10-30,35,2025-12-04,220196.25,0.0,41780.71,106400.0,113796.25,True
request_35,user_35,2025-10-30,36,2025-12-05,216042.82,0.0,4153.43,106400.0,109642.82,True
request_35,user_35,2025-10-30,37,2025-12-06,216042.82,0.0,0.0,106400.0,109642.82,True
request_35,user_35,2025-10-30,38,2025-12-07,216042.82,0.0,0.0,106400.0,109642.82,True
request_35,user_35,2025-10-30,39,2025-12-08,204371.48,0.0,11671.34,106400.0,97971.48,True
request_35,user_35,2025-10-30,40,2025-12-09,204371.48,0.0,0.0,106400.0,97971.48,True
request_35,user_35,2025-10-30,41,2025-12-10,186133.48,0.0,18238.0,106400.0,79733.48,True
request_35,user_35,2025-10-30,42,2025-12-11,181352.77,0.0,4780.71,106400.0,74952.77,True
request_35,user_35,2025-10-30,43,2025-12-12,177199.34,0.0,4153.43,106400.0,70799.34,True
request_35,user_35,2025-10-30,44,2025-12-13,167029.34,0.0,10170.0,106400.0,60629.34,True
request_35,user_35,2025-10-30,45,2025-12-14,167029.34,0.0,0.0,106400.0,60629.34,True
request_35,user_35,2025-10-30,46,2025-12-15,327754.34,162000.0,1275.0,106400.0,221354.34,True
request_35,user_35,2025-10-30,47,2025-12-16,327754.34,0.0,0.0,106400.0,221354.34,True
request_35,user_35,2025-10-30,48,2025-12-17,327754.34,0.0,0.0,106400.0,221354.34,True
request_35,user_35,2025-10-30,49,2025-12-18,322973.63,0.0,4780.71,106400.0,216573.63,True
request_35,user_35,2025-10-30,50,2025-12-19,318820.2,0.0,4153.43,106400.0,212420.2,True
request_35,user_35,2025-10-30,51,2025-12-20,318820.2,0.0,0.0,106400.0,212420.2,True
request_35,user_35,2025-10-30,52,2025-12-21,318820.2,0.0,0.0,106400.0,212420.2,True
request_35,user_35,2025-10-30,53,2025-12-22,318820.2,0.0,0.0,106400.0,212420.2,True
request_35,user_35,2025-10-30,54,2025-12-23,318820.2,0.0,0.0,106400.0,212420.2,True
request_35,user_35,2025-10-30,55,2025-12-24,310292.2,0.0,8528.0,106400.0,203892.2,True
request_35,user_35,2025-10-30,56,2025-12-25,305511.49,0.0,4780.71,106400.0,199111.49,True
request_35,user_35,2025-10-30,57,2025-12-26,301358.06,0.0,4153.43,106400.0,194958.06,True
request_35,user_35,2025-10-30,58,2025-12-27,301358.06,0.0,0.0,106400.0,194958.06,True
request_35,user_35,2025-10-30,59,2025-12-28,301358.06,0.0,0.0,106400.0,194958.06,True
request_35,user_35,2025-10-30,60,2025-12-29,301358.06,0.0,0.0,106400.0,194958.06,True
request_35,user_35,2025-10-30,61,2025-12-30,301358.06,0.0,0.0,106400.0,194958.06,True
request_35,user_35,2025-10-30,62,2025-12-31,301358.06,0.0,0.0,106400.0,194958.06,True
request_35,user_35,2025-10-30,63,2026-01-01,296577.35,0.0,4780.71,106400.0,190177.35,True
request_35,user_35,2025-10-30,64,2026-01-02,292423.92,0.0,4153.43,106400.0,186023.92,True
request_35,user_35,2025-10-30,65,2026-01-03,292423.92,0.0,0.0,106400.0,186023.92,True
request_35,user_35,2025-10-30,66,2026-01-04,255423.92,0.0,37000.0,106400.0,149023.92,True
request_35,user_35,2025-10-30,67,2026-01-05,255423.92,0.0,0.0,106400.0,149023.92,True
request_35,user_35,2025-10-30,68,2026-01-06,255423.92,0.0,0.0,106400.0,149023.92,True
request_35,user_35,2025-10-30,69,2026-01-07,246895.92,0.0,8528.0,106400.0,140495.92,True
request_35,user_35,2025-10-30,70,2026-01-08,230443.87,0.0,16452.05,106400.0,124043.87,True
request_35,user_35,2025-10-30,71,2026-01-09,226290.44,0.0,4153.43,106400.0,119890.44,True
request_35,user_35,2025-10-30,72,2026-01-10,216580.44,0.0,9710.0,106400.0,110180.44,True
request_35,user_35,2025-10-30,73,2026-01-11,216580.44,0.0,0.0,106400.0,110180.44,True
request_35,user_35,2025-10-30,74,2026-01-12,216580.44,0.0,0.0,106400.0,110180.44,True
request_35,user_35,2025-10-30,75,2026-01-13,206410.44,0.0,10170.0,106400.0,100010.44,True
request_35,user_35,2025-10-30,76,2026-01-14,206410.44,0.0,0.0,106400.0,100010.44,True
request_35,user_35,2025-10-30,77,2026-01-15,362354.73,162000.0,6055.71,106400.0,255954.73,True
request_35,user_35,2025-10-30,78,2026-01-16,358201.3,0.0,4153.43,106400.0,251801.3,True
request_35,user_35,2025-10-30,79,2026-01-17,358201.3,0.0,0.0,106400.0,251801.3,True
request_35,user_35,2025-10-30,80,2026-01-18,358201.3,0.0,0.0,106400.0,251801.3,True
request_35,user_35,2025-10-30,81,2026-01-19,358201.3,0.0,0.0,106400.0,251801.3,True
request_35,user_35,2025-10-30,82,2026-01-20,358201.3,0.0,0.0,106400.0,251801.3,True
request_35,user_35,2025-10-30,83,2026-01-21,349673.3,0.0,8528.0,106400.0,243273.3,True
request_35,user_35,2025-10-30,84,2026-01-22,344892.59,0.0,4780.71,106400.0,238492.59,True
request_35,user_35,2025-10-30,85,2026-01-23,340739.16,0.0,4153.43,106400.0,234339.16,True
request_35,user_35,2025-10-30,86,2026-01-24,340739.16,0.0,0.0,106400.0,234339.16,True
request_35,user_35,2025-10-30,87,2026-01-25,340739.16,0.0,0.0,106400.0,234339.16,True
request_35,user_35,2025-10-30,88,2026-01-26,340739.16,0.0,0.0,106400.0,234339.16,True
request_35,user_35,2025-10-30,89,2026-01-27,340739.16,0.0,0.0,106400.0,234339.16,True
request_35,user_35,2025-10-30,90,2026-01-28,340739.16,0.0,0.0,106400.0,234339.16,True
request_36,user_36,2026-07-03,0,2026-07-03,3846.6,0.0,0.0,2400.0,1446.6,True
request_36,user_36,2026-07-03,1,2026-07-04,3846.6,0.0,0.0,2400.0,1446.6,True
request_36,user_36,2026-07-03,2,2026-07-05,3552.39,0.0,294.21,2400.0,1152.39,True
request_36,user_36,2026-07-03,3,2026-07-06,3458.39,0.0,94.0,2400.0,1058.39,True
request_36,user_36,2026-07-03,4,2026-07-07,3458.39,0.0,0.0,2400.0,1058.39,True
request_36,user_36,2026-07-03,5,2026-07-08,3329.49,0.0,128.9,2400.0,929.49,True
request_36,user_36,2026-07-03,6,2026-07-09,3015.13,0.0,314.36,2400.0,615.13,True
request_36,user_36,2026-07-03,7,2026-07-10,3015.13,0.0,0.0,2400.0,615.13,True
request_36,user_36,2026-07-03,8,2026-07-11,3015.13,0.0,0.0,2400.0,615.13,True
request_36,user_36,2026-07-03,9,2026-07-12,3015.13,0.0,0.0,2400.0,615.13,True
request_36,user_36,2026-07-03,10,2026-07-13,3015.13,0.0,0.0,2400.0,615.13,True
request_36,user_36,2026-07-03,11,2026-07-14,3015.13,0.0,0.0,2400.0,615.13,True
request_36,user_36,2026-07-03,12,2026-07-15,5223.94,2330.64,121.83,2400.0,2823.94,True
request_36,user_36,2026-07-03,13,2026-07-16,5223.94,0.0,0.0,2400.0,2823.94,True
request_36,user_36,2026-07-03,14,2026-07-17,5223.94,0.0,0.0,2400.0,2823.94,True
request_36,user_36,2026-07-03,15,2026-07-18,5223.94,0.0,0.0,2400.0,2823.94,True
request_36,user_36,2026-07-03,16,2026-07-19,5223.94,0.0,0.0,2400.0,2823.94,True
request_36,user_36,2026-07-03,17,2026-07-20,5223.94,0.0,0.0,2400.0,2823.94,True
request_36,user_36,2026-07-03,18,2026-07-21,5223.94,0.0,0.0,2400.0,2823.94,True
request_36,user_36,2026-07-03,19,2026-07-22,5167.04,0.0,56.9,2400.0,2767.04,True
request_36,user_36,2026-07-03,20,2026-07-23,5039.67,0.0,127.37,2400.0,2639.67,True
request_36,user_36,2026-07-03,21,2026-07-24,5039.67,0.0,0.0,2400.0,2639.67,True
request_36,user_36,2026-07-03,22,2026-07-25,4917.84,0.0,121.83,2400.0,2517.84,True
request_36,user_36,2026-07-03,23,2026-07-26,4917.84,0.0,0.0,2400.0,2517.84,True
request_36,user_36,2026-07-03,24,2026-07-27,4917.84,0.0,0.0,2400.0,2517.84,True
request_36,user_36,2026-07-03,25,2026-07-28,4917.84,0.0,0.0,2400.0,2517.84,True
request_36,user_36,2026-07-03,26,2026-07-29,4917.84,0.0,0.0,2400.0,2517.84,True
request_36,user_36,2026-07-03,27,2026-07-30,4917.84,0.0,0.0,2400.0,2517.84,True
request_36,user_36,2026-07-03,28,2026-07-31,4917.84,0.0,0.0,2400.0,2517.84,True
request_36,user_36,2026-07-03,29,2026-08-01,4917.84,0.0,0.0,2400.0,2517.84,True
request_36,user_36,2026-07-03,30,2026-08-02,4657.84,0.0,260.0,2400.0,2257.84,True
request_36,user_36,2026-07-03,31,2026-08-03,4657.84,0.0,0.0,2400.0,2257.84,True
request_36,user_36,2026-07-03,32,2026-08-04,4536.01,0.0,121.83,2400.0,2136.01,True
request_36,user_36,2026-07-03,33,2026-08-05,4306.73,0.0,229.28,2400.0,1906.73,True
request_36,user_36,2026-07-03,34,2026-08-06,4085.36,0.0,221.37,2400.0,1685.36,True
request_36,user_36,2026-07-03,35,2026-08-07,4085.36,0.0,0.0,2400.0,1685.36,True
request_36,user_36,2026-07-03,36,2026-08-08,4013.36,0.0,72.0,2400.0,1613.36,True
request_36,user_36,2026-07-03,37,2026-08-09,3826.37,0.0,186.99,2400.0,1426.37,True
request_36,user_36,2026-07-03,38,2026-08-10,3826.37,0.0,0.0,2400.0,1426.37,True
request_36,user_36,2026-07-03,39,2026-08-11,3826.37,0.0,0.0,2400.0,1426.37,True
request_36,user_36,2026-07-03,40,2026-08-12,3826.37,0.0,0.0,2400.0,1426.37,True
request_36,user_36,2026-07-03,41,2026-08-13,3826.37,0.0,0.0,2400.0,1426.37,True
request_36,user_36,2026-07-03,42,2026-08-14,3704.54,0.0,121.83,2400.0,1304.54,True
request_36,user_36,2026-07-03,43,2026-08-15,6035.18,2330.64,0.0,2400.0,3635.18,True
request_36,user_36,2026-07-03,44,2026-08-16,6035.18,0.0,0.0,2400.0,3635.18,True
request_36,user_36,2026-07-03,45,2026-08-17,6035.18,0.0,0.0,2400.0,3635.18,True
request_36,user_36,2026-07-03,46,2026-08-18,6035.18,0.0,0.0,2400.0,3635.18,True
request_36,user_36,2026-07-03,47,2026-08-19,5978.28,0.0,56.9,2400.0,3578.28,True
request_36,user_36,2026-07-03,48,2026-08-20,5850.91,0.0,127.37,2400.0,3450.91,True
request_36,user_36,2026-07-03,49,2026-08-21,5850.91,0.0,0.0,2400.0,3450.91,True
request_36,user_36,2026-07-03,50,2026-08-22,5850.91,0.0,0.0,2400.0,3450.91,True
request_36,user_36,2026-07-03,51,2026-08-23,5850.91,0.0,0.0,2400.0,3450.91,True
request_36,user_36,2026-07-03,52,2026-08-24,5729.08,0.0,121.83,2400.0,3329.08,True
request_36,user_36,2026-07-03,53,2026-08-25,5729.08,0.0,0.0,2400.0,3329.08,True
request_36,user_36,2026-07-03,54,2026-08-26,5729.08,0.0,0.0,2400.0,3329.08,True
request_36,user_36,2026-07-03,55,2026-08-27,5729.08,0.0,0.0,2400.0,3329.08,True
request_36,user_36,2026-07-03,56,2026-08-28,5729.08,0.0,0.0,2400.0,3329.08,True
request_36,user_36,2026-07-03,57,2026-08-29,5729.08,0.0,0.0,2400.0,3329.08,True
request_36,user_36,2026-07-03,58,2026-08-30,5729.08,0.0,0.0,2400.0,3329.08,True
request_36,user_36,2026-07-03,59,2026-08-31,5729.08,0.0,0.0,2400.0,3329.08,True
request_36,user_36,2026-07-03,60,2026-09-01,5729.08,0.0,0.0,2400.0,3329.08,True
request_36,user_36,2026-07-03,61,2026-09-02,5412.18,0.0,316.9,2400.0,3012.18,True
request_36,user_36,2026-07-03,62,2026-09-03,5162.98,0.0,249.2,2400.0,2762.98,True
request_36,user_36,2026-07-03,63,2026-09-04,5162.98,0.0,0.0,2400.0,2762.98,True
request_36,user_36,2026-07-03,64,2026-09-05,4990.6,0.0,172.38,2400.0,2590.6,True
request_36,user_36,2026-07-03,65,2026-09-06,4896.6,0.0,94.0,2400.0,2496.6,True
request_36,user_36,2026-07-03,66,2026-09-07,4896.6,0.0,0.0,2400.0,2496.6,True
request_36,user_36,2026-07-03,67,2026-09-08,4824.6,0.0,72.0,2400.0,2424.6,True
request_36,user_36,2026-07-03,68,2026-09-09,4637.61,0.0,186.99,2400.0,2237.61,True
request_36,user_36,2026-07-03,69,2026-09-10,4637.61,0.0,0.0,2400.0,2237.61,True
request_36,user_36,2026-07-03,70,2026-09-11,4637.61,0.0,0.0,2400.0,2237.61,True
request_36,user_36,2026-07-03,71,2026-09-12,4637.61,0.0,0.0,2400.0,2237.61,True
request_36,user_36,2026-07-03,72,2026-09-13,4515.78,0.0,121.83,2400.0,2115.78,True
request_36,user_36,2026-07-03,73,2026-09-14,4515.78,0.0,0.0,2400.0,2115.78,True
request_36,user_36,2026-07-03,74,2026-09-15,6846.42,2330.64,0.0,2400.0,4446.42,True
request_36,user_36,2026-07-03,75,2026-09-16,6789.52,0.0,56.9,2400.0,4389.52,True
request_36,user_36,2026-07-03,76,2026-09-17,6662.15,0.0,127.37,2400.0,4262.15,True
request_36,user_36,2026-07-03,77,2026-09-18,6662.15,0.0,0.0,2400.0,4262.15,True
request_36,user_36,2026-07-03,78,2026-09-19,6662.15,0.0,0.0,2400.0,4262.15,True
request_36,user_36,2026-07-03,79,2026-09-20,6662.15,0.0,0.0,2400.0,4262.15,True
request_36,user_36,2026-07-03,80,2026-09-21,6662.15,0.0,0.0,2400.0,4262.15,True
request_36,user_36,2026-07-03,81,2026-09-22,6662.15,0.0,0.0,2400.0,4262.15,True
request_36,user_36,2026-07-03,82,2026-09-23,6540.32,0.0,121.83,2400.0,4140.32,True
request_36,user_36,2026-07-03,83,2026-09-24,6540.32,0.0,0.0,2400.0,4140.32,True
request_36,user_36,2026-07-03,84,2026-09-25,6540.32,0.0,0.0,2400.0,4140.32,True
request_36,user_36,2026-07-03,85,2026-09-26,6540.32,0.0,0.0,2400.0,4140.32,True
request_36,user_36,2026-07-03,86,2026-09-27,6540.32,0.0,0.0,2400.0,4140.32,True
request_36,user_36,2026-07-03,87,2026-09-28,6540.32,0.0,0.0,2400.0,4140.32,True
request_36,user_36,2026-07-03,88,2026-09-29,6540.32,0.0,0.0,2400.0,4140.32,True
request_36,user_36,2026-07-03,89,2026-09-30,6483.42,0.0,56.9,2400.0,4083.42,True
request_36,user_36,2026-07-03,90,2026-10-01,6356.05,0.0,127.37,2400.0,3956.05,True
request_37,user_37,2024-03-05,0,2024-03-05,29125000.0,0.0,0.0,17056200.0,12068800.0,True
request_37,user_37,2024-03-05,1,2024-03-06,27790373.07,0.0,1334626.93,17056200.0,10734173.07,True
request_37,user_37,2024-03-05,2,2024-03-07,27790373.07,0.0,0.0,17056200.0,10734173.07,True
request_37,user_37,2024-03-05,3,2024-03-08,27790373.07,0.0,0.0,17056200.0,10734173.07,True
request_37,user_37,2024-03-05,4,2024-03-09,27383773.07,0.0,406600.0,17056200.0,10327573.07,True
request_37,user_37,2024-03-05,5,2024-03-10,26566025.85,0.0,817747.22,17056200.0,9509825.85,True
request_37,user_37,2024-03-05,6,2024-03-11,23143492.44,0.0,3422533.41,17056200.0,6087292.44,True
request_37,user_37,2024-03-05,7,2024-03-12,22368344.44,0.0,775148.0,17056200.0,5312144.44,True
request_37,user_37,2024-03-05,8,2024-03-13,22368344.44,0.0,0.0,17056200.0,5312144.44,True
request_37,user_37,2024-03-05,9,2024-03-14,22368344.44,0.0,0.0,17056200.0,5312144.44,True
request_37,user_37,2024-03-05,10,2024-03-15,43458344.44,21090000.0,0.0,17056200.0,26402144.44,True
request_37,user_37,2024-03-05,11,2024-03-16,43458344.44,0.0,0.0,17056200.0,26402144.44,True
request_37,user_37,2024-03-05,12,2024-03-17,42640597.22,0.0,817747.22,17056200.0,25584397.22,True
request_37,user_37,2024-03-05,13,2024-03-18,42163063.81,0.0,477533.41,17056200.0,25106863.81,True
request_37,user_37,2024-03-05,14,2024-03-19,42163063.81,0.0,0.0,17056200.0,25106863.81,True
request_37,user_37,2024-03-05,15,2024-03-20,42163063.81,0.0,0.0,17056200.0,25106863.81,True
request_37,user_37,2024-03-05,16,2024-03-21,42163063.81,0.0,0.0,17056200.0,25106863.81,True
request_37,user_37,2024-03-05,17,2024-03-22,42163063.81,0.0,0.0,17056200.0,25106863.81,True
request_37,user_37,2024-03-05,18,2024-03-23,42163063.81,0.0,0.0,17056200.0,25106863.81,True
request_37,user_37,2024-03-05,19,2024-03-24,41345316.59,0.0,817747.22,17056200.0,24289116.59,True
request_37,user_37,2024-03-05,20,2024-03-25,40867783.18,0.0,477533.41,17056200.0,23811583.18,True
request_37,user_37,2024-03-05,21,2024-03-26,40214235.18,0.0,653548.0,17056200.0,23158035.18,True
request_37,user_37,2024-03-05,22,2024-03-27,40214235.18,0.0,0.0,17056200.0,23158035.18,True
request_37,user_37,2024-03-05,23,2024-03-28,40214235.18,0.0,0.0,17056200.0,23158035.18,True
request_37,user_37,2024-03-05,24,2024-03-29,40214235.18,0.0,0.0,17056200.0,23158035.18,True
request_37,user_37,2024-03-05,25,2024-03-30,40214235.18,0.0,0.0,17056200.0,23158035.18,True
request_37,user_37,2024-03-05,26,2024-03-31,39396487.96,0.0,817747.22,17056200.0,22340287.96,True
request_37,user_37,2024-03-05,27,2024-04-01,38918954.55,0.0,477533.41,17056200.0,21862754.55,True
request_37,user_37,2024-03-05,28,2024-04-02,32116954.55,0.0,6802000.0,17056200.0,15060754.55,True
request_37,user_37,2024-03-05,29,2024-04-03,32116954.55,0.0,0.0,17056200.0,15060754.55,True
request_37,user_37,2024-03-05,30,2024-04-04,32116954.55,0.0,0.0,17056200.0,15060754.55,True
request_37,user_37,2024-03-05,31,2024-04-05,32116954.55,0.0,0.0,17056200.0,15060754.55,True
request_37,user_37,2024-03-05,32,2024-04-06,30782327.62,0.0,1334626.93,17056200.0,13726127.62,True
request_37,user_37,2024-03-05,33,2024-04-07,29964580.4,0.0,817747.22,17056200.0,12908380.4,True
request_37,user_37,2024-03-05,34,2024-04-08,29487046.99,0.0,477533.41,17056200.0,12430846.99,True
request_37,user_37,2024-03-05,35,2024-04-09,28426898.99,0.0,1060148.0,17056200.0,11370698.99,True
request_37,user_37,2024-03-05,36,2024-04-10,28426898.99,0.0,0.0,17056200.0,11370698.99,True
request_37,user_37,2024-03-05,37,2024-04-11,25481898.99,0.0,2945000.0,17056200.0,8425698.99,True
request_37,user_37,2024-03-05,38,2024-04-12,25360298.99,0.0,121600.0,17056200.0,8304098.99,True
request_37,user_37,2024-03-05,39,2024-04-13,25360298.99,0.0,0.0,17056200.0,8304098.99,True
request_37,user_37,2024-03-05,40,2024-04-14,24542551.77,0.0,817747.22,17056200.0,7486351.77,True
request_37,user_37,2024-03-05,41,2024-04-15,45155018.36,21090000.0,477533.41,17056200.0,28098818.36,True
request_37,user_37,2024-03-05,42,2024-04-16,45155018.36,0.0,0.0,17056200.0,28098818.36,True
request_37,user_37,2024-03-05,43,2024-04-17,45155018.36,0.0,0.0,17056200.0,28098818.36,True
request_37,user_37,2024-03-05,44,2024-04-18,45155018.36,0.0,0.0,17056200.0,28098818.36,True
request_37,user_37,2024-03-05,45,2024-04-19,45155018.36,0.0,0.0,17056200.0,28098818.36,True
request_37,user_37,2024-03-05,46,2024-04-20,45155018.36,0.0,0.0,17056200.0,28098818.36,True
request_37,user_37,2024-03-05,47,2024-04-21,44337271.14,0.0,817747.22,17056200.0,27281071.14,True
request_37,user_37,2024-03-05,48,2024-04-22,43859737.73,0.0,477533.41,17056200.0,26803537.73,True
request_37,user_37,2024-03-05,49,2024-04-23,43206189.73,0.0,653548.0,17056200.0,26149989.73,True
request_37,user_37,2024-03-05,50,2024-04-24,43206189.73,0.0,0.0,17056200.0,26149989.73,True
request_37,user_37,2024-03-05,51,2024-04-25,43206189.73,0.0,0.0,17056200.0,26149989.73,True
request_37,user_37,2024-03-05,52,2024-04-26,43206189.73,0.0,0.0,17056200.0,26149989.73,True
request_37,user_37,2024-03-05,53,2024-04-27,43206189.73,0.0,0.0,17056200.0,26149989.73,True
request_37,user_37,2024-03-05,54,2024-04-28,42388442.51,0.0,817747.22,17056200.0,25332242.51,True
request_37,user_37,2024-03-05,55,2024-04-29,41910909.1,0.0,477533.41,17056200.0,24854709.1,True
request_37,user_37,2024-03-05,56,2024-04-30,41910909.1,0.0,0.0,17056200.0,24854709.1,True
request_37,user_37,2024-03-05,57,2024-05-01,41910909.1,0.0,0.0,17056200.0,24854709.1,True
request_37,user_37,2024-03-05,58,2024-05-02,35108909.1,0.0,6802000.0,17056200.0,18052709.1,True
request_37,user_37,2024-03-05,59,2024-05-03,35108909.1,0.0,0.0,17056200.0,18052709.1,True
request_37,user_37,2024-03-05,60,2024-05-04,35108909.1,0.0,0.0,17056200.0,18052709.1,True
request_37,user_37,2024-03-05,61,2024-05-05,34291161.88,0.0,817747.22,17056200.0,17234961.88,True
request_37,user_37,2024-03-05,62,2024-05-06,32479001.54,0.0,1812160.34,17056200.0,15422801.54,True
request_37,user_37,2024-03-05,63,2024-05-07,31825453.54,0.0,653548.0,17056200.0,14769253.54,True
request_37,user_37,2024-03-05,64,2024-05-08,31825453.54,0.0,0.0,17056200.0,14769253.54,True
request_37,user_37,2024-03-05,65,2024-05-09,31418853.54,0.0,406600.0,17056200.0,14362653.54,True
request_37,user_37,2024-03-05,66,2024-05-10,31418853.54,0.0,0.0,17056200.0,14362653.54,True
request_37,user_37,2024-03-05,67,2024-05-11,28473853.54,0.0,2945000.0,17056200.0,11417653.54,True
request_37,user_37,2024-03-05,68,2024-05-12,27534506.32,0.0,939347.22,17056200.0,10478306.32,True
request_37,user_37,2024-03-05,69,2024-05-13,27056972.91,0.0,477533.41,17056200.0,10000772.91,True
request_37,user_37,2024-03-05,70,2024-05-14,27056972.91,0.0,0.0,17056200.0,10000772.91,True
request_37,user_37,2024-03-05,71,2024-05-15,48146972.91,21090000.0,0.0,17056200.0,31090772.91,True
request_37,user_37,2024-03-05,72,2024-05-16,48146972.91,0.0,0.0,17056200.0,31090772.91,True
request_37,user_37,2024-03-05,73,2024-05-17,48146972.91,0.0,0.0,17056200.0,31090772.91,True
request_37,user_37,2024-03-05,74,2024-05-18,48146972.91,0.0,0.0,17056200.0,31090772.91,True
request_37,user_37,2024-03-05,75,2024-05-19,47329225.69,0.0,817747.22,17056200.0,30273025.69,True
request_37,user_37,2024-03-05,76,2024-05-20,46851692.28,0.0,477533.41,17056200.0,29795492.28,True
request_37,user_37,2024-03-05,77,2024-05-21,46198144.28,0.0,653548.0,17056200.0,29141944.28,True
request_37,user_37,2024-03-05,78,2024-05-22,46198144.28,0.0,0.0,17056200.0,29141944.28,True
request_37,user_37,2024-03-05,79,2024-05-23,46198144.28,0.0,0.0,17056200.0,29141944.28,True
request_37,user_37,2024-03-05,80,2024-05-24,46198144.28,0.0,0.0,17056200.0,29141944.28,True
request_37,user_37,2024-03-05,81,2024-05-25,46198144.28,0.0,0.0,17056200.0,29141944.28,True
request_37,user_37,2024-03-05,82,2024-05-26,45380397.06,0.0,817747.22,17056200.0,28324197.06,True
request_37,user_37,2024-03-05,83,2024-05-27,44902863.65,0.0,477533.41,17056200.0,27846663.65,True
request_37,user_37,2024-03-05,84,2024-05-28,44902863.65,0.0,0.0,17056200.0,27846663.65,True
request_37,user_37,2024-03-05,85,2024-05-29,44902863.65,0.0,0.0,17056200.0,27846663.65,True
request_37,user_37,2024-03-05,86,2024-05-30,44902863.65,0.0,0.0,17056200.0,27846663.65,True
request_37,user_37,2024-03-05,87,2024-05-31,44902863.65,0.0,0.0,17056200.0,27846663.65,True
request_37,user_37,2024-03-05,88,2024-06-01,44902863.65,0.0,0.0,17056200.0,27846663.65,True
request_37,user_37,2024-03-05,89,2024-06-02,37283116.43,0.0,7619747.22,17056200.0,20226916.43,True
request_37,user_37,2024-03-05,90,2024-06-03,36805583.02,0.0,477533.41,17056200.0,19749383.02,True
request_38,user_38,2025-08-07,0,2025-08-07,740.0,0.0,39.4,400.0,340.0,True
request_38,user_38,2025-08-07,1,2025-08-08,721.0,0.0,19.0,400.0,321.0,True
request_38,user_38,2025-08-07,2,2025-08-09,664.0,0.0,57.0,400.0,264.0,True
request_38,user_38,2025-08-07,3,2025-08-10,664.0,0.0,0.0,400.0,264.0,True
request_38,user_38,2025-08-07,4,2025-08-11,602.58,0.0,61.42,400.0,202.58,True
request_38,user_38,2025-08-07,5,2025-08-12,602.58,0.0,0.0,400.0,202.58,True
request_38,user_38,2025-08-07,6,2025-08-13,597.58,0.0,5.0,400.0,197.58,True
request_38,user_38,2025-08-07,7,2025-08-14,582.82,0.0,14.76,400.0,182.82,True
request_38,user_38,2025-08-07,8,2025-08-15,1307.7,737.0,12.12,400.0,907.7,True
request_38,user_38,2025-08-07,9,2025-08-16,1307.7,0.0,0.0,400.0,907.7,True
request_38,user_38,2025-08-07,10,2025-08-17,1307.7,0.0,0.0,400.0,907.7,True
request_38,user_38,2025-08-07,11,2025-08-18,1307.7,0.0,0.0,400.0,907.7,True
request_38,user_38,2025-08-07,12,2025-08-19,1307.7,0.0,0.0,400.0,907.7,True
request_38,user_38,2025-08-07,13,2025-08-20,1307.7,0.0,0.0,400.0,907.7,True
request_38,user_38,2025-08-07,14,2025-08-21,1279.86,0.0,27.84,400.0,879.86,True
request_38,user_38,2025-08-07,15,2025-08-22,1262.94,0.0,16.92,400.0,862.94,True
request_38,user_38,2025-08-07,16,2025-08-23,1262.94,0.0,0.0,400.0,862.94,True
request_38,user_38,2025-08-07,17,2025-08-24,1262.94,0.0,0.0,400.0,862.94,True
request_38,user_38,2025-08-07,18,2025-08-25,1262.94,0.0,0.0,400.0,862.94,True
request_38,user_38,2025-08-07,19,2025-08-26,1262.94,0.0,0.0,400.0,862.94,True
request_38,user_38,2025-08-07,20,2025-08-27,1262.94,0.0,0.0,400.0,862.94,True
request_38,user_38,2025-08-07,21,2025-08-28,1248.18,0.0,14.76,400.0,848.18,True
request_38,user_38,2025-08-07,22,2025-08-29,1248.18,0.0,0.0,400.0,848.18,True
request_38,user_38,2025-08-07,23,2025-08-30,1248.18,0.0,0.0,400.0,848.18,True
request_38,user_38,2025-08-07,24,2025-08-31,1220.34,0.0,27.84,400.0,820.34,True
request_38,user_38,2025-08-07,25,2025-09-01,1220.34,0.0,0.0,400.0,820.34,True
request_38,user_38,2025-08-07,26,2025-09-02,1220.34,0.0,0.0,400.0,820.34,True
request_38,user_38,2025-08-07,27,2025-09-03,1220.34,0.0,0.0,400.0,820.34,True
request_38,user_38,2025-08-07,28,2025-09-04,1152.34,0.0,68.0,400.0,752.34,True
request_38,user_38,2025-08-07,29,2025-09-05,1152.34,0.0,0.0,400.0,752.34,True
request_38,user_38,2025-08-07,30,2025-09-06,1152.34,0.0,0.0,400.0,752.34,True
request_38,user_38,2025-08-07,31,2025-09-07,1112.94,0.0,39.4,400.0,712.94,True
request_38,user_38,2025-08-07,32,2025-09-08,1093.94,0.0,19.0,400.0,693.94,True
request_38,user_38,2025-08-07,33,2025-09-09,1036.94,0.0,57.0,400.0,636.94,True
request_38,user_38,2025-08-07,34,2025-09-10,1009.1,0.0,27.84,400.0,609.1,True
request_38,user_38,2025-08-07,35,2025-09-11,960.76,0.0,48.34,400.0,560.76,True
request_38,user_38,2025-08-07,36,2025-09-12,943.84,0.0,16.92,400.0,543.84,True
request_38,user_38,2025-08-07,37,2025-09-13,938.84,0.0,5.0,400.0,538.84,True
request_38,user_38,2025-08-07,38,2025-09-14,938.84,0.0,0.0,400.0,538.84,True
request_38,user_38,2025-08-07,39,2025-09-15,1663.72,737.0,12.12,400.0,1263.72,True
request_38,user_38,2025-08-07,40,2025-09-16,1663.72,0.0,0.0,400.0,1263.72,True
request_38,user_38,2025-08-07,41,2025-09-17,1663.72,0.0,0.0,400.0,1263.72,True
request_38,user_38,2025-08-07,42,2025-09-18,1663.72,0.0,0.0,400.0,1263.72,True
request_38,user_38,2025-08-07,43,2025-09-19,1663.72,0.0,0.0,400.0,1263.72,True
request_38,user_38,2025-08-07,44,2025-09-20,1635.88,0.0,27.84,400.0,1235.88,True
request_38,user_38,2025-08-07,45,2025-09-21,1635.88,0.0,0.0,400.0,1235.88,True
request_38,user_38,2025-08-07,46,2025-09-22,1635.88,0.0,0.0,400.0,1235.88,True
request_38,user_38,2025-08-07,47,2025-09-23,1635.88,0.0,0.0,400.0,1235.88,True
request_38,user_38,2025-08-07,48,2025-09-24,1635.88,0.0,0.0,400.0,1235.88,True
request_38,user_38,2025-08-07,49,2025-09-25,1621.12,0.0,14.76,400.0,1221.12,True
request_38,user_38,2025-08-07,50,2025-09-26,1621.12,0.0,0.0,400.0,1221.12,True
request_38,user_38,2025-08-07,51,2025-09-27,1621.12,0.0,0.0,400.0,1221.12,True
request_38,user_38,2025-08-07,52,2025-09-28,1621.12,0.0,0.0,400.0,1221.12,True
request_38,user_38,2025-08-07,53,2025-09-29,1621.12,0.0,0.0,400.0,1221.12,True
request_38,user_38,2025-08-07,54,2025-09-30,1593.28,0.0,27.84,400.0,1193.28,True
request_38,user_38,2025-08-07,55,2025-10-01,1593.28,0.0,0.0,400.0,1193.28,True
request_38,user_38,2025-08-07,56,2025-10-02,1593.28,0.0,0.0,400.0,1193.28,True
request_38,user_38,2025-08-07,57,2025-10-03,1576.36,0.0,16.92,400.0,1176.36,True
request_38,user_38,2025-08-07,58,2025-10-04,1508.36,0.0,68.0,400.0,1108.36,True
request_38,user_38,2025-08-07,59,2025-10-05,1508.36,0.0,0.0,400.0,1108.36,True
request_38,user_38,2025-08-07,60,2025-10-06,1508.36,0.0,0.0,400.0,1108.36,True
request_38,user_38,2025-08-07,61,2025-10-07,1468.96,0.0,39.4,400.0,1068.96,True
request_38,user_38,2025-08-07,62,2025-10-08,1449.96,0.0,19.0,400.0,1049.96,True
request_38,user_38,2025-08-07,63,2025-10-09,1378.2,0.0,71.76,400.0,978.2,True
request_38,user_38,2025-08-07,64,2025-10-10,1350.36,0.0,27.84,400.0,950.36,True
request_38,user_38,2025-08-07,65,2025-10-11,1316.78,0.0,33.58,400.0,916.78,True
request_38,user_38,2025-08-07,66,2025-10-12,1316.78,0.0,0.0,400.0,916.78,True
request_38,user_38,2025-08-07,67,2025-10-13,1311.78,0.0,5.0,400.0,911.78,True
request_38,user_38,2025-08-07,68,2025-10-14,1311.78,0.0,0.0,400.0,911.78,True
request_38,user_38,2025-08-07,69,2025-10-15,2036.66,737.0,12.12,400.0,1636.66,True
request_38,user_38,2025-08-07,70,2025-10-16,2036.66,0.0,0.0,400.0,1636.66,True
request_38,user_38,2025-08-07,71,2025-10-17,2036.66,0.0,0.0,400.0,1636.66,True
request_38,user_38,2025-08-07,72,2025-10-18,2036.66,0.0,0.0,400.0,1636.66,True
request_38,user_38,2025-08-07,73,2025-10-19,2036.66,0.0,0.0,400.0,1636.66,True
request_38,user_38,2025-08-07,74,2025-10-20,2008.82,0.0,27.84,400.0,1608.82,True
request_38,user_38,2025-08-07,75,2025-10-21,2008.82,0.0,0.0,400.0,1608.82,True
request_38,user_38,2025-08-07,76,2025-10-22,2008.82,0.0,0.0,400.0,1608.82,True
request_38,user_38,2025-08-07,77,2025-10-23,1994.06,0.0,14.76,400.0,1594.06,True
request_38,user_38,2025-08-07,78,2025-10-24,1977.14,0.0,16.92,400.0,1577.14,True
request_38,user_38,2025-08-07,79,2025-10-25,1977.14,0.0,0.0,400.0,1577.14,True
request_38,user_38,2025-08-07,80,2025-10-26,1977.14,0.0,0.0,400.0,1577.14,True
request_38,user_38,2025-08-07,81,2025-10-27,1977.14,0.0,0.0,400.0,1577.14,True
request_38,user_38,2025-08-07,82,2025-10-28,1977.14,0.0,0.0,400.0,1577.14,True
request_38,user_38,2025-08-07,83,2025-10-29,1977.14,0.0,0.0,400.0,1577.14,True
request_38,user_38,2025-08-07,84,2025-10-30,1949.3,0.0,27.84,400.0,1549.3,True
request_38,user_38,2025-08-07,85,2025-10-31,1949.3,0.0,0.0,400.0,1549.3,True
request_38,user_38,2025-08-07,86,2025-11-01,1949.3,0.0,0.0,400.0,1549.3,True
request_38,user_38,2025-08-07,87,2025-11-02,1949.3,0.0,0.0,400.0,1549.3,True
request_38,user_38,2025-08-07,88,2025-11-03,1949.3,0.0,0.0,400.0,1549.3,True
request_38,user_38,2025-08-07,89,2025-11-04,1881.3,0.0,68.0,400.0,1481.3,True
request_38,user_38,2025-08-07,90,2025-11-05,1881.3,0.0,0.0,400.0,1481.3,True
request_39,user_39,2026-04-04,0,2026-04-04,338505.0,0.0,78000.0,213400.0,125105.0,True
request_39,user_39,2026-04-04,1,2026-04-05,333208.15,0.0,5296.85,213400.0,119808.15,True
request_39,user_39,2026-04-04,2,2026-04-06,333208.15,0.0,0.0,213400.0,119808.15,True
request_39,user_39,2026-04-04,3,2026-04-07,333208.15,0.0,0.0,213400.0,119808.15,True
request_39,user_39,2026-04-04,4,2026-04-08,308350.97,0.0,24857.18,213400.0,94950.97,True
request_39,user_39,2026-04-04,5,2026-04-09,286876.26,0.0,21474.71,213400.0,73476.26,True
request_39,user_39,2026-04-04,6,2026-04-10,281579.41,0.0,5296.85,213400.0,68179.41,True
request_39,user_39,2026-04-04,7,2026-04-11,275999.41,0.0,5580.0,213400.0,62599.41,True
request_39,user_39,2026-04-04,8,2026-04-12,275999.41,0.0,0.0,213400.0,62599.41,True
request_39,user_39,2026-04-04,9,2026-04-13,275999.41,0.0,0.0,213400.0,62599.41,True
request_39,user_39,2026-04-04,10,2026-04-14,274734.41,0.0,1265.0,213400.0,61334.41,True
request_39,user_39,2026-04-04,11,2026-04-15,262816.96,3048.0,14965.45,213400.0,49416.96,True
request_39,user_39,2026-04-04,12,2026-04-16,252513.19,0.0,10303.77,213400.0,39113.19,True
request_39,user_39,2026-04-04,13,2026-04-17,252513.19,0.0,0.0,213400.0,39113.19,True
request_39,user_39,2026-04-04,14,2026-04-18,252513.19,0.0,0.0,213400.0,39113.19,True
request_39,user_39,2026-04-04,15,2026-04-19,241238.48,0.0,11274.71,213400.0,27838.48,True
request_39,user_39,2026-04-04,16,2026-04-20,235941.63,0.0,5296.85,213400.0,22541.63,True
request_39,user_39,2026-04-04,17,2026-04-21,235941.63,0.0,0.0,213400.0,22541.63,True
request_39,user_39,2026-04-04,18,2026-04-22,226273.03,0.0,9668.6,213400.0,12873.03,True
request_39,user_39,2026-04-04,19,2026-04-23,226273.03,0.0,0.0,213400.0,12873.03,True
request_39,user_39,2026-04-04,20,2026-04-24,226273.03,0.0,0.0,213400.0,12873.03,True
request_39,user_39,2026-04-04,21,2026-04-25,220976.18,0.0,5296.85,213400.0,7576.18,True
request_39,user_39,2026-04-04,22,2026-04-26,220976.18,0.0,0.0,213400.0,7576.18,True
request_39,user_39,2026-04-04,23,2026-04-27,220976.18,0.0,0.0,213400.0,7576.18,True
request_39,user_39,2026-04-04,24,2026-04-28,220976.18,0.0,0.0,213400.0,7576.18,True
request_39,user_39,2026-04-04,25,2026-04-29,200032.87,0.0,20943.31,213400.0,-13367.13,False
request_39,user_39,2026-04-04,26,2026-04-30,194736.02,0.0,5296.85,213400.0,-18663.98,False
request_39,user_39,2026-04-04,27,2026-05-01,194736.02,0.0,0.0,213400.0,-18663.98,False
request_39,user_39,2026-04-04,28,2026-05-02,194736.02,0.0,0.0,213400.0,-18663.98,False
request_39,user_39,2026-04-04,29,2026-05-03,194736.02,0.0,0.0,213400.0,-18663.98,False
request_39,user_39,2026-04-04,30,2026-05-04,116736.02,0.0,78000.0,213400.0,-96663.98,False
request_39,user_39,2026-04-04,31,2026-05-05,111439.17,0.0,5296.85,213400.0,-101960.83,False
request_39,user_39,2026-04-04,32,2026-05-06,101770.57,0.0,9668.6,213400.0,-111629.43,False
request_39,user_39,2026-04-04,33,2026-05-07,101770.57,0.0,0.0,213400.0,-111629.43,False
request_39,user_39,2026-04-04,34,2026-05-08,86581.99,0.0,15188.58,213400.0,-126818.01,False
request_39,user_39,2026-04-04,35,2026-05-09,65107.28,0.0,21474.71,213400.0,-148292.72,False
request_39,user_39,2026-04-04,36,2026-05-10,59810.43,0.0,5296.85,213400.0,-153589.57,False
request_39,user_39,2026-04-04,37,2026-05-11,54230.43,0.0,5580.0,213400.0,-159169.57,False
request_39,user_39,2026-04-04,38,2026-05-12,54230.43,0.0,0.0,213400.0,-159169.57,False
request_39,user_39,2026-04-04,39,2026-05-13,44561.83,0.0,9668.6,213400.0,-168838.17,False
request_39,user_39,2026-04-04,40,2026-05-14,43296.83,0.0,1265.0,213400.0,-170103.17,False
request_39,user_39,2026-04-04,41,2026-05-15,41047.98,3048.0,5296.85,213400.0,-172352.02,False
request_39,user_39,2026-04-04,42,2026-05-16,30744.21,0.0,10303.77,213400.0,-182655.79,False
request_39,user_39,2026-04-04,43,2026-05-17,30744.21,0.0,0.0,213400.0,-182655.79,False
request_39,user_39,2026-04-04,44,2026-05-18,30744.21,0.0,0.0,213400.0,-182655.79,False
request_39,user_39,2026-04-04,45,2026-05-19,19469.5,0.0,11274.71,213400.0,-193930.5,False
request_39,user_39,2026-04-04,46,2026-05-20,4504.05,0.0,14965.45,213400.0,-208895.95,False
request_39,user_39,2026-04-04,47,2026-05-21,4504.05,0.0,0.0,213400.0,-208895.95,False
request_39,user_39,2026-04-04,48,2026-05-22,4504.05,0.0,0.0,213400.0,-208895.95,False
request_39,user_39,2026-04-04,49,2026-05-23,4504.05,0.0,0.0,213400.0,-208895.95,False
request_39,user_39,2026-04-04,50,2026-05-24,4504.05,0.0,0.0,213400.0,-208895.95,False
request_39,user_39,2026-04-04,51,2026-05-25,-792.8,0.0,5296.85,213400.0,-214192.8,False
request_39,user_39,2026-04-04,52,2026-05-26,-792.8,0.0,0.0,213400.0,-214192.8,False
request_39,user_39,2026-04-04,53,2026-05-27,-10461.4,0.0,9668.6,213400.0,-223861.4,False
request_39,user_39,2026-04-04,54,2026-05-28,-10461.4,0.0,0.0,213400.0,-223861.4,False
request_39,user_39,2026-04-04,55,2026-05-29,-21736.11,0.0,11274.71,213400.0,-235136.11,False
request_39,user_39,2026-04-04,56,2026-05-30,-27032.96,0.0,5296.85,213400.0,-240432.96,False
request_39,user_39,2026-04-04,57,2026-05-31,-27032.96,0.0,0.0,213400.0,-240432.96,False
request_39,user_39,2026-04-04,58,2026-06-01,-27032.96,0.0,0.0,213400.0,-240432.96,False
request_39,user_39,2026-04-04,59,2026-06-02,-27032.96,0.0,0.0,213400.0,-240432.96,False
request_39,user_39,2026-04-04,60,2026-06-03,-36701.56,0.0,9668.6,213400.0,-250101.56,False
request_39,user_39,2026-04-04,61,2026-06-04,-119998.41,0.0,83296.85,213400.0,-333398.41,False
request_39,user_39,2026-04-04,62,2026-06-05,-119998.41,0.0,0.0,213400.0,-333398.41,False
request_39,user_39,2026-04-04,63,2026-06-06,-119998.41,0.0,0.0,213400.0,-333398.41,False
request_39,user_39,2026-04-04,64,2026-06-07,-119998.41,0.0,0.0,213400.0,-333398.41,False
request_39,user_39,2026-04-04,65,2026-06-08,-146461.7,0.0,26463.29,213400.0,-359861.7,False
request_39,user_39,2026-04-04,66,2026-06-09,-161958.55,0.0,15496.85,213400.0,-375358.55,False
request_39,user_39,2026-04-04,67,2026-06-10,-171627.15,0.0,9668.6,213400.0,-385027.15,False
request_39,user_39,2026-04-04,68,2026-06-11,-177207.15,0.0,5580.0,213400.0,-390607.15,False
request_39,user_39,2026-04-04,69,2026-06-12,-177207.15,0.0,0.0,213400.0,-390607.15,False
request_39,user_39,2026-04-04,70,2026-06-13,-177207.15,0.0,0.0,213400.0,-390607.15,False
request_39,user_39,2026-04-04,71,2026-06-14,-183769.0,0.0,6561.85,213400.0,-397169.0,False
request_39,user_39,2026-04-04,72,2026-06-15,-180721.0,3048.0,0.0,213400.0,-394121.0,False
request_39,user_39,2026-04-04,73,2026-06-16,-191024.77,0.0,10303.77,213400.0,-404424.77,False
request_39,user_39,2026-04-04,74,2026-06-17,-200693.37,0.0,9668.6,213400.0,-414093.37,False
request_39,user_39,2026-04-04,75,2026-06-18,-211968.08,0.0,11274.71,213400.0,-425368.08,False
request_39,user_39,2026-04-04,76,2026-06-19,-217264.93,0.0,5296.85,213400.0,-430664.93,False
request_39,user_39,2026-04-04,77,2026-06-20,-217264.93,0.0,0.0,213400.0,-430664.93,False
request_39,user_39,2026-04-04,78,2026-06-21,-217264.93,0.0,0.0,213400.0,-430664.93,False
request_39,user_39,2026-04-04,79,2026-06-22,-217264.93,0.0,0.0,213400.0,-430664.93,False
request_39,user_39,2026-04-04,80,2026-06-23,-217264.93,0.0,0.0,213400.0,-430664.93,False
request_39,user_39,2026-04-04,81,2026-06-24,-232230.38,0.0,14965.45,213400.0,-445630.38,False
request_39,user_39,2026-04-04,82,2026-06-25,-232230.38,0.0,0.0,213400.0,-445630.38,False
request_39,user_39,2026-04-04,83,2026-06-26,-232230.38,0.0,0.0,213400.0,-445630.38,False
request_39,user_39,2026-04-04,84,2026-06-27,-232230.38,0.0,0.0,213400.0,-445630.38,False
request_39,user_39,2026-04-04,85,2026-06-28,-243505.09,0.0,11274.71,213400.0,-456905.09,False
request_39,user_39,2026-04-04,86,2026-06-29,-248801.94,0.0,5296.85,213400.0,-462201.94,False
request_39,user_39,2026-04-04,87,2026-06-30,-248801.94,0.0,0.0,213400.0,-462201.94,False
request_39,user_39,2026-04-04,88,2026-07-01,-258470.54,0.0,9668.6,213400.0,-471870.54,False
request_39,user_39,2026-04-04,89,2026-07-02,-258470.54,0.0,0.0,213400.0,-471870.54,False
request_39,user_39,2026-04-04,90,2026-07-03,-258470.54,0.0,0.0,213400.0,-471870.54,False
request_40,user_40,2024-06-06,0,2024-06-06,2394.0,0.0,0.0,1500.0,894.0,True
request_40,user_40,2024-06-06,1,2024-06-07,2195.0,0.0,199.0,1500.0,695.0,True
request_40,user_40,2024-06-06,2,2024-06-08,2195.0,0.0,0.0,1500.0,695.0,True
request_40,user_40,2024-06-06,3,2024-06-09,2195.0,0.0,0.0,1500.0,695.0,True
request_40,user_40,2024-06-06,4,2024-06-10,1978.25,0.0,216.75,1500.0,478.25,True
request_40,user_40,2024-06-06,5,2024-06-11,1946.12,0.0,32.13,1500.0,446.12,True
request_40,user_40,2024-06-06,6,2024-06-12,1832.46,0.0,113.66,1500.0,332.46,True
request_40,user_40,2024-06-06,7,2024-06-13,1832.46,0.0,0.0,1500.0,332.46,True
request_40,user_40,2024-06-06,8,2024-06-14,1832.46,0.0,0.0,1500.0,332.46,True
request_40,user_40,2024-06-06,9,2024-06-15,3592.46,1760.0,0.0,1500.0,2092.46,True
request_40,user_40,2024-06-06,10,2024-06-16,3592.46,0.0,0.0,1500.0,2092.46,True
request_40,user_40,2024-06-06,11,2024-06-17,3501.71,0.0,90.75,1500.0,2001.71,True
request_40,user_40,2024-06-06,12,2024-06-18,3469.58,0.0,32.13,1500.0,1969.58,True
request_40,user_40,2024-06-06,13,2024-06-19,3469.58,0.0,0.0,1500.0,1969.58,True
request_40,user_40,2024-06-06,14,2024-06-20,3469.58,0.0,0.0,1500.0,1969.58,True
request_40,user_40,2024-06-06,15,2024-06-21,3469.58,0.0,0.0,1500.0,1969.58,True
request_40,user_40,2024-06-06,16,2024-06-22,3469.58,0.0,0.0,1500.0,1969.58,True
request_40,user_40,2024-06-06,17,2024-06-23,3469.58,0.0,0.0,1500.0,1969.58,True
request_40,user_40,2024-06-06,18,2024-06-24,3378.83,0.0,90.75,1500.0,1878.83,True
request_40,user_40,2024-06-06,19,2024-06-25,3346.7,0.0,32.13,1500.0,1846.7,True
request_40,user_40,2024-06-06,20,2024-06-26,3262.04,0.0,84.66,1500.0,1762.04,True
request_40,user_40,2024-06-06,21,2024-06-27,3262.04,0.0,0.0,1500.0,1762.04,True
request_40,user_40,2024-06-06,22,2024-06-28,3262.04,0.0,0.0,1500.0,1762.04,True
request_40,user_40,2024-06-06,23,2024-06-29,3262.04,0.0,0.0,1500.0,1762.04,True
request_40,user_40,2024-06-06,24,2024-06-30,3262.04,0.0,0.0,1500.0,1762.04,True
request_40,user_40,2024-06-06,25,2024-07-01,2589.39,0.0,672.65,1500.0,1089.39,True
request_40,user_40,2024-06-06,26,2024-07-02,2557.26,0.0,32.13,1500.0,1057.26,True
request_40,user_40,2024-06-06,27,2024-07-03,2557.26,0.0,0.0,1500.0,1057.26,True
request_40,user_40,2024-06-06,28,2024-07-04,2557.26,0.0,0.0,1500.0,1057.26,True
request_40,user_40,2024-06-06,29,2024-07-05,2448.3,0.0,108.96,1500.0,948.3,True
request_40,user_40,2024-06-06,30,2024-07-06,2448.3,0.0,0.0,1500.0,948.3,True
request_40,user_40,2024-06-06,31,2024-07-07,2292.3,0.0,156.0,1500.0,792.3,True
request_40,user_40,2024-06-06,32,2024-07-08,2201.55,0.0,90.75,1500.0,701.55,True
request_40,user_40,2024-06-06,33,2024-07-09,2169.42,0.0,32.13,1500.0,669.42,True
request_40,user_40,2024-06-06,34,2024-07-10,1958.76,0.0,210.66,1500.0,458.76,True
request_40,user_40,2024-06-06,35,2024-07-11,1958.76,0.0,0.0,1500.0,458.76,True
request_40,user_40,2024-06-06,36,2024-07-12,1929.76,0.0,29.0,1500.0,429.76,True
request_40,user_40,2024-06-06,37,2024-07-13,1929.76,0.0,0.0,1500.0,429.76,True
request_40,user_40,2024-06-06,38,2024-07-14,1929.76,0.0,0.0,1500.0,429.76,True
request_40,user_40,2024-06-06,39,2024-07-15,3599.01,1760.0,90.75,1500.0,2099.01,True
request_40,user_40,2024-06-06,40,2024-07-16,3566.88,0.0,32.13,1500.0,2066.88,True
request_40,user_40,2024-06-06,41,2024-07-17,3566.88,0.0,0.0,1500.0,2066.88,True
request_40,user_40,2024-06-06,42,2024-07-18,3566.88,0.0,0.0,1500.0,2066.88,True
request_40,user_40,2024-06-06,43,2024-07-19,3566.88,0.0,0.0,1500.0,2066.88,True
request_40,user_40,2024-06-06,44,2024-07-20,3566.88,0.0,0.0,1500.0,2066.88,True
request_40,user_40,2024-06-06,45,2024-07-21,3566.88,0.0,0.0,1500.0,2066.88,True
request_40,user_40,2024-06-06,46,2024-07-22,3476.13,0.0,90.75,1500.0,1976.13,True
request_40,user_40,2024-06-06,47,2024-07-23,3444.0,0.0,32.13,1500.0,1944.0,True
request_40,user_40,2024-06-06,48,2024-07-24,3359.34,0.0,84.66,1500.0,1859.34,True
request_40,user_40,2024-06-06,49,2024-07-25,3359.34,0.0,0.0,1500.0,1859.34,True
request_40,user_40,2024-06-06,50,2024-07-26,3359.34,0.0,0.0,1500.0,1859.34,True
request_40,user_40,2024-06-06,51,2024-07-27,3359.34,0.0,0.0,1500.0,1859.34,True
request_40,user_40,2024-06-06,52,2024-07-28,3359.34,0.0,0.0,1500.0,1859.34,True
request_40,user_40,2024-06-06,53,2024-07-29,3268.59,0.0,90.75,1500.0,1768.59,True
request_40,user_40,2024-06-06,54,2024-07-30,3236.46,0.0,32.13,1500.0,1736.46,True
request_40,user_40,2024-06-06,55,2024-07-31,3236.46,0.0,0.0,1500.0,1736.46,True
request_40,user_40,2024-06-06,56,2024-08-01,2654.56,0.0,581.9,1500.0,1154.56,True
request_40,user_40,2024-06-06,57,2024-08-02,2654.56,0.0,0.0,1500.0,1154.56,True
request_40,user_40,2024-06-06,58,2024-08-03,2654.56,0.0,0.0,1500.0,1154.56,True
request_40,user_40,2024-06-06,59,2024-08-04,2654.56,0.0,0.0,1500.0,1154.56,True
request_40,user_40,2024-06-06,60,2024-08-05,2454.85,0.0,199.71,1500.0,954.85,True
request_40,user_40,2024-06-06,61,2024-08-06,2422.72,0.0,32.13,1500.0,922.72,True
request_40,user_40,2024-06-06,62,2024-08-07,2182.06,0.0,240.66,1500.0,682.06,True
request_40,user_40,2024-06-06,63,2024-08-08,2182.06,0.0,0.0,1500.0,682.06,True
request_40,user_40,2024-06-06,64,2024-08-09,2182.06,0.0,0.0,1500.0,682.06,True
request_40,user_40,2024-06-06,65,2024-08-10,2056.06,0.0,126.0,1500.0,556.06,True
request_40,user_40,2024-06-06,66,2024-08-11,2056.06,0.0,0.0,1500.0,556.06,True
request_40,user_40,2024-06-06,67,2024-08-12,1936.31,0.0,119.75,1500.0,436.31,True
request_40,user_40,2024-06-06,68,2024-08-13,1904.18,0.0,32.13,1500.0,404.18,True
request_40,user_40,2024-06-06,69,2024-08-14,1904.18,0.0,0.0,1500.0,404.18,True
request_40,user_40,2024-06-06,70,2024-08-15,3664.18,1760.0,0.0,1500.0,2164.18,True
request_40,user_40,2024-06-06,71,2024-08-16,3664.18,0.0,0.0,1500.0,2164.18,True
request_40,user_40,2024-06-06,72,2024-08-17,3664.18,0.0,0.0,1500.0,2164.18,True
request_40,user_40,2024-06-06,73,2024-08-18,3664.18,0.0,0.0,1500.0,2164.18,True
request_40,user_40,2024-06-06,74,2024-08-19,3573.43,0.0,90.75,1500.0,2073.43,True
request_40,user_40,2024-06-06,75,2024-08-20,3541.3,0.0,32.13,1500.0,2041.3,True
request_40,user_40,2024-06-06,76,2024-08-21,3456.64,0.0,84.66,1500.0,1956.64,True
request_40,user_40,2024-06-06,77,2024-08-22,3456.64,0.0,0.0,1500.0,1956.64,True
request_40,user_40,2024-06-06,78,2024-08-23,3456.64,0.0,0.0,1500.0,1956.64,True
request_40,user_40,2024-06-06,79,2024-08-24,3456.64,0.0,0.0,1500.0,1956.64,True
request_40,user_40,2024-06-06,80,2024-08-25,3456.64,0.0,0.0,1500.0,1956.64,True
request_40,user_40,2024-06-06,81,2024-08-26,3365.89,0.0,90.75,1500.0,1865.89,True
request_40,user_40,2024-06-06,82,2024-08-27,3333.76,0.0,32.13,1500.0,1833.76,True
request_40,user_40,2024-06-06,83,2024-08-28,3333.76,0.0,0.0,1500.0,1833.76,True
request_40,user_40,2024-06-06,84,2024-08-29,3333.76,0.0,0.0,1500.0,1833.76,True
request_40,user_40,2024-06-06,85,2024-08-30,3333.76,0.0,0.0,1500.0,1833.76,True
request_40,user_40,2024-06-06,86,2024-08-31,3333.76,0.0,0.0,1500.0,1833.76,True
request_40,user_40,2024-06-06,87,2024-09-01,2751.86,0.0,581.9,1500.0,1251.86,True
request_40,user_40,2024-06-06,88,2024-09-02,2661.11,0.0,90.75,1500.0,1161.11,True
request_40,user_40,2024-06-06,89,2024-09-03,2628.98,0.0,32.13,1500.0,1128.98,True
request_40,user_40,2024-06-06,90,2024-09-04,2544.32,0.0,84.66,1500.0,1044.32,True
request_41,user_41,2025-11-03,0,2025-11-03,49035578.28,0.0,1140271.72,25366600.0,23668978.28,True
request_41,user_41,2025-11-03,1,2025-11-04,49035578.28,0.0,0.0,25366600.0,23668978.28,True
request_41,user_41,2025-11-03,2,2025-11-05,46115278.28,0.0,2920300.0,25366600.0,20748678.28,True
request_41,user_41,2025-11-03,3,2025-11-06,41770219.48,0.0,4345058.8,25366600.0,16403619.48,True
request_41,user_41,2025-11-03,4,2025-11-07,38596027.87,0.0,3174191.61,25366600.0,13229427.87,True
request_41,user_41,2025-11-03,5,2025-11-08,38596027.87,0.0,0.0,25366600.0,13229427.87,True
request_41,user_41,2025-11-03,6,2025-11-09,37727727.87,0.0,868300.0,25366600.0,12361127.87,True
request_41,user_41,2025-11-03,7,2025-11-10,36587456.15,0.0,1140271.72,25366600.0,11220856.15,True
request_41,user_41,2025-11-03,8,2025-11-11,36587456.15,0.0,0.0,25366600.0,11220856.15,True
request_41,user_41,2025-11-03,9,2025-11-12,35207814.54,0.0,1379641.61,25366600.0,9841214.54,True
request_41,user_41,2025-11-03,10,2025-11-13,35207814.54,0.0,0.0,25366600.0,9841214.54,True
request_41,user_41,2025-11-03,11,2025-11-14,34148353.1,0.0,1059461.44,25366600.0,8781753.1,True
request_41,user_41,2025-11-03,12,2025-11-15,34151041.1,2688.0,0.0,25366600.0,8784441.1,True
request_41,user_41,2025-11-03,13,2025-11-16,32650668.99,0.0,1500372.11,25366600.0,7284068.99,True
request_41,user_41,2025-11-03,14,2025-11-17,30411005.66,0.0,2239663.33,25366600.0,5044405.66,True
request_41,user_41,2025-11-03,15,2025-11-18,30411005.66,0.0,0.0,25366600.0,5044405.66,True
request_41,user_41,2025-11-03,16,2025-11-19,30411005.66,0.0,0.0,25366600.0,5044405.66,True
request_41,user_41,2025-11-03,17,2025-11-20,30411005.66,0.0,0.0,25366600.0,5044405.66,True
request_41,user_41,2025-11-03,18,2025-11-21,30411005.66,0.0,0.0,25366600.0,5044405.66,True
request_41,user_41,2025-11-03,19,2025-11-22,29311614.05,0.0,1099391.61,25366600.0,3945014.05,True
request_41,user_41,2025-11-03,20,2025-11-23,29311614.05,0.0,0.0,25366600.0,3945014.05,True
request_41,user_41,2025-11-03,21,2025-11-24,28171342.33,0.0,1140271.72,25366600.0,2804742.33,True
request_41,user_41,2025-11-03,22,2025-11-25,28171342.33,0.0,0.0,25366600.0,2804742.33,True
request_41,user_41,2025-11-03,23,2025-11-26,26670970.22,0.0,1500372.11,25366600.0,1304370.22,True
request_41,user_41,2025-11-03,24,2025-11-27,25571578.61,0.0,1099391.61,25366600.0,204978.61,True
request_41,user_41,2025-11-03,25,2025-11-28,25571578.61,0.0,0.0,25366600.0,204978.61,True
request_41,user_41,2025-11-03,26,2025-11-29,25571578.61,0.0,0.0,25366600.0,204978.61,True
request_41,user_41,2025-11-03,27,2025-11-30,25571578.61,0.0,0.0,25366600.0,204978.61,True
request_41,user_41,2025-11-03,28,2025-12-01,24431306.89,0.0,1140271.72,25366600.0,-935293.11,False
request_41,user_41,2025-11-03,29,2025-12-02,13850915.28,0.0,10580391.61,25366600.0,-11515684.72,False
request_41,user_41,2025-11-03,30,2025-12-03,13850915.28,0.0,0.0,25366600.0,-11515684.72,False
request_41,user_41,2025-11-03,31,2025-12-04,13850915.28,0.0,0.0,25366600.0,-11515684.72,False
request_41,user_41,2025-11-03,32,2025-12-05,13850915.28,0.0,0.0,25366600.0,-11515684.72,False
request_41,user_41,2025-11-03,33,2025-12-06,9505856.48,0.0,4345058.8,25366600.0,-15860743.52,False
request_41,user_41,2025-11-03,34,2025-12-07,6331664.87,0.0,3174191.61,25366600.0,-19034935.13,False
request_41,user_41,2025-11-03,35,2025-12-08,5191393.15,0.0,1140271.72,25366600.0,-20175206.85,False
request_41,user_41,2025-11-03,36,2025-12-09,4323093.15,0.0,868300.0,25366600.0,-21043506.85,False
request_41,user_41,2025-11-03,37,2025-12-10,4323093.15,0.0,0.0,25366600.0,-21043506.85,False
request_41,user_41,2025-11-03,38,2025-12-11,4323093.15,0.0,0.0,25366600.0,-21043506.85,False
request_41,user_41,2025-11-03,39,2025-12-12,2943451.54,0.0,1379641.61,25366600.0,-22423148.46,False
request_41,user_41,2025-11-03,40,2025-12-13,2943451.54,0.0,0.0,25366600.0,-22423148.46,False
request_41,user_41,2025-11-03,41,2025-12-14,1883990.1,0.0,1059461.44,25366600.0,-23482609.9,False
request_41,user_41,2025-11-03,42,2025-12-15,746406.38,2688.0,1140271.72,25366600.0,-24620193.62,False
request_41,user_41,2025-11-03,43,2025-12-16,-753965.73,0.0,1500372.11,25366600.0,-26120565.73,False
request_41,user_41,2025-11-03,44,2025-12-17,-1853357.34,0.0,1099391.61,25366600.0,-27219957.34,False
request_41,user_41,2025-11-03,45,2025-12-18,-1853357.34,0.0,0.0,25366600.0,-27219957.34,False
request_41,user_41,2025-11-03,46,2025-12-19,-1853357.34,0.0,0.0,25366600.0,-27219957.34,False
request_41,user_41,2025-11-03,47,2025-12-20,-1853357.34,0.0,0.0,25366600.0,-27219957.34,False
request_41,user_41,2025-11-03,48,2025-12-21,-1853357.34,0.0,0.0,25366600.0,-27219957.34,False
request_41,user_41,2025-11-03,49,2025-12-22,-4093020.67,0.0,2239663.33,25366600.0,-29459620.67,False
request_41,user_41,2025-11-03,50,2025-12-23,-4093020.67,0.0,0.0,25366600.0,-29459620.67,False
request_41,user_41,2025-11-03,51,2025-12-24,-4093020.67,0.0,0.0,25366600.0,-29459620.67,False
request_41,user_41,2025-11-03,52,2025-12-25,-4093020.67,0.0,0.0,25366600.0,-29459620.67,False
request_41,user_41,2025-11-03,53,2025-12-26,-5593392.78,0.0,1500372.11,25366600.0,-30959992.78,False
request_41,user_41,2025-11-03,54,2025-12-27,-6692784.39,0.0,1099391.61,25366600.0,-32059384.39,False
request_41,user_41,2025-11-03,55,2025-12-28,-6692784.39,0.0,0.0,25366600.0,-32059384.39,False
request_41,user_41,2025-11-03,56,2025-12-29,-7833056.11,0.0,1140271.72,25366600.0,-33199656.11,False
request_41,user_41,2025-11-03,57,2025-12-30,-7833056.11,0.0,0.0,25366600.0,-33199656.11,False
request_41,user_41,2025-11-03,58,2025-12-31,-7833056.11,0.0,0.0,25366600.0,-33199656.11,False
request_41,user_41,2025-11-03,59,2026-01-01,-8932447.72,0.0,1099391.61,25366600.0,-34299047.72,False
request_41,user_41,2025-11-03,60,2026-01-02,-18413447.72,0.0,9481000.0,25366600.0,-43780047.72,False
request_41,user_41,2025-11-03,61,2026-01-03,-18413447.72,0.0,0.0,25366600.0,-43780047.72,False
request_41,user_41,2025-11-03,62,2026-01-04,-18413447.72,0.0,0.0,25366600.0,-43780047.72,False
request_41,user_41,2025-11-03,63,2026-01-05,-21054091.55,0.0,2640643.83,25366600.0,-46420691.55,False
request_41,user_41,2025-11-03,64,2026-01-06,-24998169.85,0.0,3944078.3,25366600.0,-50364769.85,False
request_41,user_41,2025-11-03,65,2026-01-07,-27072969.85,0.0,2074800.0,25366600.0,-52439569.85,False
request_41,user_41,2025-11-03,66,2026-01-08,-27072969.85,0.0,0.0,25366600.0,-52439569.85,False
request_41,user_41,2025-11-03,67,2026-01-09,-27941269.85,0.0,868300.0,25366600.0,-53307869.85,False
request_41,user_41,2025-11-03,68,2026-01-10,-27941269.85,0.0,0.0,25366600.0,-53307869.85,False
request_41,user_41,2025-11-03,69,2026-01-11,-29040661.46,0.0,1099391.61,25366600.0,-54407261.46,False
request_41,user_41,2025-11-03,70,2026-01-12,-30461183.18,0.0,1420521.72,25366600.0,-55827783.18,False
request_41,user_41,2025-11-03,71,2026-01-13,-30461183.18,0.0,0.0,25366600.0,-55827783.18,False
request_41,user_41,2025-11-03,72,2026-01-14,-31520644.62,0.0,1059461.44,25366600.0,-56887244.62,False
request_41,user_41,2025-11-03,73,2026-01-15,-33018328.73,2688.0,1500372.11,25366600.0,-58384928.73,False
request_41,user_41,2025-11-03,74,2026-01-16,-34117720.34,0.0,1099391.61,25366600.0,-59484320.34,False
request_41,user_41,2025-11-03,75,2026-01-17,-34117720.34,0.0,0.0,25366600.0,-59484320.34,False
request_41,user_41,2025-11-03,76,2026-01-18,-34117720.34,0.0,0.0,25366600.0,-59484320.34,False
request_41,user_41,2025-11-03,77,2026-01-19,-35257992.06,0.0,1140271.72,25366600.0,-60624592.06,False
request_41,user_41,2025-11-03,78,2026-01-20,-35257992.06,0.0,0.0,25366600.0,-60624592.06,False
request_41,user_41,2025-11-03,79,2026-01-21,-36357383.67,0.0,1099391.61,25366600.0,-61723983.67,False
request_41,user_41,2025-11-03,80,2026-01-22,-36357383.67,0.0,0.0,25366600.0,-61723983.67,False
request_41,user_41,2025-11-03,81,2026-01-23,-36357383.67,0.0,0.0,25366600.0,-61723983.67,False
request_41,user_41,2025-11-03,82,2026-01-24,-36357383.67,0.0,0.0,25366600.0,-61723983.67,False
request_41,user_41,2025-11-03,83,2026-01-25,-37857755.78,0.0,1500372.11,25366600.0,-63224355.78,False
request_41,user_41,2025-11-03,84,2026-01-26,-40097419.11,0.0,2239663.33,25366600.0,-65464019.11,False
request_41,user_41,2025-11-03,85,2026-01-27,-40097419.11,0.0,0.0,25366600.0,-65464019.11,False
request_41,user_41,2025-11-03,86,2026-01-28,-40097419.11,0.0,0.0,25366600.0,-65464019.11,False
request_41,user_41,2025-11-03,87,2026-01-29,-40097419.11,0.0,0.0,25366600.0,-65464019.11,False
request_41,user_41,2025-11-03,88,2026-01-30,-40097419.11,0.0,0.0,25366600.0,-65464019.11,False
request_41,user_41,2025-11-03,89,2026-01-31,-41196810.72,0.0,1099391.61,25366600.0,-66563410.72,False
request_41,user_41,2025-11-03,90,2026-02-01,-41196810.72,0.0,0.0,25366600.0,-66563410.72,False
request_42,user_42,2026-01-05,0,2026-01-05,258579.95,0.0,3185.05,113100.0,145479.95,True
request_42,user_42,2026-01-05,1,2026-01-06,253907.11,0.0,4672.84,113100.0,140807.11,True
request_42,user_42,2026-01-05,2,2026-01-07,245694.46,0.0,8212.65,113100.0,132594.46,True
request_42,user_42,2026-01-05,3,2026-01-08,232664.46,0.0,13030.0,113100.0,119564.46,True
request_42,user_42,2026-01-05,4,2026-01-09,224819.66,0.0,7844.8,113100.0,111719.66,True
request_42,user_42,2026-01-05,5,2026-01-10,217724.61,0.0,7095.05,113100.0,104624.61,True
request_42,user_42,2026-01-05,6,2026-01-11,217724.61,0.0,0.0,113100.0,104624.61,True
request_42,user_42,2026-01-05,7,2026-01-12,217724.61,0.0,0.0,113100.0,104624.61,True
request_42,user_42,2026-01-05,8,2026-01-13,211776.77,0.0,5947.84,113100.0,98676.77,True
request_42,user_42,2026-01-05,9,2026-01-14,211776.77,0.0,0.0,113100.0,98676.77,True
request_42,user_42,2026-01-05,10,2026-01-15,294701.93,91760.0,8834.84,113100.0,181601.93,True
request_42,user_42,2026-01-05,11,2026-01-16,294701.93,0.0,0.0,113100.0,181601.93,True
request_42,user_42,2026-01-05,12,2026-01-17,294701.93,0.0,0.0,113100.0,181601.93,True
request_42,user_42,2026-01-05,13,2026-01-18,294701.93,0.0,0.0,113100.0,181601.93,True
request_42,user_42,2026-01-05,14,2026-01-19,286857.13,0.0,7844.8,113100.0,173757.13,True
request_42,user_42,2026-01-05,15,2026-01-20,278999.24,0.0,7857.89,113100.0,165899.24,True
request_42,user_42,2026-01-05,16,2026-01-21,278999.24,0.0,0.0,113100.0,165899.24,True
request_42,user_42,2026-01-05,17,2026-01-22,278999.24,0.0,0.0,113100.0,165899.24,True
request_42,user_42,2026-01-05,18,2026-01-23,278999.24,0.0,0.0,113100.0,165899.24,True
request_42,user_42,2026-01-05,19,2026-01-24,278999.24,0.0,0.0,113100.0,165899.24,True
request_42,user_42,2026-01-05,20,2026-01-25,275814.19,0.0,3185.05,113100.0,162714.19,True
request_42,user_42,2026-01-05,21,2026-01-26,275814.19,0.0,0.0,113100.0,162714.19,True
request_42,user_42,2026-01-05,22,2026-01-27,271141.35,0.0,4672.84,113100.0,158041.35,True
request_42,user_42,2026-01-05,23,2026-01-28,271141.35,0.0,0.0,113100.0,158041.35,True
request_42,user_42,2026-01-05,24,2026-01-29,263296.55,0.0,7844.8,113100.0,150196.55,True
request_42,user_42,2026-01-05,25,2026-01-30,260111.5,0.0,3185.05,113100.0,147011.5,True
request_42,user_42,2026-01-05,26,2026-01-31,260111.5,0.0,0.0,113100.0,147011.5,True
request_42,user_42,2026-01-05,27,2026-02-01,260111.5,0.0,0.0,113100.0,147011.5,True
request_42,user_42,2026-01-05,28,2026-02-02,260111.5,0.0,0.0,113100.0,147011.5,True
request_42,user_42,2026-01-05,29,2026-02-03,215238.66,0.0,44872.84,113100.0,102138.66,True
request_42,user_42,2026-01-05,30,2026-02-04,212053.61,0.0,3185.05,113100.0,98953.61,True
request_42,user_42,2026-01-05,31,2026-02-05,212053.61,0.0,0.0,113100.0,98953.61,True
request_42,user_42,2026-01-05,32,2026-02-06,212053.61,0.0,0.0,113100.0,98953.61,True
request_42,user_42,2026-01-05,33,2026-02-07,203840.96,0.0,8212.65,113100.0,90740.96,True
request_42,user_42,2026-01-05,34,2026-02-08,191066.16,0.0,12774.8,113100.0,77966.16,True
request_42,user_42,2026-01-05,35,2026-02-09,187881.11,0.0,3185.05,113100.0,74781.11,True
request_42,user_42,2026-01-05,36,2026-02-10,179298.27,0.0,8582.84,113100.0,66198.27,True
request_42,user_42,2026-01-05,37,2026-02-11,179298.27,0.0,0.0,113100.0,66198.27,True
request_42,user_42,2026-01-05,38,2026-02-12,179298.27,0.0,0.0,113100.0,66198.27,True
request_42,user_42,2026-01-05,39,2026-02-13,178023.27,0.0,1275.0,113100.0,64923.27,True
request_42,user_42,2026-01-05,40,2026-02-14,174838.22,0.0,3185.05,113100.0,61738.22,True
request_42,user_42,2026-01-05,41,2026-02-15,260948.43,91760.0,5649.79,113100.0,147848.43,True
request_42,user_42,2026-01-05,42,2026-02-16,260948.43,0.0,0.0,113100.0,147848.43,True
request_42,user_42,2026-01-05,43,2026-02-17,256275.59,0.0,4672.84,113100.0,143175.59,True
request_42,user_42,2026-01-05,44,2026-02-18,248430.79,0.0,7844.8,113100.0,135330.79,True
request_42,user_42,2026-01-05,45,2026-02-19,245245.74,0.0,3185.05,113100.0,132145.74,True
request_42,user_42,2026-01-05,46,2026-02-20,245245.74,0.0,0.0,113100.0,132145.74,True
request_42,user_42,2026-01-05,47,2026-02-21,245245.74,0.0,0.0,113100.0,132145.74,True
request_42,user_42,2026-01-05,48,2026-02-22,245245.74,0.0,0.0,113100.0,132145.74,True
request_42,user_42,2026-01-05,49,2026-02-23,245245.74,0.0,0.0,113100.0,132145.74,True
request_42,user_42,2026-01-05,50,2026-02-24,237387.85,0.0,7857.89,113100.0,124287.85,True
request_42,user_42,2026-01-05,51,2026-02-25,237387.85,0.0,0.0,113100.0,124287.85,True
request_42,user_42,2026-01-05,52,2026-02-26,237387.85,0.0,0.0,113100.0,124287.85,True
request_42,user_42,2026-01-05,53,2026-02-27,237387.85,0.0,0.0,113100.0,124287.85,True
request_42,user_42,2026-01-05,54,2026-02-28,229543.05,0.0,7844.8,113100.0,116443.05,True
request_42,user_42,2026-01-05,55,2026-03-01,226358.0,0.0,3185.05,113100.0,113258.0,True
request_42,user_42,2026-01-05,56,2026-03-02,226358.0,0.0,0.0,113100.0,113258.0,True
request_42,user_42,2026-01-05,57,2026-03-03,181485.16,0.0,44872.84,113100.0,68385.16,True
request_42,user_42,2026-01-05,58,2026-03-04,181485.16,0.0,0.0,113100.0,68385.16,True
request_42,user_42,2026-01-05,59,2026-03-05,181485.16,0.0,0.0,113100.0,68385.16,True
request_42,user_42,2026-01-05,60,2026-03-06,178300.11,0.0,3185.05,113100.0,65200.11,True
request_42,user_42,2026-01-05,61,2026-03-07,170087.46,0.0,8212.65,113100.0,56987.46,True
request_42,user_42,2026-01-05,62,2026-03-08,165157.46,0.0,4930.0,113100.0,52057.46,True
request_42,user_42,2026-01-05,63,2026-03-09,165157.46,0.0,0.0,113100.0,52057.46,True
request_42,user_42,2026-01-05,64,2026-03-10,148729.82,0.0,16427.64,113100.0,35629.82,True
request_42,user_42,2026-01-05,65,2026-03-11,145544.77,0.0,3185.05,113100.0,32444.77,True
request_42,user_42,2026-01-05,66,2026-03-12,145544.77,0.0,0.0,113100.0,32444.77,True
request_42,user_42,2026-01-05,67,2026-03-13,144269.77,0.0,1275.0,113100.0,31169.77,True
request_42,user_42,2026-01-05,68,2026-03-14,144269.77,0.0,0.0,113100.0,31169.77,True
request_42,user_42,2026-01-05,69,2026-03-15,230379.98,91760.0,5649.79,113100.0,117279.98,True
request_42,user_42,2026-01-05,70,2026-03-16,227194.93,0.0,3185.05,113100.0,114094.93,True
request_42,user_42,2026-01-05,71,2026-03-17,222522.09,0.0,4672.84,113100.0,109422.09,True
request_42,user_42,2026-01-05,72,2026-03-18,222522.09,0.0,0.0,113100.0,109422.09,True
request_42,user_42,2026-01-05,73,2026-03-19,222522.09,0.0,0.0,113100.0,109422.09,True
request_42,user_42,2026-01-05,74,2026-03-20,214677.29,0.0,7844.8,113100.0,101577.29,True
request_42,user_42,2026-01-05,75,2026-03-21,211492.24,0.0,3185.05,113100.0,98392.24,True
request_42,user_42,2026-01-05,76,2026-03-22,211492.24,0.0,0.0,113100.0,98392.24,True
request_42,user_42,2026-01-05,77,2026-03-23,211492.24,0.0,0.0,113100.0,98392.24,True
request_42,user_42,2026-01-05,78,2026-03-24,206819.4,0.0,4672.84,113100.0,93719.4,True
request_42,user_42,2026-01-05,79,2026-03-25,206819.4,0.0,0.0,113100.0,93719.4,True
request_42,user_42,2026-01-05,80,2026-03-26,203634.35,0.0,3185.05,113100.0,90534.35,True
request_42,user_42,2026-01-05,81,2026-03-27,203634.35,0.0,0.0,113100.0,90534.35,True
request_42,user_42,2026-01-05,82,2026-03-28,203634.35,0.0,0.0,113100.0,90534.35,True
request_42,user_42,2026-01-05,83,2026-03-29,203634.35,0.0,0.0,113100.0,90534.35,True
request_42,user_42,2026-01-05,84,2026-03-30,195789.55,0.0,7844.8,113100.0,82689.55,True
request_42,user_42,2026-01-05,85,2026-03-31,187931.66,0.0,7857.89,113100.0,74831.66,True
request_42,user_42,2026-01-05,86,2026-04-01,187931.66,0.0,0.0,113100.0,74831.66,True
request_42,user_42,2026-01-05,87,2026-04-02,187931.66,0.0,0.0,113100.0,74831.66,True
request_42,user_42,2026-01-05,88,2026-04-03,147731.66,0.0,40200.0,113100.0,34631.66,True
request_42,user_42,2026-01-05,89,2026-04-04,147731.66,0.0,0.0,113100.0,34631.66,True
request_42,user_42,2026-01-05,90,2026-04-05,144546.61,0.0,3185.05,113100.0,31446.61,True
request_43,user_43,2024-09-07,0,2024-09-07,36640750.0,0.0,0.0,21398000.0,15242750.0,True
request_43,user_43,2024-09-07,1,2024-09-08,35023516.98,0.0,1617233.02,21398000.0,13625516.98,True
request_43,user_43,2024-09-07,2,2024-09-09,35023516.98,0.0,0.0,21398000.0,13625516.98,True
request_43,user_43,2024-09-07,3,2024-09-10,35023516.98,0.0,0.0,21398000.0,13625516.98,True
request_43,user_43,2024-09-07,4,2024-09-11,33769516.98,0.0,1254000.0,21398000.0,12371516.98,True
request_43,user_43,2024-09-07,5,2024-09-12,33769516.98,0.0,0.0,21398000.0,12371516.98,True
request_43,user_43,2024-09-07,6,2024-09-13,31266266.98,0.0,2503250.0,21398000.0,9868266.98,True
request_43,user_43,2024-09-07,7,2024-09-14,29841757.75,0.0,1424509.23,21398000.0,8443757.75,True
request_43,user_43,2024-09-07,8,2024-09-15,62711757.75,32870000.0,0.0,21398000.0,41313757.75,True
request_43,user_43,2024-09-07,9,2024-09-16,62711757.75,0.0,0.0,21398000.0,41313757.75,True
request_43,user_43,2024-09-07,10,2024-09-17,62711757.75,0.0,0.0,21398000.0,41313757.75,True
request_43,user_43,2024-09-07,11,2024-09-18,61887703.74,0.0,824054.01,21398000.0,40489703.74,True
request_43,user_43,2024-09-07,12,2024-09-19,61887703.74,0.0,0.0,21398000.0,40489703.74,True
request_43,user_43,2024-09-07,13,2024-09-20,61887703.74,0.0,0.0,21398000.0,40489703.74,True
request_43,user_43,2024-09-07,14,2024-09-21,61887703.74,0.0,0.0,21398000.0,40489703.74,True
request_43,user_43,2024-09-07,15,2024-09-22,61241192.97,0.0,646510.77,21398000.0,39843192.97,True
request_43,user_43,2024-09-07,16,2024-09-23,61241192.97,0.0,0.0,21398000.0,39843192.97,True
request_43,user_43,2024-09-07,17,2024-09-24,61241192.97,0.0,0.0,21398000.0,39843192.97,True
request_43,user_43,2024-09-07,18,2024-09-25,61241192.97,0.0,0.0,21398000.0,39843192.97,True
request_43,user_43,2024-09-07,19,2024-09-26,61241192.97,0.0,0.0,21398000.0,39843192.97,True
request_43,user_43,2024-09-07,20,2024-09-27,61241192.97,0.0,0.0,21398000.0,39843192.97,True
request_43,user_43,2024-09-07,21,2024-09-28,59816683.74,0.0,1424509.23,21398000.0,38418683.74,True
request_43,user_43,2024-09-07,22,2024-09-29,59816683.74,0.0,0.0,21398000.0,38418683.74,True
request_43,user_43,2024-09-07,23,2024-09-30,59816683.74,0.0,0.0,21398000.0,38418683.74,True
request_43,user_43,2024-09-07,24,2024-10-01,59816683.74,0.0,0.0,21398000.0,38418683.74,True
request_43,user_43,2024-09-07,25,2024-10-02,59816683.74,0.0,0.0,21398000.0,38418683.74,True
request_43,user_43,2024-09-07,26,2024-10-03,59816683.74,0.0,0.0,21398000.0,38418683.74,True
request_43,user_43,2024-09-07,27,2024-10-04,50905683.74,0.0,8911000.0,21398000.0,29507683.74,True
request_43,user_43,2024-09-07,28,2024-10-05,50905683.74,0.0,0.0,21398000.0,29507683.74,True
request_43,user_43,2024-09-07,29,2024-10-06,50905683.74,0.0,0.0,21398000.0,29507683.74,True
request_43,user_43,2024-09-07,30,2024-10-07,50905683.74,0.0,0.0,21398000.0,29507683.74,True
request_43,user_43,2024-09-07,31,2024-10-08,49288450.72,0.0,1617233.02,21398000.0,27890450.72,True
request_43,user_43,2024-09-07,32,2024-10-09,48464396.71,0.0,824054.01,21398000.0,27066396.71,True
request_43,user_43,2024-09-07,33,2024-10-10,48464396.71,0.0,0.0,21398000.0,27066396.71,True
request_43,user_43,2024-09-07,34,2024-10-11,48464396.71,0.0,0.0,21398000.0,27066396.71,True
request_43,user_43,2024-09-07,35,2024-10-12,47039887.48,0.0,1424509.23,21398000.0,25641887.48,True
request_43,user_43,2024-09-07,36,2024-10-13,43890126.71,0.0,3149760.77,21398000.0,22492126.71,True
request_43,user_43,2024-09-07,37,2024-10-14,43890126.71,0.0,0.0,21398000.0,22492126.71,True
request_43,user_43,2024-09-07,38,2024-10-15,76760126.71,32870000.0,0.0,21398000.0,55362126.71,True
request_43,user_43,2024-09-07,39,2024-10-16,76760126.71,0.0,0.0,21398000.0,55362126.71,True
request_43,user_43,2024-09-07,40,2024-10-17,76760126.71,0.0,0.0,21398000.0,55362126.71,True
request_43,user_43,2024-09-07,41,2024-10-18,76760126.71,0.0,0.0,21398000.0,55362126.71,True
request_43,user_43,2024-09-07,42,2024-10-19,76760126.71,0.0,0.0,21398000.0,55362126.71,True
request_43,user_43,2024-09-07,43,2024-10-20,76760126.71,0.0,0.0,21398000.0,55362126.71,True
request_43,user_43,2024-09-07,44,2024-10-21,76760126.71,0.0,0.0,21398000.0,55362126.71,True
request_43,user_43,2024-09-07,45,2024-10-22,76760126.71,0.0,0.0,21398000.0,55362126.71,True
request_43,user_43,2024-09-07,46,2024-10-23,76760126.71,0.0,0.0,21398000.0,55362126.71,True
request_43,user_43,2024-09-07,47,2024-10-24,76760126.71,0.0,0.0,21398000.0,55362126.71,True
request_43,user_43,2024-09-07,48,2024-10-25,76760126.71,0.0,0.0,21398000.0,55362126.71,True
request_43,user_43,2024-09-07,49,2024-10-26,75335617.48,0.0,1424509.23,21398000.0,53937617.48,True
request_43,user_43,2024-09-07,50,2024-10-27,75335617.48,0.0,0.0,21398000.0,53937617.48,True
request_43,user_43,2024-09-07,51,2024-10-28,75335617.48,0.0,0.0,21398000.0,53937617.48,True
request_43,user_43,2024-09-07,52,2024-10-29,75335617.48,0.0,0.0,21398000.0,53937617.48,True
request_43,user_43,2024-09-07,53,2024-10-30,74511563.47,0.0,824054.01,21398000.0,53113563.47,True
request_43,user_43,2024-09-07,54,2024-10-31,74511563.47,0.0,0.0,21398000.0,53113563.47,True
request_43,user_43,2024-09-07,55,2024-11-01,74511563.47,0.0,0.0,21398000.0,53113563.47,True
request_43,user_43,2024-09-07,56,2024-11-02,74511563.47,0.0,0.0,21398000.0,53113563.47,True
request_43,user_43,2024-09-07,57,2024-11-03,73865052.7,0.0,646510.77,21398000.0,52467052.7,True
request_43,user_43,2024-09-07,58,2024-11-04,64954052.7,0.0,8911000.0,21398000.0,43556052.7,True
request_43,user_43,2024-09-07,59,2024-11-05,64954052.7,0.0,0.0,21398000.0,43556052.7,True
request_43,user_43,2024-09-07,60,2024-11-06,64954052.7,0.0,0.0,21398000.0,43556052.7,True
request_43,user_43,2024-09-07,61,2024-11-07,64954052.7,0.0,0.0,21398000.0,43556052.7,True
request_43,user_43,2024-09-07,62,2024-11-08,63336819.68,0.0,1617233.02,21398000.0,41938819.68,True
request_43,user_43,2024-09-07,63,2024-11-09,61912310.45,0.0,1424509.23,21398000.0,40514310.45,True
request_43,user_43,2024-09-07,64,2024-11-10,61912310.45,0.0,0.0,21398000.0,40514310.45,True
request_43,user_43,2024-09-07,65,2024-11-11,61912310.45,0.0,0.0,21398000.0,40514310.45,True
request_43,user_43,2024-09-07,66,2024-11-12,61912310.45,0.0,0.0,21398000.0,40514310.45,True
request_43,user_43,2024-09-07,67,2024-11-13,59409060.45,0.0,2503250.0,21398000.0,38011060.45,True
request_43,user_43,2024-09-07,68,2024-11-14,59409060.45,0.0,0.0,21398000.0,38011060.45,True
request_43,user_43,2024-09-07,69,2024-11-15,92279060.45,32870000.0,0.0,21398000.0,70881060.45,True
request_43,user_43,2024-09-07,70,2024-11-16,92279060.45,0.0,0.0,21398000.0,70881060.45,True
request_43,user_43,2024-09-07,71,2024-11-17,92279060.45,0.0,0.0,21398000.0,70881060.45,True
request_43,user_43,2024-09-07,72,2024-11-18,92279060.45,0.0,0.0,21398000.0,70881060.45,True
request_43,user_43,2024-09-07,73,2024-11-19,92279060.45,0.0,0.0,21398000.0,70881060.45,True
request_43,user_43,2024-09-07,74,2024-11-20,91455006.44,0.0,824054.01,21398000.0,70057006.44,True
request_43,user_43,2024-09-07,75,2024-11-21,91455006.44,0.0,0.0,21398000.0,70057006.44,True
request_43,user_43,2024-09-07,76,2024-11-22,91455006.44,0.0,0.0,21398000.0,70057006.44,True
request_43,user_43,2024-09-07,77,2024-11-23,90030497.21,0.0,1424509.23,21398000.0,68632497.21,True
request_43,user_43,2024-09-07,78,2024-11-24,89383986.44,0.0,646510.77,21398000.0,67985986.44,True
request_43,user_43,2024-09-07,79,2024-11-25,89383986.44,0.0,0.0,21398000.0,67985986.44,True
request_43,user_43,2024-09-07,80,2024-11-26,89383986.44,0.0,0.0,21398000.0,67985986.44,True
request_43,user_43,2024-09-07,81,2024-11-27,89383986.44,0.0,0.0,21398000.0,67985986.44,True
request_43,user_43,2024-09-07,82,2024-11-28,89383986.44,0.0,0.0,21398000.0,67985986.44,True
request_43,user_43,2024-09-07,83,2024-11-29,89383986.44,0.0,0.0,21398000.0,67985986.44,True
request_43,user_43,2024-09-07,84,2024-11-30,89383986.44,0.0,0.0,21398000.0,67985986.44,True
request_43,user_43,2024-09-07,85,2024-12-01,89383986.44,0.0,0.0,21398000.0,67985986.44,True
request_43,user_43,2024-09-07,86,2024-12-02,89383986.44,0.0,0.0,21398000.0,67985986.44,True
request_43,user_43,2024-09-07,87,2024-12-03,89383986.44,0.0,0.0,21398000.0,67985986.44,True
request_43,user_43,2024-09-07,88,2024-12-04,80472986.44,0.0,8911000.0,21398000.0,59074986.44,True
request_43,user_43,2024-09-07,89,2024-12-05,80472986.44,0.0,0.0,21398000.0,59074986.44,True
request_43,user_43,2024-09-07,90,2024-12-06,80472986.44,0.0,0.0,21398000.0,59074986.44,True
request_44,user_44,2025-02-04,0,2025-02-04,162290.0,0.0,0.0,82900.0,79390.0,True
request_44,user_44,2025-02-04,1,2025-02-05,154359.45,0.0,7930.55,82900.0,71459.45,True
request_44,user_44,2025-02-04,2,2025-02-06,154359.45,0.0,0.0,82900.0,71459.45,True
request_44,user_44,2025-02-04,3,2025-02-07,145599.45,0.0,8760.0,82900.0,62699.45,True
request_44,user_44,2025-02-04,4,2025-02-08,139746.7,0.0,5852.75,82900.0,56846.7,True
request_44,user_44,2025-02-04,5,2025-02-09,136928.92,0.0,2817.78,82900.0,54028.92,True
request_44,user_44,2025-02-04,6,2025-02-10,118426.06,0.0,18502.86,82900.0,35526.06,True
request_44,user_44,2025-02-04,7,2025-02-11,113596.06,0.0,4830.0,82900.0,30696.06,True
request_44,user_44,2025-02-04,8,2025-02-12,112156.06,0.0,1440.0,82900.0,29256.06,True
request_44,user_44,2025-02-04,9,2025-02-13,112156.06,0.0,0.0,82900.0,29256.06,True
request_44,user_44,2025-02-04,10,2025-02-14,112156.06,0.0,0.0,82900.0,29256.06,True
request_44,user_44,2025-02-04,11,2025-02-15,221303.31,115000.0,5852.75,82900.0,138403.31,True
request_44,user_44,2025-02-04,12,2025-02-16,218485.53,0.0,2817.78,82900.0,135585.53,True
request_44,user_44,2025-02-04,13,2025-02-17,218485.53,0.0,0.0,82900.0,135585.53,True
request_44,user_44,2025-02-04,14,2025-02-18,218485.53,0.0,0.0,82900.0,135585.53,True
request_44,user_44,2025-02-04,15,2025-02-19,218485.53,0.0,0.0,82900.0,135585.53,True
request_44,user_44,2025-02-04,16,2025-02-20,218485.53,0.0,0.0,82900.0,135585.53,True
request_44,user_44,2025-02-04,17,2025-02-21,218485.53,0.0,0.0,82900.0,135585.53,True
request_44,user_44,2025-02-04,18,2025-02-22,212632.78,0.0,5852.75,82900.0,129732.78,True
request_44,user_44,2025-02-04,19,2025-02-23,209815.0,0.0,2817.78,82900.0,126915.0,True
request_44,user_44,2025-02-04,20,2025-02-24,205512.14,0.0,4302.86,82900.0,122612.14,True
request_44,user_44,2025-02-04,21,2025-02-25,205512.14,0.0,0.0,82900.0,122612.14,True
request_44,user_44,2025-02-04,22,2025-02-26,205512.14,0.0,0.0,82900.0,122612.14,True
request_44,user_44,2025-02-04,23,2025-02-27,205512.14,0.0,0.0,82900.0,122612.14,True
request_44,user_44,2025-02-04,24,2025-02-28,205512.14,0.0,0.0,82900.0,122612.14,True
request_44,user_44,2025-02-04,25,2025-03-01,169459.39,0.0,36052.75,82900.0,86559.39,True
request_44,user_44,2025-02-04,26,2025-03-02,166641.61,0.0,2817.78,82900.0,83741.61,True
request_44,user_44,2025-02-04,27,2025-03-03,166641.61,0.0,0.0,82900.0,83741.61,True
request_44,user_44,2025-02-04,28,2025-03-04,166641.61,0.0,0.0,82900.0,83741.61,True
request_44,user_44,2025-02-04,29,2025-03-05,158711.06,0.0,7930.55,82900.0,75811.06,True
request_44,user_44,2025-02-04,30,2025-03-06,158711.06,0.0,0.0,82900.0,75811.06,True
request_44,user_44,2025-02-04,31,2025-03-07,149951.06,0.0,8760.0,82900.0,67051.06,True
request_44,user_44,2025-02-04,32,2025-03-08,144098.31,0.0,5852.75,82900.0,61198.31,True
request_44,user_44,2025-02-04,33,2025-03-09,141280.53,0.0,2817.78,82900.0,58380.53,True
request_44,user_44,2025-02-04,34,2025-03-10,122777.67,0.0,18502.86,82900.0,39877.67,True
request_44,user_44,2025-02-04,35,2025-03-11,122777.67,0.0,0.0,82900.0,39877.67,True
request_44,user_44,2025-02-04,36,2025-03-12,121337.67,0.0,1440.0,82900.0,38437.67,True
request_44,user_44,2025-02-04,37,2025-03-13,121337.67,0.0,0.0,82900.0,38437.67,True
request_44,user_44,2025-02-04,38,2025-03-14,121337.67,0.0,0.0,82900.0,38437.67,True
request_44,user_44,2025-02-04,39,2025-03-15,230484.92,115000.0,5852.75,82900.0,147584.92,True
request_44,user_44,2025-02-04,40,2025-03-16,227667.14,0.0,2817.78,82900.0,144767.14,True
request_44,user_44,2025-02-04,41,2025-03-17,227667.14,0.0,0.0,82900.0,144767.14,True
request_44,user_44,2025-02-04,42,2025-03-18,227667.14,0.0,0.0,82900.0,144767.14,True
request_44,user_44,2025-02-04,43,2025-03-19,227667.14,0.0,0.0,82900.0,144767.14,True
request_44,user_44,2025-02-04,44,2025-03-20,227667.14,0.0,0.0,82900.0,144767.14,True
request_44,user_44,2025-02-04,45,2025-03-21,227667.14,0.0,0.0,82900.0,144767.14,True
request_44,user_44,2025-02-04,46,2025-03-22,221814.39,0.0,5852.75,82900.0,138914.39,True
request_44,user_44,2025-02-04,47,2025-03-23,218996.61,0.0,2817.78,82900.0,136096.61,True
request_44,user_44,2025-02-04,48,2025-03-24,214693.75,0.0,4302.86,82900.0,131793.75,True
request_44,user_44,2025-02-04,49,2025-03-25,214693.75,0.0,0.0,82900.0,131793.75,True
request_44,user_44,2025-02-04,50,2025-03-26,214693.75,0.0,0.0,82900.0,131793.75,True
request_44,user_44,2025-02-04,51,2025-03-27,214693.75,0.0,0.0,82900.0,131793.75,True
request_44,user_44,2025-02-04,52,2025-03-28,214693.75,0.0,0.0,82900.0,131793.75,True
request_44,user_44,2025-02-04,53,2025-03-29,208841.0,0.0,5852.75,82900.0,125941.0,True
request_44,user_44,2025-02-04,54,2025-03-30,206023.22,0.0,2817.78,82900.0,123123.22,True
request_44,user_44,2025-02-04,55,2025-03-31,206023.22,0.0,0.0,82900.0,123123.22,True
request_44,user_44,2025-02-04,56,2025-04-01,175823.22,0.0,30200.0,82900.0,92923.22,True
request_44,user_44,2025-02-04,57,2025-04-02,175823.22,0.0,0.0,82900.0,92923.22,True
request_44,user_44,2025-02-04,58,2025-04-03,175823.22,0.0,0.0,82900.0,92923.22,True
request_44,user_44,2025-02-04,59,2025-04-04,175823.22,0.0,0.0,82900.0,92923.22,True
request_44,user_44,2025-02-04,60,2025-04-05,162039.92,0.0,13783.3,82900.0,79139.92,True
request_44,user_44,2025-02-04,61,2025-04-06,159222.14,0.0,2817.78,82900.0,76322.14,True
request_44,user_44,2025-02-04,62,2025-04-07,146159.28,0.0,13062.86,82900.0,63259.28,True
request_44,user_44,2025-02-04,63,2025-04-08,146159.28,0.0,0.0,82900.0,63259.28,True
request_44,user_44,2025-02-04,64,2025-04-09,146159.28,0.0,0.0,82900.0,63259.28,True
request_44,user_44,2025-02-04,65,2025-04-10,131959.28,0.0,14200.0,82900.0,49059.28,True
request_44,user_44,2025-02-04,66,2025-04-11,131959.28,0.0,0.0,82900.0,49059.28,True
request_44,user_44,2025-02-04,67,2025-04-12,124666.53,0.0,7292.75,82900.0,41766.53,True
request_44,user_44,2025-02-04,68,2025-04-13,121848.75,0.0,2817.78,82900.0,38948.75,True
request_44,user_44,2025-02-04,69,2025-04-14,121848.75,0.0,0.0,82900.0,38948.75,True
request_44,user_44,2025-02-04,70,2025-04-15,236848.75,115000.0,0.0,82900.0,153948.75,True
request_44,user_44,2025-02-04,71,2025-04-16,236848.75,0.0,0.0,82900.0,153948.75,True
request_44,user_44,2025-02-04,72,2025-04-17,236848.75,0.0,0.0,82900.0,153948.75,True
request_44,user_44,2025-02-04,73,2025-04-18,236848.75,0.0,0.0,82900.0,153948.75,True
request_44,user_44,2025-02-04,74,2025-04-19,230996.0,0.0,5852.75,82900.0,148096.0,True
request_44,user_44,2025-02-04,75,2025-04-20,228178.22,0.0,2817.78,82900.0,145278.22,True
request_44,user_44,2025-02-04,76,2025-04-21,223875.36,0.0,4302.86,82900.0,140975.36,True
request_44,user_44,2025-02-04,77,2025-04-22,223875.36,0.0,0.0,82900.0,140975.36,True
request_44,user_44,2025-02-04,78,2025-04-23,223875.36,0.0,0.0,82900.0,140975.36,True
request_44,user_44,2025-02-04,79,2025-04-24,223875.36,0.0,0.0,82900.0,140975.36,True
request_44,user_44,2025-02-04,80,2025-04-25,223875.36,0.0,0.0,82900.0,140975.36,True
request_44,user_44,2025-02-04,81,2025-04-26,218022.61,0.0,5852.75,82900.0,135122.61,True
request_44,user_44,2025-02-04,82,2025-04-27,215204.83,0.0,2817.78,82900.0,132304.83,True
request_44,user_44,2025-02-04,83,2025-04-28,215204.83,0.0,0.0,82900.0,132304.83,True
request_44,user_44,2025-02-04,84,2025-04-29,215204.83,0.0,0.0,82900.0,132304.83,True
request_44,user_44,2025-02-04,85,2025-04-30,215204.83,0.0,0.0,82900.0,132304.83,True
request_44,user_44,2025-02-04,86,2025-05-01,185004.83,0.0,30200.0,82900.0,102104.83,True
request_44,user_44,2025-02-04,87,2025-05-02,185004.83,0.0,0.0,82900.0,102104.83,True
request_44,user_44,2025-02-04,88,2025-05-03,179152.08,0.0,5852.75,82900.0,96252.08,True
request_44,user_44,2025-02-04,89,2025-05-04,176334.3,0.0,2817.78,82900.0,93434.3,True
request_44,user_44,2025-02-04,90,2025-05-05,164100.89,0.0,12233.41,82900.0,81200.89,True
request_45,user_45,2026-07-06,0,2026-07-06,18829943.79,0.0,1152956.21,11149800.0,7680143.79,True
request_45,user_45,2026-07-06,1,2026-07-07,18026243.79,0.0,803700.0,11149800.0,6876443.79,True
request_45,user_45,2026-07-06,2,2026-07-08,18026243.79,0.0,0.0,11149800.0,6876443.79,True
request_45,user_45,2026-07-06,3,2026-07-09,16879132.89,0.0,1147110.9,11149800.0,5729332.89,True
request_45,user_45,2026-07-06,4,2026-07-10,15695303.64,0.0,1183829.25,11149800.0,4545503.64,True
request_45,user_45,2026-07-06,5,2026-07-11,15695303.64,0.0,0.0,11149800.0,4545503.64,True
request_45,user_45,2026-07-06,6,2026-07-12,15315732.27,0.0,379571.37,11149800.0,4165932.27,True
request_45,user_45,2026-07-06,7,2026-07-13,14764276.62,0.0,551455.65,11149800.0,3614476.62,True
request_45,user_45,2026-07-06,8,2026-07-14,14764276.62,0.0,0.0,11149800.0,3614476.62,True
request_45,user_45,2026-07-06,9,2026-07-15,32054276.62,17290000.0,0.0,11149800.0,20904476.62,True
request_45,user_45,2026-07-06,10,2026-07-16,32054276.62,0.0,0.0,11149800.0,20904476.62,True
request_45,user_45,2026-07-06,11,2026-07-17,32054276.62,0.0,0.0,11149800.0,20904476.62,True
request_45,user_45,2026-07-06,12,2026-07-18,32054276.62,0.0,0.0,11149800.0,20904476.62,True
request_45,user_45,2026-07-06,13,2026-07-19,31328965.72,0.0,725310.9,11149800.0,20179165.72,True
request_45,user_45,2026-07-06,14,2026-07-20,31328965.72,0.0,0.0,11149800.0,20179165.72,True
request_45,user_45,2026-07-06,15,2026-07-21,31328965.72,0.0,0.0,11149800.0,20179165.72,True
request_45,user_45,2026-07-06,16,2026-07-22,31328965.72,0.0,0.0,11149800.0,20179165.72,True
request_45,user_45,2026-07-06,17,2026-07-23,31328965.72,0.0,0.0,11149800.0,20179165.72,True
request_45,user_45,2026-07-06,18,2026-07-24,31328965.72,0.0,0.0,11149800.0,20179165.72,True
request_45,user_45,2026-07-06,19,2026-07-25,31328965.72,0.0,0.0,11149800.0,20179165.72,True
request_45,user_45,2026-07-06,20,2026-07-26,30949394.35,0.0,379571.37,11149800.0,19799594.35,True
request_45,user_45,2026-07-06,21,2026-07-27,30397938.7,0.0,551455.65,11149800.0,19248138.7,True
request_45,user_45,2026-07-06,22,2026-07-28,30397938.7,0.0,0.0,11149800.0,19248138.7,True
request_45,user_45,2026-07-06,23,2026-07-29,29672627.8,0.0,725310.9,11149800.0,18522827.8,True
request_45,user_45,2026-07-06,24,2026-07-30,29672627.8,0.0,0.0,11149800.0,18522827.8,True
request_45,user_45,2026-07-06,25,2026-07-31,29672627.8,0.0,0.0,11149800.0,18522827.8,True
request_45,user_45,2026-07-06,26,2026-08-01,29672627.8,0.0,0.0,11149800.0,18522827.8,True
request_45,user_45,2026-07-06,27,2026-08-02,29672627.8,0.0,0.0,11149800.0,18522827.8,True
request_45,user_45,2026-07-06,28,2026-08-03,27867627.8,0.0,1805000.0,11149800.0,16717827.8,True
request_45,user_45,2026-07-06,29,2026-08-04,27867627.8,0.0,0.0,11149800.0,16717827.8,True
request_45,user_45,2026-07-06,30,2026-08-05,27867627.8,0.0,0.0,11149800.0,16717827.8,True
request_45,user_45,2026-07-06,31,2026-08-06,26714671.59,0.0,1152956.21,11149800.0,15564871.59,True
request_45,user_45,2026-07-06,32,2026-08-07,25910971.59,0.0,803700.0,11149800.0,14761171.59,True
request_45,user_45,2026-07-06,33,2026-08-08,25185660.69,0.0,725310.9,11149800.0,14035860.69,True
request_45,user_45,2026-07-06,34,2026-08-09,24384289.32,0.0,801371.37,11149800.0,13234489.32,True
request_45,user_45,2026-07-06,35,2026-08-10,22649004.42,0.0,1735284.9,11149800.0,11499204.42,True
request_45,user_45,2026-07-06,36,2026-08-11,22649004.42,0.0,0.0,11149800.0,11499204.42,True
request_45,user_45,2026-07-06,37,2026-08-12,22649004.42,0.0,0.0,11149800.0,11499204.42,True
request_45,user_45,2026-07-06,38,2026-08-13,22649004.42,0.0,0.0,11149800.0,11499204.42,True
request_45,user_45,2026-07-06,39,2026-08-14,22649004.42,0.0,0.0,11149800.0,11499204.42,True
request_45,user_45,2026-07-06,40,2026-08-15,39939004.42,17290000.0,0.0,11149800.0,28789204.42,True
request_45,user_45,2026-07-06,41,2026-08-16,39939004.42,0.0,0.0,11149800.0,28789204.42,True
request_45,user_45,2026-07-06,42,2026-08-17,39939004.42,0.0,0.0,11149800.0,28789204.42,True
request_45,user_45,2026-07-06,43,2026-08-18,39213693.52,0.0,725310.9,11149800.0,28063893.52,True
request_45,user_45,2026-07-06,44,2026-08-19,39213693.52,0.0,0.0,11149800.0,28063893.52,True
request_45,user_45,2026-07-06,45,2026-08-20,39213693.52,0.0,0.0,11149800.0,28063893.52,True
request_45,user_45,2026-07-06,46,2026-08-21,39213693.52,0.0,0.0,11149800.0,28063893.52,True
request_45,user_45,2026-07-06,47,2026-08-22,39213693.52,0.0,0.0,11149800.0,28063893.52,True
request_45,user_45,2026-07-06,48,2026-08-23,38834122.15,0.0,379571.37,11149800.0,27684322.15,True
request_45,user_45,2026-07-06,49,2026-08-24,38282666.5,0.0,551455.65,11149800.0,27132866.5,True
request_45,user_45,2026-07-06,50,2026-08-25,38282666.5,0.0,0.0,11149800.0,27132866.5,True
request_45,user_45,2026-07-06,51,2026-08-26,38282666.5,0.0,0.0,11149800.0,27132866.5,True
request_45,user_45,2026-07-06,52,2026-08-27,38282666.5,0.0,0.0,11149800.0,27132866.5,True
request_45,user_45,2026-07-06,53,2026-08-28,37557355.6,0.0,725310.9,11149800.0,26407555.6,True
request_45,user_45,2026-07-06,54,2026-08-29,37557355.6,0.0,0.0,11149800.0,26407555.6,True
request_45,user_45,2026-07-06,55,2026-08-30,37557355.6,0.0,0.0,11149800.0,26407555.6,True
request_45,user_45,2026-07-06,56,2026-08-31,37557355.6,0.0,0.0,11149800.0,26407555.6,True
request_45,user_45,2026-07-06,57,2026-09-01,37557355.6,0.0,0.0,11149800.0,26407555.6,True
request_45,user_45,2026-07-06,58,2026-09-02,37557355.6,0.0,0.0,11149800.0,26407555.6,True
request_45,user_45,2026-07-06,59,2026-09-03,35752355.6,0.0,1805000.0,11149800.0,24602555.6,True
request_45,user_45,2026-07-06,60,2026-09-04,35752355.6,0.0,0.0,11149800.0,24602555.6,True
request_45,user_45,2026-07-06,61,2026-09-05,35752355.6,0.0,0.0,11149800.0,24602555.6,True
request_45,user_45,2026-07-06,62,2026-09-06,34219828.02,0.0,1532527.58,11149800.0,23070028.02,True
request_45,user_45,2026-07-06,63,2026-09-07,32139361.47,0.0,2080466.55,11149800.0,20989561.47,True
request_45,user_45,2026-07-06,64,2026-09-08,32139361.47,0.0,0.0,11149800.0,20989561.47,True
request_45,user_45,2026-07-06,65,2026-09-09,31717561.47,0.0,421800.0,11149800.0,20567761.47,True
request_45,user_45,2026-07-06,66,2026-09-10,30533732.22,0.0,1183829.25,11149800.0,19383932.22,True
request_45,user_45,2026-07-06,67,2026-09-11,30533732.22,0.0,0.0,11149800.0,19383932.22,True
request_45,user_45,2026-07-06,68,2026-09-12,30533732.22,0.0,0.0,11149800.0,19383932.22,True
request_45,user_45,2026-07-06,69,2026-09-13,30533732.22,0.0,0.0,11149800.0,19383932.22,True
request_45,user_45,2026-07-06,70,2026-09-14,30533732.22,0.0,0.0,11149800.0,19383932.22,True
request_45,user_45,2026-07-06,71,2026-09-15,47823732.22,17290000.0,0.0,11149800.0,36673932.22,True
request_45,user_45,2026-07-06,72,2026-09-16,47823732.22,0.0,0.0,11149800.0,36673932.22,True
request_45,user_45,2026-07-06,73,2026-09-17,47098421.32,0.0,725310.9,11149800.0,35948621.32,True
request_45,user_45,2026-07-06,74,2026-09-18,47098421.32,0.0,0.0,11149800.0,35948621.32,True
request_45,user_45,2026-07-06,75,2026-09-19,47098421.32,0.0,0.0,11149800.0,35948621.32,True
request_45,user_45,2026-07-06,76,2026-09-20,46718849.95,0.0,379571.37,11149800.0,35569049.95,True
request_45,user_45,2026-07-06,77,2026-09-21,46167394.3,0.0,551455.65,11149800.0,35017594.3,True
request_45,user_45,2026-07-06,78,2026-09-22,46167394.3,0.0,0.0,11149800.0,35017594.3,True
request_45,user_45,2026-07-06,79,2026-09-23,46167394.3,0.0,0.0,11149800.0,35017594.3,True
request_45,user_45,2026-07-06,80,2026-09-24,46167394.3,0.0,0.0,11149800.0,35017594.3,True
request_45,user_45,2026-07-06,81,2026-09-25,46167394.3,0.0,0.0,11149800.0,35017594.3,True
request_45,user_45,2026-07-06,82,2026-09-26,46167394.3,0.0,0.0,11149800.0,35017594.3,True
request_45,user_45,2026-07-06,83,2026-09-27,45442083.4,0.0,725310.9,11149800.0,34292283.4,True
request_45,user_45,2026-07-06,84,2026-09-28,45442083.4,0.0,0.0,11149800.0,34292283.4,True
request_45,user_45,2026-07-06,85,2026-09-29,45442083.4,0.0,0.0,11149800.0,34292283.4,True
request_45,user_45,2026-07-06,86,2026-09-30,45442083.4,0.0,0.0,11149800.0,34292283.4,True
request_45,user_45,2026-07-06,87,2026-10-01,45442083.4,0.0,0.0,11149800.0,34292283.4,True
request_45,user_45,2026-07-06,88,2026-10-02,45442083.4,0.0,0.0,11149800.0,34292283.4,True
request_45,user_45,2026-07-06,89,2026-10-03,43637083.4,0.0,1805000.0,11149800.0,32487283.4,True
request_45,user_45,2026-07-06,90,2026-10-04,43257512.03,0.0,379571.37,11149800.0,32107712.03,True
request_46,user_46,2024-12-03,0,2024-12-03,165466.4,0.0,36868.6,84000.0,81466.4,True
request_46,user_46,2024-12-03,1,2024-12-04,165466.4,0.0,0.0,84000.0,81466.4,True
request_46,user_46,2024-12-03,2,2024-12-05,165466.4,0.0,0.0,84000.0,81466.4,True
request_46,user_46,2024-12-03,3,2024-12-06,165466.4,0.0,0.0,84000.0,81466.4,True
request_46,user_46,2024-12-03,4,2024-12-07,157915.06,0.0,7551.34,84000.0,73915.06,True
request_46,user_46,2024-12-03,5,2024-12-08,157915.06,0.0,0.0,84000.0,73915.06,True
request_46,user_46,2024-12-03,6,2024-12-09,151686.73,0.0,6228.33,84000.0,67686.73,True
request_46,user_46,2024-12-03,7,2024-12-10,144588.13,0.0,7098.6,84000.0,60588.13,True
request_46,user_46,2024-12-03,8,2024-12-11,141336.85,0.0,3251.28,84000.0,57336.85,True
request_46,user_46,2024-12-03,9,2024-12-12,127036.85,0.0,14300.0,84000.0,43036.85,True
request_46,user_46,2024-12-03,10,2024-12-13,126021.85,0.0,1015.0,84000.0,42021.85,True
request_46,user_46,2024-12-03,11,2024-12-14,126021.85,0.0,0.0,84000.0,42021.85,True
request_46,user_46,2024-12-03,12,2024-12-15,271021.85,145000.0,0.0,84000.0,187021.85,True
request_46,user_46,2024-12-03,13,2024-12-16,264793.52,0.0,6228.33,84000.0,180793.52,True
request_46,user_46,2024-12-03,14,2024-12-17,261724.92,0.0,3068.6,84000.0,177724.92,True
request_46,user_46,2024-12-03,15,2024-12-18,261724.92,0.0,0.0,84000.0,177724.92,True
request_46,user_46,2024-12-03,16,2024-12-19,261724.92,0.0,0.0,84000.0,177724.92,True
request_46,user_46,2024-12-03,17,2024-12-20,261724.92,0.0,0.0,84000.0,177724.92,True
request_46,user_46,2024-12-03,18,2024-12-21,261724.92,0.0,0.0,84000.0,177724.92,True
request_46,user_46,2024-12-03,19,2024-12-22,261724.92,0.0,0.0,84000.0,177724.92,True
request_46,user_46,2024-12-03,20,2024-12-23,255496.59,0.0,6228.33,84000.0,171496.59,True
request_46,user_46,2024-12-03,21,2024-12-24,252427.99,0.0,3068.6,84000.0,168427.99,True
request_46,user_46,2024-12-03,22,2024-12-25,249176.71,0.0,3251.28,84000.0,165176.71,True
request_46,user_46,2024-12-03,23,2024-12-26,249176.71,0.0,0.0,84000.0,165176.71,True
request_46,user_46,2024-12-03,24,2024-12-27,249176.71,0.0,0.0,84000.0,165176.71,True
request_46,user_46,2024-12-03,25,2024-12-28,249176.71,0.0,0.0,84000.0,165176.71,True
request_46,user_46,2024-12-03,26,2024-12-29,249176.71,0.0,0.0,84000.0,165176.71,True
request_46,user_46,2024-12-03,27,2024-12-30,242948.38,0.0,6228.33,84000.0,158948.38,True
request_46,user_46,2024-12-03,28,2024-12-31,239879.78,0.0,3068.6,84000.0,155879.78,True
request_46,user_46,2024-12-03,29,2025-01-01,239879.78,0.0,0.0,84000.0,155879.78,True
request_46,user_46,2024-12-03,30,2025-01-02,239879.78,0.0,0.0,84000.0,155879.78,True
request_46,user_46,2024-12-03,31,2025-01-03,206079.78,0.0,33800.0,84000.0,122079.78,True
request_46,user_46,2024-12-03,32,2025-01-04,206079.78,0.0,0.0,84000.0,122079.78,True
request_46,user_46,2024-12-03,33,2025-01-05,206079.78,0.0,0.0,84000.0,122079.78,True
request_46,user_46,2024-12-03,34,2025-01-06,199851.45,0.0,6228.33,84000.0,115851.45,True
request_46,user_46,2024-12-03,35,2025-01-07,189231.51,0.0,10619.94,84000.0,105231.51,True
request_46,user_46,2024-12-03,36,2025-01-08,185980.23,0.0,3251.28,84000.0,101980.23,True
request_46,user_46,2024-12-03,37,2025-01-09,185980.23,0.0,0.0,84000.0,101980.23,True
request_46,user_46,2024-12-03,38,2025-01-10,181950.23,0.0,4030.0,84000.0,97950.23,True
request_46,user_46,2024-12-03,39,2025-01-11,181950.23,0.0,0.0,84000.0,97950.23,True
request_46,user_46,2024-12-03,40,2025-01-12,167650.23,0.0,14300.0,84000.0,83650.23,True
request_46,user_46,2024-12-03,41,2025-01-13,160406.9,0.0,7243.33,84000.0,76406.9,True
request_46,user_46,2024-12-03,42,2025-01-14,157338.3,0.0,3068.6,84000.0,73338.3,True
request_46,user_46,2024-12-03,43,2025-01-15,302338.3,145000.0,0.0,84000.0,218338.3,True
request_46,user_46,2024-12-03,44,2025-01-16,302338.3,0.0,0.0,84000.0,218338.3,True
request_46,user_46,2024-12-03,45,2025-01-17,302338.3,0.0,0.0,84000.0,218338.3,True
request_46,user_46,2024-12-03,46,2025-01-18,302338.3,0.0,0.0,84000.0,218338.3,True
request_46,user_46,2024-12-03,47,2025-01-19,302338.3,0.0,0.0,84000.0,218338.3,True
request_46,user_46,2024-12-03,48,2025-01-20,296109.97,0.0,6228.33,84000.0,212109.97,True
request_46,user_46,2024-12-03,49,2025-01-21,293041.37,0.0,3068.6,84000.0,209041.37,True
request_46,user_46,2024-12-03,50,2025-01-22,289790.09,0.0,3251.28,84000.0,205790.09,True
request_46,user_46,2024-12-03,51,2025-01-23,289790.09,0.0,0.0,84000.0,205790.09,True
request_46,user_46,2024-12-03,52,2025-01-24,289790.09,0.0,0.0,84000.0,205790.09,True
request_46,user_46,2024-12-03,53,2025-01-25,289790.09,0.0,0.0,84000.0,205790.09,True
request_46,user_46,2024-12-03,54,2025-01-26,289790.09,0.0,0.0,84000.0,205790.09,True
request_46,user_46,2024-12-03,55,2025-01-27,283561.76,0.0,6228.33,84000.0,199561.76,True
request_46,user_46,2024-12-03,56,2025-01-28,280493.16,0.0,3068.6,84000.0,196493.16,True
request_46,user_46,2024-12-03,57,2025-01-29,280493.16,0.0,0.0,84000.0,196493.16,True
request_46,user_46,2024-12-03,58,2025-01-30,280493.16,0.0,0.0,84000.0,196493.16,True
request_46,user_46,2024-12-03,59,2025-01-31,280493.16,0.0,0.0,84000.0,196493.16,True
request_46,user_46,2024-12-03,60,2025-02-01,280493.16,0.0,0.0,84000.0,196493.16,True
request_46,user_46,2024-12-03,61,2025-02-02,280493.16,0.0,0.0,84000.0,196493.16,True
request_46,user_46,2024-12-03,62,2025-02-03,240464.83,0.0,40028.33,84000.0,156464.83,True
request_46,user_46,2024-12-03,63,2025-02-04,237396.23,0.0,3068.6,84000.0,153396.23,True
request_46,user_46,2024-12-03,64,2025-02-05,234144.95,0.0,3251.28,84000.0,150144.95,True
request_46,user_46,2024-12-03,65,2025-02-06,234144.95,0.0,0.0,84000.0,150144.95,True
request_46,user_46,2024-12-03,66,2025-02-07,226593.61,0.0,7551.34,84000.0,142593.61,True
request_46,user_46,2024-12-03,67,2025-02-08,226593.61,0.0,0.0,84000.0,142593.61,True
request_46,user_46,2024-12-03,68,2025-02-09,226593.61,0.0,0.0,84000.0,142593.61,True
request_46,user_46,2024-12-03,69,2025-02-10,216335.28,0.0,10258.33,84000.0,132335.28,True
request_46,user_46,2024-12-03,70,2025-02-11,213266.68,0.0,3068.6,84000.0,129266.68,True
request_46,user_46,2024-12-03,71,2025-02-12,198966.68,0.0,14300.0,84000.0,114966.68,True
request_46,user_46,2024-12-03,72,2025-02-13,197951.68,0.0,1015.0,84000.0,113951.68,True
request_46,user_46,2024-12-03,73,2025-02-14,197951.68,0.0,0.0,84000.0,113951.68,True
request_46,user_46,2024-12-03,74,2025-02-15,342951.68,145000.0,0.0,84000.0,258951.68,True
request_46,user_46,2024-12-03,75,2025-02-16,342951.68,0.0,0.0,84000.0,258951.68,True
request_46,user_46,2024-12-03,76,2025-02-17,336723.35,0.0,6228.33,84000.0,252723.35,True
request_46,user_46,2024-12-03,77,2025-02-18,333654.75,0.0,3068.6,84000.0,249654.75,True
request_46,user_46,2024-12-03,78,2025-02-19,330403.47,0.0,3251.28,84000.0,246403.47,True
request_46,user_46,2024-12-03,79,2025-02-20,330403.47,0.0,0.0,84000.0,246403.47,True
request_46,user_46,2024-12-03,80,2025-02-21,330403.47,0.0,0.0,84000.0,246403.47,True
request_46,user_46,2024-12-03,81,2025-02-22,330403.47,0.0,0.0,84000.0,246403.47,True
request_46,user_46,2024-12-03,82,2025-02-23,330403.47,0.0,0.0,84000.0,246403.47,True
request_46,user_46,2024-12-03,83,2025-02-24,324175.14,0.0,6228.33,84000.0,240175.14,True
request_46,user_46,2024-12-03,84,2025-02-25,321106.54,0.0,3068.6,84000.0,237106.54,True
request_46,user_46,2024-12-03,85,2025-02-26,321106.54,0.0,0.0,84000.0,237106.54,True
request_46,user_46,2024-12-03,86,2025-02-27,321106.54,0.0,0.0,84000.0,237106.54,True
request_46,user_46,2024-12-03,87,2025-02-28,321106.54,0.0,0.0,84000.0,237106.54,True
request_46,user_46,2024-12-03,88,2025-03-01,321106.54,0.0,0.0,84000.0,237106.54,True
request_46,user_46,2024-12-03,89,2025-03-02,321106.54,0.0,0.0,84000.0,237106.54,True
request_46,user_46,2024-12-03,90,2025-03-03,281078.21,0.0,40028.33,84000.0,197078.21,True
request_47,user_47,2025-05-05,0,2025-05-05,119277897.14,7396022.86,1042275.72,30049000.0,89228897.14,True
request_47,user_47,2025-05-05,1,2025-05-06,118299409.19,0.0,978487.95,30049000.0,88250409.19,True
request_47,user_47,2025-05-05,2,2025-05-07,118299409.19,0.0,0.0,30049000.0,88250409.19,True
request_47,user_47,2025-05-05,3,2025-05-08,116127985.02,0.0,2171424.17,30049000.0,86078985.02,True
request_47,user_47,2025-05-05,4,2025-05-09,114683890.01,0.0,1444095.01,30049000.0,84634890.01,True
request_47,user_47,2025-05-05,5,2025-05-10,114683890.01,0.0,0.0,30049000.0,84634890.01,True
request_47,user_47,2025-05-05,6,2025-05-11,114683890.01,0.0,0.0,30049000.0,84634890.01,True
request_47,user_47,2025-05-05,7,2025-05-12,112581414.29,0.0,2102475.72,30049000.0,82532414.29,True
request_47,user_47,2025-05-05,8,2025-05-13,111105126.34,0.0,1476287.95,30049000.0,81056126.34,True
request_47,user_47,2025-05-05,9,2025-05-14,111105126.34,0.0,0.0,30049000.0,81056126.34,True
request_47,user_47,2025-05-05,10,2025-05-15,110714676.34,0.0,390450.0,30049000.0,80665676.34,True
request_47,user_47,2025-05-05,11,2025-05-16,109427934.59,0.0,1286741.75,30049000.0,79378934.59,True
request_47,user_47,2025-05-05,12,2025-05-17,109427934.59,0.0,0.0,30049000.0,79378934.59,True
request_47,user_47,2025-05-05,13,2025-05-18,109427934.59,0.0,0.0,30049000.0,79378934.59,True
request_47,user_47,2025-05-05,14,2025-05-19,108385658.87,0.0,1042275.72,30049000.0,78336658.87,True
request_47,user_47,2025-05-05,15,2025-05-20,107407170.92,0.0,978487.95,30049000.0,77358170.92,True
request_47,user_47,2025-05-05,16,2025-05-21,107407170.92,0.0,0.0,30049000.0,77358170.92,True
request_47,user_47,2025-05-05,17,2025-05-22,107407170.92,0.0,0.0,30049000.0,77358170.92,True
request_47,user_47,2025-05-05,18,2025-05-23,105963075.91,0.0,1444095.01,30049000.0,75914075.91,True
request_47,user_47,2025-05-05,19,2025-05-24,105963075.91,0.0,0.0,30049000.0,75914075.91,True
request_47,user_47,2025-05-05,20,2025-05-25,105963075.91,0.0,0.0,30049000.0,75914075.91,True
request_47,user_47,2025-05-05,21,2025-05-26,104920800.19,0.0,1042275.72,30049000.0,74871800.19,True
request_47,user_47,2025-05-05,22,2025-05-27,103942312.24,0.0,978487.95,30049000.0,73893312.24,True
request_47,user_47,2025-05-05,23,2025-05-28,103942312.24,0.0,0.0,30049000.0,73893312.24,True
request_47,user_47,2025-05-05,24,2025-05-29,103942312.24,0.0,0.0,30049000.0,73893312.24,True
request_47,user_47,2025-05-05,25,2025-05-30,103942312.24,0.0,0.0,30049000.0,73893312.24,True
request_47,user_47,2025-05-05,26,2025-05-31,103942312.24,0.0,0.0,30049000.0,73893312.24,True
request_47,user_47,2025-05-05,27,2025-06-01,103942312.24,0.0,0.0,30049000.0,73893312.24,True
request_47,user_47,2025-05-05,28,2025-06-02,102900036.52,0.0,1042275.72,30049000.0,72851036.52,True
request_47,user_47,2025-05-05,29,2025-06-03,101921548.57,0.0,978487.95,30049000.0,71872548.57,True
request_47,user_47,2025-05-05,30,2025-06-04,89856548.57,0.0,12065000.0,30049000.0,59807548.57,True
request_47,user_47,2025-05-05,31,2025-06-05,97252571.43,7396022.86,0.0,30049000.0,67203571.43,True
request_47,user_47,2025-05-05,32,2025-06-06,95808476.42,0.0,1444095.01,30049000.0,65759476.42,True
request_47,user_47,2025-05-05,33,2025-06-07,95808476.42,0.0,0.0,30049000.0,65759476.42,True
request_47,user_47,2025-05-05,34,2025-06-08,93637052.25,0.0,2171424.17,30049000.0,63588052.25,True
request_47,user_47,2025-05-05,35,2025-06-09,92594776.53,0.0,1042275.72,30049000.0,62545776.53,True
request_47,user_47,2025-05-05,36,2025-06-10,91616288.58,0.0,978487.95,30049000.0,61567288.58,True
request_47,user_47,2025-05-05,37,2025-06-11,91616288.58,0.0,0.0,30049000.0,61567288.58,True
request_47,user_47,2025-05-05,38,2025-06-12,90556088.58,0.0,1060200.0,30049000.0,60507088.58,True
request_47,user_47,2025-05-05,39,2025-06-13,90058288.58,0.0,497800.0,30049000.0,60009288.58,True
request_47,user_47,2025-05-05,40,2025-06-14,90058288.58,0.0,0.0,30049000.0,60009288.58,True
request_47,user_47,2025-05-05,41,2025-06-15,89667838.58,0.0,390450.0,30049000.0,59618838.58,True
request_47,user_47,2025-05-05,42,2025-06-16,87338821.11,0.0,2329017.47,30049000.0,57289821.11,True
request_47,user_47,2025-05-05,43,2025-06-17,86360333.16,0.0,978487.95,30049000.0,56311333.16,True
request_47,user_47,2025-05-05,44,2025-06-18,86360333.16,0.0,0.0,30049000.0,56311333.16,True
request_47,user_47,2025-05-05,45,2025-06-19,86360333.16,0.0,0.0,30049000.0,56311333.16,True
request_47,user_47,2025-05-05,46,2025-06-20,84916238.15,0.0,1444095.01,30049000.0,54867238.15,True
request_47,user_47,2025-05-05,47,2025-06-21,84916238.15,0.0,0.0,30049000.0,54867238.15,True
request_47,user_47,2025-05-05,48,2025-06-22,84916238.15,0.0,0.0,30049000.0,54867238.15,True
request_47,user_47,2025-05-05,49,2025-06-23,83873962.43,0.0,1042275.72,30049000.0,53824962.43,True
request_47,user_47,2025-05-05,50,2025-06-24,82895474.48,0.0,978487.95,30049000.0,52846474.48,True
request_47,user_47,2025-05-05,51,2025-06-25,82895474.48,0.0,0.0,30049000.0,52846474.48,True
request_47,user_47,2025-05-05,52,2025-06-26,82895474.48,0.0,0.0,30049000.0,52846474.48,True
request_47,user_47,2025-05-05,53,2025-06-27,82895474.48,0.0,0.0,30049000.0,52846474.48,True
request_47,user_47,2025-05-05,54,2025-06-28,82895474.48,0.0,0.0,30049000.0,52846474.48,True
request_47,user_47,2025-05-05,55,2025-06-29,82895474.48,0.0,0.0,30049000.0,52846474.48,True
request_47,user_47,2025-05-05,56,2025-06-30,81853198.76,0.0,1042275.72,30049000.0,51804198.76,True
request_47,user_47,2025-05-05,57,2025-07-01,80874710.81,0.0,978487.95,30049000.0,50825710.81,True
request_47,user_47,2025-05-05,58,2025-07-02,80874710.81,0.0,0.0,30049000.0,50825710.81,True
request_47,user_47,2025-05-05,59,2025-07-03,80874710.81,0.0,0.0,30049000.0,50825710.81,True
request_47,user_47,2025-05-05,60,2025-07-04,67365615.8,0.0,13509095.01,30049000.0,37316615.8,True
request_47,user_47,2025-05-05,61,2025-07-05,74761638.66,7396022.86,0.0,30049000.0,44712638.66,True
request_47,user_47,2025-05-05,62,2025-07-06,74761638.66,0.0,0.0,30049000.0,44712638.66,True
request_47,user_47,2025-05-05,63,2025-07-07,73719362.94,0.0,1042275.72,30049000.0,43670362.94,True
request_47,user_47,2025-05-05,64,2025-07-08,70569450.82,0.0,3149912.12,30049000.0,40520450.82,True
request_47,user_47,2025-05-05,65,2025-07-09,70569450.82,0.0,0.0,30049000.0,40520450.82,True
request_47,user_47,2025-05-05,66,2025-07-10,70569450.82,0.0,0.0,30049000.0,40520450.82,True
request_47,user_47,2025-05-05,67,2025-07-11,70569450.82,0.0,0.0,30049000.0,40520450.82,True
request_47,user_47,2025-05-05,68,2025-07-12,69509250.82,0.0,1060200.0,30049000.0,39460250.82,True
request_47,user_47,2025-05-05,69,2025-07-13,69011450.82,0.0,497800.0,30049000.0,38962450.82,True
request_47,user_47,2025-05-05,70,2025-07-14,67969175.1,0.0,1042275.72,30049000.0,37920175.1,True
request_47,user_47,2025-05-05,71,2025-07-15,66600237.15,0.0,1368937.95,30049000.0,36551237.15,True
request_47,user_47,2025-05-05,72,2025-07-16,65313495.4,0.0,1286741.75,30049000.0,35264495.4,True
request_47,user_47,2025-05-05,73,2025-07-17,65313495.4,0.0,0.0,30049000.0,35264495.4,True
request_47,user_47,2025-05-05,74,2025-07-18,63869400.39,0.0,1444095.01,30049000.0,33820400.39,True
request_47,user_47,2025-05-05,75,2025-07-19,63869400.39,0.0,0.0,30049000.0,33820400.39,True
request_47,user_47,2025-05-05,76,2025-07-20,63869400.39,0.0,0.0,30049000.0,33820400.39,True
request_47,user_47,2025-05-05,77,2025-07-21,62827124.67,0.0,1042275.72,30049000.0,32778124.67,True
request_47,user_47,2025-05-05,78,2025-07-22,61848636.72,0.0,978487.95,30049000.0,31799636.72,True
request_47,user_47,2025-05-05,79,2025-07-23,61848636.72,0.0,0.0,30049000.0,31799636.72,True
request_47,user_47,2025-05-05,80,2025-07-24,61848636.72,0.0,0.0,30049000.0,31799636.72,True
request_47,user_47,2025-05-05,81,2025-07-25,61848636.72,0.0,0.0,30049000.0,31799636.72,True
request_47,user_47,2025-05-05,82,2025-07-26,61848636.72,0.0,0.0,30049000.0,31799636.72,True
request_47,user_47,2025-05-05,83,2025-07-27,61848636.72,0.0,0.0,30049000.0,31799636.72,True
request_47,user_47,2025-05-05,84,2025-07-28,60806361.0,0.0,1042275.72,30049000.0,30757361.0,True
request_47,user_47,2025-05-05,85,2025-07-29,59827873.05,0.0,978487.95,30049000.0,29778873.05,True
request_47,user_47,2025-05-05,86,2025-07-30,59827873.05,0.0,0.0,30049000.0,29778873.05,True
request_47,user_47,2025-05-05,87,2025-07-31,59827873.05,0.0,0.0,30049000.0,29778873.05,True
request_47,user_47,2025-05-05,88,2025-08-01,58383778.04,0.0,1444095.01,30049000.0,28334778.04,True
request_47,user_47,2025-05-05,89,2025-08-02,58383778.04,0.0,0.0,30049000.0,28334778.04,True
request_47,user_47,2025-05-05,90,2025-08-03,58383778.04,0.0,0.0,30049000.0,28334778.04,True
request_48,user_48,2026-07-25,0,2026-07-25,188065.0,0.0,0.0,71300.0,116765.0,True
request_48,user_48,2026-07-25,1,2026-07-26,188065.0,0.0,0.0,71300.0,116765.0,True
request_48,user_48,2026-07-25,2,2026-07-27,184299.33,0.0,3765.67,71300.0,112999.33,True
request_48,user_48,2026-07-25,3,2026-07-28,182326.06,0.0,1973.27,71300.0,111026.06,True
request_48,user_48,2026-07-25,4,2026-07-29,182326.06,0.0,0.0,71300.0,111026.06,True
request_48,user_48,2026-07-25,5,2026-07-30,182326.06,0.0,0.0,71300.0,111026.06,True
request_48,user_48,2026-07-25,6,2026-07-31,178637.25,0.0,3688.81,71300.0,107337.25,True
request_48,user_48,2026-07-25,7,2026-08-01,153437.25,0.0,25200.0,71300.0,82137.25,True
request_48,user_48,2026-07-25,8,2026-08-02,151463.98,0.0,1973.27,71300.0,80163.98,True
request_48,user_48,2026-07-25,9,2026-08-03,151463.98,0.0,0.0,71300.0,80163.98,True
request_48,user_48,2026-07-25,10,2026-08-04,151463.98,0.0,0.0,71300.0,80163.98,True
request_48,user_48,2026-07-25,11,2026-08-05,145457.6,0.0,6006.38,71300.0,74157.6,True
request_48,user_48,2026-07-25,12,2026-08-06,138231.93,0.0,7225.67,71300.0,66931.93,True
request_48,user_48,2026-07-25,13,2026-08-07,132569.85,0.0,5662.08,71300.0,61269.85,True
request_48,user_48,2026-07-25,14,2026-08-08,130719.85,0.0,1850.0,71300.0,59419.85,True
request_48,user_48,2026-07-25,15,2026-08-09,130719.85,0.0,0.0,71300.0,59419.85,True
request_48,user_48,2026-07-25,16,2026-08-10,130719.85,0.0,0.0,71300.0,59419.85,True
request_48,user_48,2026-07-25,17,2026-08-11,130089.85,0.0,630.0,71300.0,58789.85,True
request_48,user_48,2026-07-25,18,2026-08-12,128116.58,0.0,1973.27,71300.0,56816.58,True
request_48,user_48,2026-07-25,19,2026-08-13,125907.64,0.0,2208.94,71300.0,54607.64,True
request_48,user_48,2026-07-25,20,2026-08-14,122218.83,0.0,3688.81,71300.0,50918.83,True
request_48,user_48,2026-07-25,21,2026-08-15,123202.83,984.0,0.0,71300.0,51902.83,True
request_48,user_48,2026-07-25,22,2026-08-16,119437.16,0.0,3765.67,71300.0,48137.16,True
request_48,user_48,2026-07-25,23,2026-08-17,117463.89,0.0,1973.27,71300.0,46163.89,True
request_48,user_48,2026-07-25,24,2026-08-18,117463.89,0.0,0.0,71300.0,46163.89,True
request_48,user_48,2026-07-25,25,2026-08-19,117463.89,0.0,0.0,71300.0,46163.89,True
request_48,user_48,2026-07-25,26,2026-08-20,117463.89,0.0,0.0,71300.0,46163.89,True
request_48,user_48,2026-07-25,27,2026-08-21,113775.08,0.0,3688.81,71300.0,42475.08,True
request_48,user_48,2026-07-25,28,2026-08-22,111801.81,0.0,1973.27,71300.0,40501.81,True
request_48,user_48,2026-07-25,29,2026-08-23,111801.81,0.0,0.0,71300.0,40501.81,True
request_48,user_48,2026-07-25,30,2026-08-24,96462.81,0.0,15339.0,71300.0,25162.81,True
request_48,user_48,2026-07-25,31,2026-08-25,96462.81,0.0,0.0,71300.0,25162.81,True
request_48,user_48,2026-07-25,32,2026-08-26,92697.14,0.0,3765.67,71300.0,21397.14,True
request_48,user_48,2026-07-25,33,2026-08-27,90723.87,0.0,1973.27,71300.0,19423.87,True
request_48,user_48,2026-07-25,34,2026-08-28,87035.06,0.0,3688.81,71300.0,15735.06,True
request_48,user_48,2026-07-25,35,2026-08-29,87035.06,0.0,0.0,71300.0,15735.06,True
request_48,user_48,2026-07-25,36,2026-08-30,87035.06,0.0,0.0,71300.0,15735.06,True
request_48,user_48,2026-07-25,37,2026-08-31,87035.06,0.0,0.0,71300.0,15735.06,True
request_48,user_48,2026-07-25,38,2026-09-01,59861.79,0.0,27173.27,71300.0,-11438.21,False
request_48,user_48,2026-07-25,39,2026-09-02,59861.79,0.0,0.0,71300.0,-11438.21,False
request_48,user_48,2026-07-25,40,2026-09-03,59861.79,0.0,0.0,71300.0,-11438.21,False
request_48,user_48,2026-07-25,41,2026-09-04,56172.98,0.0,3688.81,71300.0,-15127.02,False
request_48,user_48,2026-07-25,42,2026-09-05,46400.93,0.0,9772.05,71300.0,-24899.07,False
request_48,user_48,2026-07-25,43,2026-09-06,40967.66,0.0,5433.27,71300.0,-30332.34,False
request_48,user_48,2026-07-25,44,2026-09-07,40967.66,0.0,0.0,71300.0,-30332.34,False
request_48,user_48,2026-07-25,45,2026-09-08,39117.66,0.0,1850.0,71300.0,-32182.34,False
request_48,user_48,2026-07-25,46,2026-09-09,39117.66,0.0,0.0,71300.0,-32182.34,False
request_48,user_48,2026-07-25,47,2026-09-10,39117.66,0.0,0.0,71300.0,-32182.34,False
request_48,user_48,2026-07-25,48,2026-09-11,32825.58,0.0,6292.08,71300.0,-38474.42,False
request_48,user_48,2026-07-25,49,2026-09-12,32825.58,0.0,0.0,71300.0,-38474.42,False
request_48,user_48,2026-07-25,50,2026-09-13,30616.64,0.0,2208.94,71300.0,-40683.36,False
request_48,user_48,2026-07-25,51,2026-09-14,30616.64,0.0,0.0,71300.0,-40683.36,False
request_48,user_48,2026-07-25,52,2026-09-15,27834.97,984.0,3765.67,71300.0,-43465.03,False
request_48,user_48,2026-07-25,53,2026-09-16,25861.7,0.0,1973.27,71300.0,-45438.3,False
request_48,user_48,2026-07-25,54,2026-09-17,25861.7,0.0,0.0,71300.0,-45438.3,False
request_48,user_48,2026-07-25,55,2026-09-18,22172.89,0.0,3688.81,71300.0,-49127.11,False
request_48,user_48,2026-07-25,56,2026-09-19,22172.89,0.0,0.0,71300.0,-49127.11,False
request_48,user_48,2026-07-25,57,2026-09-20,22172.89,0.0,0.0,71300.0,-49127.11,False
request_48,user_48,2026-07-25,58,2026-09-21,20199.62,0.0,1973.27,71300.0,-51100.38,False
request_48,user_48,2026-07-25,59,2026-09-22,20199.62,0.0,0.0,71300.0,-51100.38,False
request_48,user_48,2026-07-25,60,2026-09-23,20199.62,0.0,0.0,71300.0,-51100.38,False
request_48,user_48,2026-07-25,61,2026-09-24,4860.62,0.0,15339.0,71300.0,-66439.38,False
request_48,user_48,2026-07-25,62,2026-09-25,-2593.86,0.0,7454.48,71300.0,-73893.86,False
request_48,user_48,2026-07-25,63,2026-09-26,-4567.13,0.0,1973.27,71300.0,-75867.13,False
request_48,user_48,2026-07-25,64,2026-09-27,-4567.13,0.0,0.0,71300.0,-75867.13,False
request_48,user_48,2026-07-25,65,2026-09-28,-4567.13,0.0,0.0,71300.0,-75867.13,False
request_48,user_48,2026-07-25,66,2026-09-29,-4567.13,0.0,0.0,71300.0,-75867.13,False
request_48,user_48,2026-07-25,67,2026-09-30,-4567.13,0.0,0.0,71300.0,-75867.13,False
request_48,user_48,2026-07-25,68,2026-10-01,-31740.4,0.0,27173.27,71300.0,-103040.4,False
request_48,user_48,2026-07-25,69,2026-10-02,-35429.21,0.0,3688.81,71300.0,-106729.21,False
request_48,user_48,2026-07-25,70,2026-10-03,-35429.21,0.0,0.0,71300.0,-106729.21,False
request_48,user_48,2026-07-25,71,2026-10-04,-35429.21,0.0,0.0,71300.0,-106729.21,False
request_48,user_48,2026-07-25,72,2026-10-05,-45201.26,0.0,9772.05,71300.0,-116501.26,False
request_48,user_48,2026-07-25,73,2026-10-06,-50634.53,0.0,5433.27,71300.0,-121934.53,False
request_48,user_48,2026-07-25,74,2026-10-07,-50634.53,0.0,0.0,71300.0,-121934.53,False
request_48,user_48,2026-07-25,75,2026-10-08,-52484.53,0.0,1850.0,71300.0,-123784.53,False
request_48,user_48,2026-07-25,76,2026-10-09,-56173.34,0.0,3688.81,71300.0,-127473.34,False
request_48,user_48,2026-07-25,77,2026-10-10,-56173.34,0.0,0.0,71300.0,-127473.34,False
request_48,user_48,2026-07-25,78,2026-10-11,-58776.61,0.0,2603.27,71300.0,-130076.61,False
request_48,user_48,2026-07-25,79,2026-10-12,-58776.61,0.0,0.0,71300.0,-130076.61,False
request_48,user_48,2026-07-25,80,2026-10-13,-60985.55,0.0,2208.94,71300.0,-132285.55,False
request_48,user_48,2026-07-25,81,2026-10-14,-60985.55,0.0,0.0,71300.0,-132285.55,False
request_48,user_48,2026-07-25,82,2026-10-15,-63767.22,984.0,3765.67,71300.0,-135067.22,False
request_48,user_48,2026-07-25,83,2026-10-16,-69429.3,0.0,5662.08,71300.0,-140729.3,False
request_48,user_48,2026-07-25,84,2026-10-17,-69429.3,0.0,0.0,71300.0,-140729.3,False
request_48,user_48,2026-07-25,85,2026-10-18,-69429.3,0.0,0.0,71300.0,-140729.3,False
request_48,user_48,2026-07-25,86,2026-10-19,-69429.3,0.0,0.0,71300.0,-140729.3,False
request_48,user_48,2026-07-25,87,2026-10-20,-69429.3,0.0,0.0,71300.0,-140729.3,False
request_48,user_48,2026-07-25,88,2026-10-21,-71402.57,0.0,1973.27,71300.0,-142702.57,False
request_48,user_48,2026-07-25,89,2026-10-22,-71402.57,0.0,0.0,71300.0,-142702.57,False
request_48,user_48,2026-07-25,90,2026-10-23,-75091.38,0.0,3688.81,71300.0,-146391.38,False
request_49,user_49,2024-03-04,0,2024-03-04,40504493.34,0.0,0.0,20275700.0,20228793.34,True
request_49,user_49,2024-03-04,1,2024-03-05,40504493.34,0.0,0.0,20275700.0,20228793.34,True
request_49,user_49,2024-03-04,2,2024-03-06,38225167.09,0.0,2279326.25,20275700.0,17949467.09,True
request_49,user_49,2024-03-04,3,2024-03-07,38225167.09,0.0,0.0,20275700.0,17949467.09,True
request_49,user_49,2024-03-04,4,2024-03-08,38225167.09,0.0,0.0,20275700.0,17949467.09,True
request_49,user_49,2024-03-04,5,2024-03-09,36565461.73,0.0,1659705.36,20275700.0,16289761.73,True
request_49,user_49,2024-03-04,6,2024-03-10,34972288.35,0.0,1593173.38,20275700.0,14696588.35,True
request_49,user_49,2024-03-04,7,2024-03-11,33469794.79,0.0,1502493.56,20275700.0,13194094.79,True
request_49,user_49,2024-03-04,8,2024-03-12,33469794.79,0.0,0.0,20275700.0,13194094.79,True
request_49,user_49,2024-03-04,9,2024-03-13,32990044.79,0.0,479750.0,20275700.0,12714344.79,True
request_49,user_49,2024-03-04,10,2024-03-14,32249888.05,0.0,740156.74,20275700.0,11974188.05,True
request_49,user_49,2024-03-04,11,2024-03-15,63713888.05,31464000.0,0.0,20275700.0,43438188.05,True
request_49,user_49,2024-03-04,12,2024-03-16,62054182.69,0.0,1659705.36,20275700.0,41778482.69,True
request_49,user_49,2024-03-04,13,2024-03-17,61198209.31,0.0,855973.38,20275700.0,40922509.31,True
request_49,user_49,2024-03-04,14,2024-03-18,61198209.31,0.0,0.0,20275700.0,40922509.31,True
request_49,user_49,2024-03-04,15,2024-03-19,61198209.31,0.0,0.0,20275700.0,40922509.31,True
request_49,user_49,2024-03-04,16,2024-03-20,61198209.31,0.0,0.0,20275700.0,40922509.31,True
request_49,user_49,2024-03-04,17,2024-03-21,61198209.31,0.0,0.0,20275700.0,40922509.31,True
request_49,user_49,2024-03-04,18,2024-03-22,61198209.31,0.0,0.0,20275700.0,40922509.31,True
request_49,user_49,2024-03-04,19,2024-03-23,59538503.95,0.0,1659705.36,20275700.0,39262803.95,True
request_49,user_49,2024-03-04,20,2024-03-24,58682530.57,0.0,855973.38,20275700.0,38406830.57,True
request_49,user_49,2024-03-04,21,2024-03-25,57386187.01,0.0,1296343.56,20275700.0,37110487.01,True
request_49,user_49,2024-03-04,22,2024-03-26,57386187.01,0.0,0.0,20275700.0,37110487.01,True
request_49,user_49,2024-03-04,23,2024-03-27,57386187.01,0.0,0.0,20275700.0,37110487.01,True
request_49,user_49,2024-03-04,24,2024-03-28,57386187.01,0.0,0.0,20275700.0,37110487.01,True
request_49,user_49,2024-03-04,25,2024-03-29,57386187.01,0.0,0.0,20275700.0,37110487.01,True
request_49,user_49,2024-03-04,26,2024-03-30,55726481.65,0.0,1659705.36,20275700.0,35450781.65,True
request_49,user_49,2024-03-04,27,2024-03-31,54870508.27,0.0,855973.38,20275700.0,34594808.27,True
request_49,user_49,2024-03-04,28,2024-04-01,54870508.27,0.0,0.0,20275700.0,34594808.27,True
request_49,user_49,2024-03-04,29,2024-04-02,45123508.27,0.0,9747000.0,20275700.0,24847808.27,True
request_49,user_49,2024-03-04,30,2024-04-03,45123508.27,0.0,0.0,20275700.0,24847808.27,True
request_49,user_49,2024-03-04,31,2024-04-04,45123508.27,0.0,0.0,20275700.0,24847808.27,True
request_49,user_49,2024-03-04,32,2024-04-05,45123508.27,0.0,0.0,20275700.0,24847808.27,True
request_49,user_49,2024-03-04,33,2024-04-06,41184476.66,0.0,3939031.61,20275700.0,20908776.66,True
request_49,user_49,2024-03-04,34,2024-04-07,40328503.28,0.0,855973.38,20275700.0,20052803.28,True
request_49,user_49,2024-03-04,35,2024-04-08,39032159.72,0.0,1296343.56,20275700.0,18756459.72,True
request_49,user_49,2024-03-04,36,2024-04-09,39032159.72,0.0,0.0,20275700.0,18756459.72,True
request_49,user_49,2024-03-04,37,2024-04-10,38294959.72,0.0,737200.0,20275700.0,18019259.72,True
request_49,user_49,2024-03-04,38,2024-04-11,38088809.72,0.0,206150.0,20275700.0,17813109.72,True
request_49,user_49,2024-03-04,39,2024-04-12,38088809.72,0.0,0.0,20275700.0,17813109.72,True
request_49,user_49,2024-03-04,40,2024-04-13,35949354.36,0.0,2139455.36,20275700.0,15673654.36,True
request_49,user_49,2024-03-04,41,2024-04-14,34353224.24,0.0,1596130.12,20275700.0,14077524.24,True
request_49,user_49,2024-03-04,42,2024-04-15,65817224.24,31464000.0,0.0,20275700.0,45541524.24,True
request_49,user_49,2024-03-04,43,2024-04-16,65817224.24,0.0,0.0,20275700.0,45541524.24,True
request_49,user_49,2024-03-04,44,2024-04-17,65817224.24,0.0,0.0,20275700.0,45541524.24,True
request_49,user_49,2024-03-04,45,2024-04-18,65817224.24,0.0,0.0,20275700.0,45541524.24,True
request_49,user_49,2024-03-04,46,2024-04-19,65817224.24,0.0,0.0,20275700.0,45541524.24,True
request_49,user_49,2024-03-04,47,2024-04-20,64157518.88,0.0,1659705.36,20275700.0,43881818.88,True
request_49,user_49,2024-03-04,48,2024-04-21,63301545.5,0.0,855973.38,20275700.0,43025845.5,True
request_49,user_49,2024-03-04,49,2024-04-22,62005201.94,0.0,1296343.56,20275700.0,41729501.94,True
request_49,user_49,2024-03-04,50,2024-04-23,62005201.94,0.0,0.0,20275700.0,41729501.94,True
request_49,user_49,2024-03-04,51,2024-04-24,62005201.94,0.0,0.0,20275700.0,41729501.94,True
request_49,user_49,2024-03-04,52,2024-04-25,62005201.94,0.0,0.0,20275700.0,41729501.94,True
request_49,user_49,2024-03-04,53,2024-04-26,62005201.94,0.0,0.0,20275700.0,41729501.94,True
request_49,user_49,2024-03-04,54,2024-04-27,60345496.58,0.0,1659705.36,20275700.0,40069796.58,True
request_49,user_49,2024-03-04,55,2024-04-28,59489523.2,0.0,855973.38,20275700.0,39213823.2,True
request_49,user_49,2024-03-04,56,2024-04-29,59489523.2,0.0,0.0,20275700.0,39213823.2,True
request_49,user_49,2024-03-04,57,2024-04-30,59489523.2,0.0,0.0,20275700.0,39213823.2,True
request_49,user_49,2024-03-04,58,2024-05-01,59489523.2,0.0,0.0,20275700.0,39213823.2,True
request_49,user_49,2024-03-04,59,2024-05-02,49742523.2,0.0,9747000.0,20275700.0,29466823.2,True
request_49,user_49,2024-03-04,60,2024-05-03,49742523.2,0.0,0.0,20275700.0,29466823.2,True
request_49,user_49,2024-03-04,61,2024-05-04,48082817.84,0.0,1659705.36,20275700.0,27807117.84,True
request_49,user_49,2024-03-04,62,2024-05-05,47226844.46,0.0,855973.38,20275700.0,26951144.46,True
request_49,user_49,2024-03-04,63,2024-05-06,43651174.65,0.0,3575669.81,20275700.0,23375474.65,True
request_49,user_49,2024-03-04,64,2024-05-07,43651174.65,0.0,0.0,20275700.0,23375474.65,True
request_49,user_49,2024-03-04,65,2024-05-08,43651174.65,0.0,0.0,20275700.0,23375474.65,True
request_49,user_49,2024-03-04,66,2024-05-09,43651174.65,0.0,0.0,20275700.0,23375474.65,True
request_49,user_49,2024-03-04,67,2024-05-10,42913974.65,0.0,737200.0,20275700.0,22638274.65,True
request_49,user_49,2024-03-04,68,2024-05-11,41048119.29,0.0,1865855.36,20275700.0,20772419.29,True
request_49,user_49,2024-03-04,69,2024-05-12,40192145.91,0.0,855973.38,20275700.0,19916445.91,True
request_49,user_49,2024-03-04,70,2024-05-13,39712395.91,0.0,479750.0,20275700.0,19436695.91,True
request_49,user_49,2024-03-04,71,2024-05-14,38972239.17,0.0,740156.74,20275700.0,18696539.17,True
request_49,user_49,2024-03-04,72,2024-05-15,70436239.17,31464000.0,0.0,20275700.0,50160539.17,True
request_49,user_49,2024-03-04,73,2024-05-16,70436239.17,0.0,0.0,20275700.0,50160539.17,True
request_49,user_49,2024-03-04,74,2024-05-17,70436239.17,0.0,0.0,20275700.0,50160539.17,True
request_49,user_49,2024-03-04,75,2024-05-18,68776533.81,0.0,1659705.36,20275700.0,48500833.81,True
request_49,user_49,2024-03-04,76,2024-05-19,67920560.43,0.0,855973.38,20275700.0,47644860.43,True
request_49,user_49,2024-03-04,77,2024-05-20,66624216.87,0.0,1296343.56,20275700.0,46348516.87,True
request_49,user_49,2024-03-04,78,2024-05-21,66624216.87,0.0,0.0,20275700.0,46348516.87,True
request_49,user_49,2024-03-04,79,2024-05-22,66624216.87,0.0,0.0,20275700.0,46348516.87,True
request_49,user_49,2024-03-04,80,2024-05-23,66624216.87,0.0,0.0,20275700.0,46348516.87,True
request_49,user_49,2024-03-04,81,2024-05-24,66624216.87,0.0,0.0,20275700.0,46348516.87,True
request_49,user_49,2024-03-04,82,2024-05-25,64964511.51,0.0,1659705.36,20275700.0,44688811.51,True
request_49,user_49,2024-03-04,83,2024-05-26,64108538.13,0.0,855973.38,20275700.0,43832838.13,True
request_49,user_49,2024-03-04,84,2024-05-27,64108538.13,0.0,0.0,20275700.0,43832838.13,True
request_49,user_49,2024-03-04,85,2024-05-28,64108538.13,0.0,0.0,20275700.0,43832838.13,True
request_49,user_49,2024-03-04,86,2024-05-29,64108538.13,0.0,0.0,20275700.0,43832838.13,True
request_49,user_49,2024-03-04,87,2024-05-30,64108538.13,0.0,0.0,20275700.0,43832838.13,True
request_49,user_49,2024-03-04,88,2024-05-31,64108538.13,0.0,0.0,20275700.0,43832838.13,True
request_49,user_49,2024-03-04,89,2024-06-01,62448832.77,0.0,1659705.36,20275700.0,42173132.77,True
request_49,user_49,2024-03-04,90,2024-06-02,51845859.39,0.0,10602973.38,20275700.0,31570159.39,True
request_50,user_50,2025-08-06,0,2025-08-06,247325.5,0.0,0.0,99700.0,147625.5,True
request_50,user_50,2025-08-06,1,2025-08-07,240783.33,0.0,6542.17,99700.0,141083.33,True
request_50,user_50,2025-08-06,2,2025-08-08,240783.33,0.0,0.0,99700.0,141083.33,True
request_50,user_50,2025-08-06,3,2025-08-09,240783.33,0.0,0.0,99700.0,141083.33,True
request_50,user_50,2025-08-06,4,2025-08-10,240783.33,0.0,0.0,99700.0,141083.33,True
request_50,user_50,2025-08-06,5,2025-08-11,234879.23,0.0,5904.1,99700.0,135179.23,True
request_50,user_50,2025-08-06,6,2025-08-12,216909.8,0.0,17969.43,99700.0,117209.8,True
request_50,user_50,2025-08-06,7,2025-08-13,213749.88,0.0,3159.92,99700.0,114049.88,True
request_50,user_50,2025-08-06,8,2025-08-14,204699.88,0.0,9050.0,99700.0,104999.88,True
request_50,user_50,2025-08-06,9,2025-08-15,282819.88,78120.0,0.0,99700.0,183119.88,True
request_50,user_50,2025-08-06,10,2025-08-16,282819.88,0.0,0.0,99700.0,183119.88,True
request_50,user_50,2025-08-06,11,2025-08-17,282819.88,0.0,0.0,99700.0,183119.88,True
request_50,user_50,2025-08-06,12,2025-08-18,282819.88,0.0,0.0,99700.0,183119.88,True
request_50,user_50,2025-08-06,13,2025-08-19,278650.45,0.0,4169.43,99700.0,178950.45,True
request_50,user_50,2025-08-06,14,2025-08-20,278650.45,0.0,0.0,99700.0,178950.45,True
request_50,user_50,2025-08-06,15,2025-08-21,278650.45,0.0,0.0,99700.0,178950.45,True
request_50,user_50,2025-08-06,16,2025-08-22,278650.45,0.0,0.0,99700.0,178950.45,True
request_50,user_50,2025-08-06,17,2025-08-23,278650.45,0.0,0.0,99700.0,178950.45,True
request_50,user_50,2025-08-06,18,2025-08-24,278650.45,0.0,0.0,99700.0,178950.45,True
request_50,user_50,2025-08-06,19,2025-08-25,278650.45,0.0,0.0,99700.0,178950.45,True
request_50,user_50,2025-08-06,20,2025-08-26,274481.02,0.0,4169.43,99700.0,174781.02,True
request_50,user_50,2025-08-06,21,2025-08-27,272306.1,0.0,2174.92,99700.0,172606.1,True
request_50,user_50,2025-08-06,22,2025-08-28,272306.1,0.0,0.0,99700.0,172606.1,True
request_50,user_50,2025-08-06,23,2025-08-29,272306.1,0.0,0.0,99700.0,172606.1,True
request_50,user_50,2025-08-06,24,2025-08-30,272306.1,0.0,0.0,99700.0,172606.1,True
request_50,user_50,2025-08-06,25,2025-08-31,272306.1,0.0,0.0,99700.0,172606.1,True
request_50,user_50,2025-08-06,26,2025-09-01,272306.1,0.0,0.0,99700.0,172606.1,True
request_50,user_50,2025-08-06,27,2025-09-02,268136.67,0.0,4169.43,99700.0,168436.67,True
request_50,user_50,2025-08-06,28,2025-09-03,229336.67,0.0,38800.0,99700.0,129636.67,True
request_50,user_50,2025-08-06,29,2025-09-04,229336.67,0.0,0.0,99700.0,129636.67,True
request_50,user_50,2025-08-06,30,2025-09-05,229336.67,0.0,0.0,99700.0,129636.67,True
request_50,user_50,2025-08-06,31,2025-09-06,229336.67,0.0,0.0,99700.0,129636.67,True
request_50,user_50,2025-08-06,32,2025-09-07,222794.5,0.0,6542.17,99700.0,123094.5,True
request_50,user_50,2025-08-06,33,2025-09-08,222794.5,0.0,0.0,99700.0,123094.5,True
request_50,user_50,2025-08-06,34,2025-09-09,218625.07,0.0,4169.43,99700.0,118925.07,True
request_50,user_50,2025-08-06,35,2025-09-10,216450.15,0.0,2174.92,99700.0,116750.15,True
request_50,user_50,2025-08-06,36,2025-09-11,210546.05,0.0,5904.1,99700.0,110846.05,True
request_50,user_50,2025-08-06,37,2025-09-12,196746.05,0.0,13800.0,99700.0,97046.05,True
request_50,user_50,2025-08-06,38,2025-09-13,195761.05,0.0,985.0,99700.0,96061.05,True
request_50,user_50,2025-08-06,39,2025-09-14,186711.05,0.0,9050.0,99700.0,87011.05,True
request_50,user_50,2025-08-06,40,2025-09-15,264831.05,78120.0,0.0,99700.0,165131.05,True
request_50,user_50,2025-08-06,41,2025-09-16,260661.62,0.0,4169.43,99700.0,160961.62,True
request_50,user_50,2025-08-06,42,2025-09-17,260661.62,0.0,0.0,99700.0,160961.62,True
request_50,user_50,2025-08-06,43,2025-09-18,260661.62,0.0,0.0,99700.0,160961.62,True
request_50,user_50,2025-08-06,44,2025-09-19,260661.62,0.0,0.0,99700.0,160961.62,True
request_50,user_50,2025-08-06,45,2025-09-20,260661.62,0.0,0.0,99700.0,160961.62,True
request_50,user_50,2025-08-06,46,2025-09-21,260661.62,0.0,0.0,99700.0,160961.62,True
request_50,user_50,2025-08-06,47,2025-09-22,260661.62,0.0,0.0,99700.0,160961.62,True
request_50,user_50,2025-08-06,48,2025-09-23,256492.19,0.0,4169.43,99700.0,156792.19,True
request_50,user_50,2025-08-06,49,2025-09-24,254317.27,0.0,2174.92,99700.0,154617.27,True
request_50,user_50,2025-08-06,50,2025-09-25,254317.27,0.0,0.0,99700.0,154617.27,True
request_50,user_50,2025-08-06,51,2025-09-26,254317.27,0.0,0.0,99700.0,154617.27,True
request_50,user_50,2025-08-06,52,2025-09-27,254317.27,0.0,0.0,99700.0,154617.27,True
request_50,user_50,2025-08-06,53,2025-09-28,254317.27,0.0,0.0,99700.0,154617.27,True
request_50,user_50,2025-08-06,54,2025-09-29,254317.27,0.0,0.0,99700.0,154617.27,True
request_50,user_50,2025-08-06,55,2025-09-30,250147.84,0.0,4169.43,99700.0,150447.84,True
request_50,user_50,2025-08-06,56,2025-10-01,250147.84,0.0,0.0,99700.0,150447.84,True
request_50,user_50,2025-08-06,57,2025-10-02,250147.84,0.0,0.0,99700.0,150447.84,True
request_50,user_50,2025-08-06,58,2025-10-03,211347.84,0.0,38800.0,99700.0,111647.84,True
request_50,user_50,2025-08-06,59,2025-10-04,211347.84,0.0,0.0,99700.0,111647.84,True
request_50,user_50,2025-08-06,60,2025-10-05,211347.84,0.0,0.0,99700.0,111647.84,True
request_50,user_50,2025-08-06,61,2025-10-06,211347.84,0.0,0.0,99700.0,111647.84,True
request_50,user_50,2025-08-06,62,2025-10-07,200636.24,0.0,10711.6,99700.0,100936.24,True
request_50,user_50,2025-08-06,63,2025-10-08,198461.32,0.0,2174.92,99700.0,98761.32,True
request_50,user_50,2025-08-06,64,2025-10-09,198461.32,0.0,0.0,99700.0,98761.32,True
request_50,user_50,2025-08-06,65,2025-10-10,198461.32,0.0,0.0,99700.0,98761.32,True
request_50,user_50,2025-08-06,66,2025-10-11,192557.22,0.0,5904.1,99700.0,92857.22,True
request_50,user_50,2025-08-06,67,2025-10-12,178757.22,0.0,13800.0,99700.0,79057.22,True
request_50,user_50,2025-08-06,68,2025-10-13,177772.22,0.0,985.0,99700.0,78072.22,True
request_50,user_50,2025-08-06,69,2025-10-14,164552.79,0.0,13219.43,99700.0,64852.79,True
request_50,user_50,2025-08-06,70,2025-10-15,242672.79,78120.0,0.0,99700.0,142972.79,True
request_50,user_50,2025-08-06,71,2025-10-16,242672.79,0.0,0.0,99700.0,142972.79,True
request_50,user_50,2025-08-06,72,2025-10-17,242672.79,0.0,0.0,99700.0,142972.79,True
request_50,user_50,2025-08-06,73,2025-10-18,242672.79,0.0,0.0,99700.0,142972.79,True
request_50,user_50,2025-08-06,74,2025-10-19,242672.79,0.0,0.0,99700.0,142972.79,True
request_50,user_50,2025-08-06,75,2025-10-20,242672.79,0.0,0.0,99700.0,142972.79,True
request_50,user_50,2025-08-06,76,2025-10-21,238503.36,0.0,4169.43,99700.0,138803.36,True
request_50,user_50,2025-08-06,77,2025-10-22,236328.44,0.0,2174.92,99700.0,136628.44,True
request_50,user_50,2025-08-06,78,2025-10-23,236328.44,0.0,0.0,99700.0,136628.44,True
request_50,user_50,2025-08-06,79,2025-10-24,236328.44,0.0,0.0,99700.0,136628.44,True
request_50,user_50,2025-08-06,80,2025-10-25,236328.44,0.0,0.0,99700.0,136628.44,True
request_50,user_50,2025-08-06,81,2025-10-26,236328.44,0.0,0.0,99700.0,136628.44,True
request_50,user_50,2025-08-06,82,2025-10-27,236328.44,0.0,0.0,99700.0,136628.44,True
request_50,user_50,2025-08-06,83,2025-10-28,232159.01,0.0,4169.43,99700.0,132459.01,True
request_50,user_50,2025-08-06,84,2025-10-29,232159.01,0.0,0.0,99700.0,132459.01,True
request_50,user_50,2025-08-06,85,2025-10-30,232159.01,0.0,0.0,99700.0,132459.01,True
request_50,user_50,2025-08-06,86,2025-10-31,232159.01,0.0,0.0,99700.0,132459.01,True
request_50,user_50,2025-08-06,87,2025-11-01,232159.01,0.0,0.0,99700.0,132459.01,True
request_50,user_50,2025-08-06,88,2025-11-02,232159.01,0.0,0.0,99700.0,132459.01,True
request_50,user_50,2025-08-06,89,2025-11-03,193359.01,0.0,38800.0,99700.0,93659.01,True
request_50,user_50,2025-08-06,90,2025-11-04,189189.58,0.0,4169.43,99700.0,89489.58,True
request_51,user_51,2026-01-03,0,2026-01-03,34907118.7,0.0,440581.3,7811000.0,27096118.7,True
request_51,user_51,2026-01-03,1,2026-01-04,31720354.04,0.0,3186764.66,7811000.0,23909354.04,True
request_51,user_51,2026-01-03,2,2026-01-05,33640247.37,1919893.33,0.0,7811000.0,25829247.37,True
request_51,user_51,2026-01-03,3,2026-01-06,33640247.37,0.0,0.0,7811000.0,25829247.37,True
request_51,user_51,2026-01-03,4,2026-01-07,33244037.31,0.0,396210.06,7811000.0,25433037.31,True
request_51,user_51,2026-01-03,5,2026-01-08,32503764.78,0.0,740272.53,7811000.0,24692764.78,True
request_51,user_51,2026-01-03,6,2026-01-09,32503764.78,0.0,0.0,7811000.0,24692764.78,True
request_51,user_51,2026-01-03,7,2026-01-10,32063183.48,0.0,440581.3,7811000.0,24252183.48,True
request_51,user_51,2026-01-03,8,2026-01-11,31821418.82,0.0,241764.66,7811000.0,24010418.82,True
request_51,user_51,2026-01-03,9,2026-01-12,31553518.82,0.0,267900.0,7811000.0,23742518.82,True
request_51,user_51,2026-01-03,10,2026-01-13,31441418.82,0.0,112100.0,7811000.0,23630418.82,True
request_51,user_51,2026-01-03,11,2026-01-14,31441418.82,0.0,0.0,7811000.0,23630418.82,True
request_51,user_51,2026-01-03,12,2026-01-15,31289418.82,0.0,152000.0,7811000.0,23478418.82,True
request_51,user_51,2026-01-03,13,2026-01-16,31049297.7,0.0,240121.12,7811000.0,23238297.7,True
request_51,user_51,2026-01-03,14,2026-01-17,30608716.4,0.0,440581.3,7811000.0,22797716.4,True
request_51,user_51,2026-01-03,15,2026-01-18,30366951.74,0.0,241764.66,7811000.0,22555951.74,True
request_51,user_51,2026-01-03,16,2026-01-19,30366951.74,0.0,0.0,7811000.0,22555951.74,True
request_51,user_51,2026-01-03,17,2026-01-20,30366951.74,0.0,0.0,7811000.0,22555951.74,True
request_51,user_51,2026-01-03,18,2026-01-21,29970741.68,0.0,396210.06,7811000.0,22159741.68,True
request_51,user_51,2026-01-03,19,2026-01-22,29970741.68,0.0,0.0,7811000.0,22159741.68,True
request_51,user_51,2026-01-03,20,2026-01-23,29970741.68,0.0,0.0,7811000.0,22159741.68,True
request_51,user_51,2026-01-03,21,2026-01-24,29530160.38,0.0,440581.3,7811000.0,21719160.38,True
request_51,user_51,2026-01-03,22,2026-01-25,29288395.72,0.0,241764.66,7811000.0,21477395.72,True
request_51,user_51,2026-01-03,23,2026-01-26,29288395.72,0.0,0.0,7811000.0,21477395.72,True
request_51,user_51,2026-01-03,24,2026-01-27,29288395.72,0.0,0.0,7811000.0,21477395.72,True
request_51,user_51,2026-01-03,25,2026-01-28,29288395.72,0.0,0.0,7811000.0,21477395.72,True
request_51,user_51,2026-01-03,26,2026-01-29,29288395.72,0.0,0.0,7811000.0,21477395.72,True
request_51,user_51,2026-01-03,27,2026-01-30,29288395.72,0.0,0.0,7811000.0,21477395.72,True
request_51,user_51,2026-01-03,28,2026-01-31,28847814.42,0.0,440581.3,7811000.0,21036814.42,True
request_51,user_51,2026-01-03,29,2026-02-01,28606049.76,0.0,241764.66,7811000.0,20795049.76,True
request_51,user_51,2026-01-03,30,2026-02-02,28606049.76,0.0,0.0,7811000.0,20795049.76,True
request_51,user_51,2026-01-03,31,2026-02-03,28606049.76,0.0,0.0,7811000.0,20795049.76,True
request_51,user_51,2026-01-03,32,2026-02-04,25264839.7,0.0,3341210.06,7811000.0,17453839.7,True
request_51,user_51,2026-01-03,33,2026-02-05,27184733.03,1919893.33,0.0,7811000.0,19373733.03,True
request_51,user_51,2026-01-03,34,2026-02-06,27184733.03,0.0,0.0,7811000.0,19373733.03,True
request_51,user_51,2026-01-03,35,2026-02-07,26744151.73,0.0,440581.3,7811000.0,18933151.73,True
request_51,user_51,2026-01-03,36,2026-02-08,25762114.54,0.0,982037.19,7811000.0,17951114.54,True
request_51,user_51,2026-01-03,37,2026-02-09,25762114.54,0.0,0.0,7811000.0,17951114.54,True
request_51,user_51,2026-01-03,38,2026-02-10,25762114.54,0.0,0.0,7811000.0,17951114.54,True
request_51,user_51,2026-01-03,39,2026-02-11,25762114.54,0.0,0.0,7811000.0,17951114.54,True
request_51,user_51,2026-01-03,40,2026-02-12,25494214.54,0.0,267900.0,7811000.0,17683214.54,True
request_51,user_51,2026-01-03,41,2026-02-13,25382114.54,0.0,112100.0,7811000.0,17571114.54,True
request_51,user_51,2026-01-03,42,2026-02-14,24941533.24,0.0,440581.3,7811000.0,17130533.24,True
request_51,user_51,2026-01-03,43,2026-02-15,24547768.58,0.0,393764.66,7811000.0,16736768.58,True
request_51,user_51,2026-01-03,44,2026-02-16,24307647.46,0.0,240121.12,7811000.0,16496647.46,True
request_51,user_51,2026-01-03,45,2026-02-17,24307647.46,0.0,0.0,7811000.0,16496647.46,True
request_51,user_51,2026-01-03,46,2026-02-18,23911437.4,0.0,396210.06,7811000.0,16100437.4,True
request_51,user_51,2026-01-03,47,2026-02-19,23911437.4,0.0,0.0,7811000.0,16100437.4,True
request_51,user_51,2026-01-03,48,2026-02-20,23911437.4,0.0,0.0,7811000.0,16100437.4,True
request_51,user_51,2026-01-03,49,2026-02-21,23470856.1,0.0,440581.3,7811000.0,15659856.1,True
request_51,user_51,2026-01-03,50,2026-02-22,23229091.44,0.0,241764.66,7811000.0,15418091.44,True
request_51,user_51,2026-01-03,51,2026-02-23,23229091.44,0.0,0.0,7811000.0,15418091.44,True
request_51,user_51,2026-01-03,52,2026-02-24,23229091.44,0.0,0.0,7811000.0,15418091.44,True
request_51,user_51,2026-01-03,53,2026-02-25,23229091.44,0.0,0.0,7811000.0,15418091.44,True
request_51,user_51,2026-01-03,54,2026-02-26,23229091.44,0.0,0.0,7811000.0,15418091.44,True
request_51,user_51,2026-01-03,55,2026-02-27,23229091.44,0.0,0.0,7811000.0,15418091.44,True
request_51,user_51,2026-01-03,56,2026-02-28,22788510.14,0.0,440581.3,7811000.0,14977510.14,True
request_51,user_51,2026-01-03,57,2026-03-01,22546745.48,0.0,241764.66,7811000.0,14735745.48,True
request_51,user_51,2026-01-03,58,2026-03-02,22546745.48,0.0,0.0,7811000.0,14735745.48,True
request_51,user_51,2026-01-03,59,2026-03-03,22546745.48,0.0,0.0,7811000.0,14735745.48,True
request_51,user_51,2026-01-03,60,2026-03-04,19205535.42,0.0,3341210.06,7811000.0,11394535.42,True
request_51,user_51,2026-01-03,61,2026-03-05,21125428.75,1919893.33,0.0,7811000.0,13314428.75,True
request_51,user_51,2026-01-03,62,2026-03-06,21125428.75,0.0,0.0,7811000.0,13314428.75,True
request_51,user_51,2026-01-03,63,2026-03-07,20684847.45,0.0,440581.3,7811000.0,12873847.45,True
request_51,user_51,2026-01-03,64,2026-03-08,19702810.26,0.0,982037.19,7811000.0,11891810.26,True
request_51,user_51,2026-01-03,65,2026-03-09,19702810.26,0.0,0.0,7811000.0,11891810.26,True
request_51,user_51,2026-01-03,66,2026-03-10,19702810.26,0.0,0.0,7811000.0,11891810.26,True
request_51,user_51,2026-01-03,67,2026-03-11,19702810.26,0.0,0.0,7811000.0,11891810.26,True
request_51,user_51,2026-01-03,68,2026-03-12,19434910.26,0.0,267900.0,7811000.0,11623910.26,True
request_51,user_51,2026-01-03,69,2026-03-13,19322810.26,0.0,112100.0,7811000.0,11511810.26,True
request_51,user_51,2026-01-03,70,2026-03-14,18882228.96,0.0,440581.3,7811000.0,11071228.96,True
request_51,user_51,2026-01-03,71,2026-03-15,18488464.3,0.0,393764.66,7811000.0,10677464.3,True
request_51,user_51,2026-01-03,72,2026-03-16,18248343.18,0.0,240121.12,7811000.0,10437343.18,True
request_51,user_51,2026-01-03,73,2026-03-17,18248343.18,0.0,0.0,7811000.0,10437343.18,True
request_51,user_51,2026-01-03,74,2026-03-18,17852133.12,0.0,396210.06,7811000.0,10041133.12,True
request_51,user_51,2026-01-03,75,2026-03-19,17852133.12,0.0,0.0,7811000.0,10041133.12,True
request_51,user_51,2026-01-03,76,2026-03-20,17852133.12,0.0,0.0,7811000.0,10041133.12,True
request_51,user_51,2026-01-03,77,2026-03-21,17411551.82,0.0,440581.3,7811000.0,9600551.82,True
request_51,user_51,2026-01-03,78,2026-03-22,17169787.16,0.0,241764.66,7811000.0,9358787.16,True
request_51,user_51,2026-01-03,79,2026-03-23,17169787.16,0.0,0.0,7811000.0,9358787.16,True
request_51,user_51,2026-01-03,80,2026-03-24,17169787.16,0.0,0.0,7811000.0,9358787.16,True
request_51,user_51,2026-01-03,81,2026-03-25,17169787.16,0.0,0.0,7811000.0,9358787.16,True
request_51,user_51,2026-01-03,82,2026-03-26,17169787.16,0.0,0.0,7811000.0,9358787.16,True
request_51,user_51,2026-01-03,83,2026-03-27,17169787.16,0.0,0.0,7811000.0,9358787.16,True
request_51,user_51,2026-01-03,84,2026-03-28,16729205.86,0.0,440581.3,7811000.0,8918205.86,True
request_51,user_51,2026-01-03,85,2026-03-29,16487441.2,0.0,241764.66,7811000.0,8676441.2,True
request_51,user_51,2026-01-03,86,2026-03-30,16487441.2,0.0,0.0,7811000.0,8676441.2,True
request_51,user_51,2026-01-03,87,2026-03-31,16487441.2,0.0,0.0,7811000.0,8676441.2,True
request_51,user_51,2026-01-03,88,2026-04-01,16091231.14,0.0,396210.06,7811000.0,8280231.14,True
request_51,user_51,2026-01-03,89,2026-04-02,16091231.14,0.0,0.0,7811000.0,8280231.14,True
request_51,user_51,2026-01-03,90,2026-04-03,16091231.14,0.0,0.0,7811000.0,8280231.14,True
request_52,user_52,2024-06-05,0,2024-06-05,70717.86,0.0,4602.14,41500.0,29217.86,True
request_52,user_52,2024-06-05,1,2024-06-06,70717.86,0.0,0.0,41500.0,29217.86,True
request_52,user_52,2024-06-05,2,2024-06-07,70717.86,0.0,0.0,41500.0,29217.86,True
request_52,user_52,2024-06-05,3,2024-06-08,70717.86,0.0,0.0,41500.0,29217.86,True
request_52,user_52,2024-06-05,4,2024-06-09,67491.97,0.0,3225.89,41500.0,25991.97,True
request_52,user_52,2024-06-05,5,2024-06-10,60201.97,0.0,7290.0,41500.0,18701.97,True
request_52,user_52,2024-06-05,6,2024-06-11,60201.97,0.0,0.0,41500.0,18701.97,True
request_52,user_52,2024-06-05,7,2024-06-12,60201.97,0.0,0.0,41500.0,18701.97,True
request_52,user_52,2024-06-05,8,2024-06-13,60201.97,0.0,0.0,41500.0,18701.97,True
request_52,user_52,2024-06-05,9,2024-06-14,60201.97,0.0,0.0,41500.0,18701.97,True
request_52,user_52,2024-06-05,10,2024-06-15,129201.97,69000.0,0.0,41500.0,87701.97,True
request_52,user_52,2024-06-05,11,2024-06-16,129201.97,0.0,0.0,41500.0,87701.97,True
request_52,user_52,2024-06-05,12,2024-06-17,128119.8,0.0,1082.17,41500.0,86619.8,True
request_52,user_52,2024-06-05,13,2024-06-18,125677.18,0.0,2442.62,41500.0,84177.18,True
request_52,user_52,2024-06-05,14,2024-06-19,125677.18,0.0,0.0,41500.0,84177.18,True
request_52,user_52,2024-06-05,15,2024-06-20,125677.18,0.0,0.0,41500.0,84177.18,True
request_52,user_52,2024-06-05,16,2024-06-21,125677.18,0.0,0.0,41500.0,84177.18,True
request_52,user_52,2024-06-05,17,2024-06-22,125677.18,0.0,0.0,41500.0,84177.18,True
request_52,user_52,2024-06-05,18,2024-06-23,122451.29,0.0,3225.89,41500.0,80951.29,True
request_52,user_52,2024-06-05,19,2024-06-24,122451.29,0.0,0.0,41500.0,80951.29,True
request_52,user_52,2024-06-05,20,2024-06-25,122451.29,0.0,0.0,41500.0,80951.29,True
request_52,user_52,2024-06-05,21,2024-06-26,122451.29,0.0,0.0,41500.0,80951.29,True
request_52,user_52,2024-06-05,22,2024-06-27,122451.29,0.0,0.0,41500.0,80951.29,True
request_52,user_52,2024-06-05,23,2024-06-28,122451.29,0.0,0.0,41500.0,80951.29,True
request_52,user_52,2024-06-05,24,2024-06-29,122451.29,0.0,0.0,41500.0,80951.29,True
request_52,user_52,2024-06-05,25,2024-06-30,122451.29,0.0,0.0,41500.0,80951.29,True
request_52,user_52,2024-06-05,26,2024-07-01,101351.29,0.0,21100.0,41500.0,59851.29,True
request_52,user_52,2024-06-05,27,2024-07-02,101351.29,0.0,0.0,41500.0,59851.29,True
request_52,user_52,2024-06-05,28,2024-07-03,101351.29,0.0,0.0,41500.0,59851.29,True
request_52,user_52,2024-06-05,29,2024-07-04,101351.29,0.0,0.0,41500.0,59851.29,True
request_52,user_52,2024-06-05,30,2024-07-05,96749.15,0.0,4602.14,41500.0,55249.15,True
request_52,user_52,2024-06-05,31,2024-07-06,96749.15,0.0,0.0,41500.0,55249.15,True
request_52,user_52,2024-06-05,32,2024-07-07,93523.26,0.0,3225.89,41500.0,52023.26,True
request_52,user_52,2024-06-05,33,2024-07-08,92441.09,0.0,1082.17,41500.0,50941.09,True
request_52,user_52,2024-06-05,34,2024-07-09,89998.47,0.0,2442.62,41500.0,48498.47,True
request_52,user_52,2024-06-05,35,2024-07-10,82708.47,0.0,7290.0,41500.0,41208.47,True
request_52,user_52,2024-06-05,36,2024-07-11,82708.47,0.0,0.0,41500.0,41208.47,True
request_52,user_52,2024-06-05,37,2024-07-12,82708.47,0.0,0.0,41500.0,41208.47,True
request_52,user_52,2024-06-05,38,2024-07-13,82708.47,0.0,0.0,41500.0,41208.47,True
request_52,user_52,2024-06-05,39,2024-07-14,82708.47,0.0,0.0,41500.0,41208.47,True
request_52,user_52,2024-06-05,40,2024-07-15,151708.47,69000.0,0.0,41500.0,110208.47,True
request_52,user_52,2024-06-05,41,2024-07-16,151708.47,0.0,0.0,41500.0,110208.47,True
request_52,user_52,2024-06-05,42,2024-07-17,151708.47,0.0,0.0,41500.0,110208.47,True
request_52,user_52,2024-06-05,43,2024-07-18,151708.47,0.0,0.0,41500.0,110208.47,True
request_52,user_52,2024-06-05,44,2024-07-19,151708.47,0.0,0.0,41500.0,110208.47,True
request_52,user_52,2024-06-05,45,2024-07-20,151708.47,0.0,0.0,41500.0,110208.47,True
request_52,user_52,2024-06-05,46,2024-07-21,148482.58,0.0,3225.89,41500.0,106982.58,True
request_52,user_52,2024-06-05,47,2024-07-22,148482.58,0.0,0.0,41500.0,106982.58,True
request_52,user_52,2024-06-05,48,2024-07-23,148482.58,0.0,0.0,41500.0,106982.58,True
request_52,user_52,2024-06-05,49,2024-07-24,148482.58,0.0,0.0,41500.0,106982.58,True
request_52,user_52,2024-06-05,50,2024-07-25,148482.58,0.0,0.0,41500.0,106982.58,True
request_52,user_52,2024-06-05,51,2024-07-26,148482.58,0.0,0.0,41500.0,106982.58,True
request_52,user_52,2024-06-05,52,2024-07-27,148482.58,0.0,0.0,41500.0,106982.58,True
request_52,user_52,2024-06-05,53,2024-07-28,148482.58,0.0,0.0,41500.0,106982.58,True
request_52,user_52,2024-06-05,54,2024-07-29,147400.41,0.0,1082.17,41500.0,105900.41,True
request_52,user_52,2024-06-05,55,2024-07-30,144957.79,0.0,2442.62,41500.0,103457.79,True
request_52,user_52,2024-06-05,56,2024-07-31,144957.79,0.0,0.0,41500.0,103457.79,True
request_52,user_52,2024-06-05,57,2024-08-01,123857.79,0.0,21100.0,41500.0,82357.79,True
request_52,user_52,2024-06-05,58,2024-08-02,123857.79,0.0,0.0,41500.0,82357.79,True
request_52,user_52,2024-06-05,59,2024-08-03,123857.79,0.0,0.0,41500.0,82357.79,True
request_52,user_52,2024-06-05,60,2024-08-04,120631.9,0.0,3225.89,41500.0,79131.9,True
request_52,user_52,2024-06-05,61,2024-08-05,116029.76,0.0,4602.14,41500.0,74529.76,True
request_52,user_52,2024-06-05,62,2024-08-06,116029.76,0.0,0.0,41500.0,74529.76,True
request_52,user_52,2024-06-05,63,2024-08-07,116029.76,0.0,0.0,41500.0,74529.76,True
request_52,user_52,2024-06-05,64,2024-08-08,116029.76,0.0,0.0,41500.0,74529.76,True
request_52,user_52,2024-06-05,65,2024-08-09,116029.76,0.0,0.0,41500.0,74529.76,True
request_52,user_52,2024-06-05,66,2024-08-10,108739.76,0.0,7290.0,41500.0,67239.76,True
request_52,user_52,2024-06-05,67,2024-08-11,108739.76,0.0,0.0,41500.0,67239.76,True
request_52,user_52,2024-06-05,68,2024-08-12,108739.76,0.0,0.0,41500.0,67239.76,True
request_52,user_52,2024-06-05,69,2024-08-13,108739.76,0.0,0.0,41500.0,67239.76,True
request_52,user_52,2024-06-05,70,2024-08-14,108739.76,0.0,0.0,41500.0,67239.76,True
request_52,user_52,2024-06-05,71,2024-08-15,177739.76,69000.0,0.0,41500.0,136239.76,True
request_52,user_52,2024-06-05,72,2024-08-16,177739.76,0.0,0.0,41500.0,136239.76,True
request_52,user_52,2024-06-05,73,2024-08-17,177739.76,0.0,0.0,41500.0,136239.76,True
request_52,user_52,2024-06-05,74,2024-08-18,174513.87,0.0,3225.89,41500.0,133013.87,True
request_52,user_52,2024-06-05,75,2024-08-19,173431.7,0.0,1082.17,41500.0,131931.7,True
request_52,user_52,2024-06-05,76,2024-08-20,170989.08,0.0,2442.62,41500.0,129489.08,True
request_52,user_52,2024-06-05,77,2024-08-21,170989.08,0.0,0.0,41500.0,129489.08,True
request_52,user_52,2024-06-05,78,2024-08-22,170989.08,0.0,0.0,41500.0,129489.08,True
request_52,user_52,2024-06-05,79,2024-08-23,170989.08,0.0,0.0,41500.0,129489.08,True
request_52,user_52,2024-06-05,80,2024-08-24,170989.08,0.0,0.0,41500.0,129489.08,True
request_52,user_52,2024-06-05,81,2024-08-25,170989.08,0.0,0.0,41500.0,129489.08,True
request_52,user_52,2024-06-05,82,2024-08-26,170989.08,0.0,0.0,41500.0,129489.08,True
request_52,user_52,2024-06-05,83,2024-08-27,170989.08,0.0,0.0,41500.0,129489.08,True
request_52,user_52,2024-06-05,84,2024-08-28,170989.08,0.0,0.0,41500.0,129489.08,True
request_52,user_52,2024-06-05,85,2024-08-29,170989.08,0.0,0.0,41500.0,129489.08,True
request_52,user_52,2024-06-05,86,2024-08-30,170989.08,0.0,0.0,41500.0,129489.08,True
request_52,user_52,2024-06-05,87,2024-08-31,170989.08,0.0,0.0,41500.0,129489.08,True
request_52,user_52,2024-06-05,88,2024-09-01,146663.19,0.0,24325.89,41500.0,105163.19,True
request_52,user_52,2024-06-05,89,2024-09-02,146663.19,0.0,0.0,41500.0,105163.19,True
request_52,user_52,2024-06-05,90,2024-09-03,146663.19,0.0,0.0,41500.0,105163.19,True
request_53,user_53,2025-11-07,0,2025-11-07,3523.42,0.0,0.0,2100.0,1423.42,True
request_53,user_53,2025-11-07,1,2025-11-08,3354.42,0.0,169.0,2100.0,1254.42,True
request_53,user_53,2025-11-07,2,2025-11-09,3354.42,0.0,0.0,2100.0,1254.42,True
request_53,user_53,2025-11-07,3,2025-11-10,3354.42,0.0,0.0,2100.0,1254.42,True
request_53,user_53,2025-11-07,4,2025-11-11,2855.42,0.0,499.0,2100.0,755.42,True
request_53,user_53,2025-11-07,5,2025-11-12,2764.55,0.0,90.87,2100.0,664.55,True
request_53,user_53,2025-11-07,6,2025-11-13,2669.39,0.0,95.16,2100.0,569.39,True
request_53,user_53,2025-11-07,7,2025-11-14,2577.89,0.0,91.5,2100.0,477.89,True
request_53,user_53,2025-11-07,8,2025-11-15,5457.89,2880.0,0.0,2100.0,3357.89,True
request_53,user_53,2025-11-07,9,2025-11-16,5457.89,0.0,0.0,2100.0,3357.89,True
request_53,user_53,2025-11-07,10,2025-11-17,5457.89,0.0,0.0,2100.0,3357.89,True
request_53,user_53,2025-11-07,11,2025-11-18,5457.89,0.0,0.0,2100.0,3357.89,True
request_53,user_53,2025-11-07,12,2025-11-19,5367.02,0.0,90.87,2100.0,3267.02,True
request_53,user_53,2025-11-07,13,2025-11-20,5312.86,0.0,54.16,2100.0,3212.86,True
request_53,user_53,2025-11-07,14,2025-11-21,5312.86,0.0,0.0,2100.0,3212.86,True
request_53,user_53,2025-11-07,15,2025-11-22,5312.86,0.0,0.0,2100.0,3212.86,True
request_53,user_53,2025-11-07,16,2025-11-23,5312.86,0.0,0.0,2100.0,3212.86,True
request_53,user_53,2025-11-07,17,2025-11-24,5312.86,0.0,0.0,2100.0,3212.86,True
request_53,user_53,2025-11-07,18,2025-11-25,5312.86,0.0,0.0,2100.0,3212.86,True
request_53,user_53,2025-11-07,19,2025-11-26,5221.99,0.0,90.87,2100.0,3121.99,True
request_53,user_53,2025-11-07,20,2025-11-27,5167.83,0.0,54.16,2100.0,3067.83,True
request_53,user_53,2025-11-07,21,2025-11-28,5076.33,0.0,91.5,2100.0,2976.33,True
request_53,user_53,2025-11-07,22,2025-11-29,5076.33,0.0,0.0,2100.0,2976.33,True
request_53,user_53,2025-11-07,23,2025-11-30,5076.33,0.0,0.0,2100.0,2976.33,True
request_53,user_53,2025-11-07,24,2025-12-01,5076.33,0.0,0.0,2100.0,2976.33,True
request_53,user_53,2025-11-07,25,2025-12-02,4302.33,0.0,774.0,2100.0,2202.33,True
request_53,user_53,2025-11-07,26,2025-12-03,4211.46,0.0,90.87,2100.0,2111.46,True
request_53,user_53,2025-11-07,27,2025-12-04,4157.3,0.0,54.16,2100.0,2057.3,True
request_53,user_53,2025-11-07,28,2025-12-05,4157.3,0.0,0.0,2100.0,2057.3,True
request_53,user_53,2025-11-07,29,2025-12-06,3994.72,0.0,162.58,2100.0,1894.72,True
request_53,user_53,2025-11-07,30,2025-12-07,3994.72,0.0,0.0,2100.0,1894.72,True
request_53,user_53,2025-11-07,31,2025-12-08,3825.72,0.0,169.0,2100.0,1725.72,True
request_53,user_53,2025-11-07,32,2025-12-09,3825.72,0.0,0.0,2100.0,1725.72,True
request_53,user_53,2025-11-07,33,2025-12-10,3734.85,0.0,90.87,2100.0,1634.85,True
request_53,user_53,2025-11-07,34,2025-12-11,3181.69,0.0,553.16,2100.0,1081.69,True
request_53,user_53,2025-11-07,35,2025-12-12,3090.19,0.0,91.5,2100.0,990.19,True
request_53,user_53,2025-11-07,36,2025-12-13,3049.19,0.0,41.0,2100.0,949.19,True
request_53,user_53,2025-11-07,37,2025-12-14,3049.19,0.0,0.0,2100.0,949.19,True
request_53,user_53,2025-11-07,38,2025-12-15,5929.19,2880.0,0.0,2100.0,3829.19,True
request_53,user_53,2025-11-07,39,2025-12-16,5929.19,0.0,0.0,2100.0,3829.19,True
request_53,user_53,2025-11-07,40,2025-12-17,5838.32,0.0,90.87,2100.0,3738.32,True
request_53,user_53,2025-11-07,41,2025-12-18,5784.16,0.0,54.16,2100.0,3684.16,True
request_53,user_53,2025-11-07,42,2025-12-19,5784.16,0.0,0.0,2100.0,3684.16,True
request_53,user_53,2025-11-07,43,2025-12-20,5784.16,0.0,0.0,2100.0,3684.16,True
request_53,user_53,2025-11-07,44,2025-12-21,5784.16,0.0,0.0,2100.0,3684.16,True
request_53,user_53,2025-11-07,45,2025-12-22,5784.16,0.0,0.0,2100.0,3684.16,True
request_53,user_53,2025-11-07,46,2025-12-23,5784.16,0.0,0.0,2100.0,3684.16,True
request_53,user_53,2025-11-07,47,2025-12-24,5693.29,0.0,90.87,2100.0,3593.29,True
request_53,user_53,2025-11-07,48,2025-12-25,5639.13,0.0,54.16,2100.0,3539.13,True
request_53,user_53,2025-11-07,49,2025-12-26,5547.63,0.0,91.5,2100.0,3447.63,True
request_53,user_53,2025-11-07,50,2025-12-27,5547.63,0.0,0.0,2100.0,3447.63,True
request_53,user_53,2025-11-07,51,2025-12-28,5547.63,0.0,0.0,2100.0,3447.63,True
request_53,user_53,2025-11-07,52,2025-12-29,5547.63,0.0,0.0,2100.0,3447.63,True
request_53,user_53,2025-11-07,53,2025-12-30,5547.63,0.0,0.0,2100.0,3447.63,True
request_53,user_53,2025-11-07,54,2025-12-31,5456.76,0.0,90.87,2100.0,3356.76,True
request_53,user_53,2025-11-07,55,2026-01-01,5402.6,0.0,54.16,2100.0,3302.6,True
request_53,user_53,2025-11-07,56,2026-01-02,4628.6,0.0,774.0,2100.0,2528.6,True
request_53,user_53,2025-11-07,57,2026-01-03,4628.6,0.0,0.0,2100.0,2528.6,True
request_53,user_53,2025-11-07,58,2026-01-04,4628.6,0.0,0.0,2100.0,2528.6,True
request_53,user_53,2025-11-07,59,2026-01-05,4628.6,0.0,0.0,2100.0,2528.6,True
request_53,user_53,2025-11-07,60,2026-01-06,4466.02,0.0,162.58,2100.0,2366.02,True
request_53,user_53,2025-11-07,61,2026-01-07,4375.15,0.0,90.87,2100.0,2275.15,True
request_53,user_53,2025-11-07,62,2026-01-08,4151.99,0.0,223.16,2100.0,2051.99,True
request_53,user_53,2025-11-07,63,2026-01-09,4060.49,0.0,91.5,2100.0,1960.49,True
request_53,user_53,2025-11-07,64,2026-01-10,4060.49,0.0,0.0,2100.0,1960.49,True
request_53,user_53,2025-11-07,65,2026-01-11,3561.49,0.0,499.0,2100.0,1461.49,True
request_53,user_53,2025-11-07,66,2026-01-12,3561.49,0.0,0.0,2100.0,1461.49,True
request_53,user_53,2025-11-07,67,2026-01-13,3520.49,0.0,41.0,2100.0,1420.49,True
request_53,user_53,2025-11-07,68,2026-01-14,3429.62,0.0,90.87,2100.0,1329.62,True
request_53,user_53,2025-11-07,69,2026-01-15,6255.46,2880.0,54.16,2100.0,4155.46,True
request_53,user_53,2025-11-07,70,2026-01-16,6255.46,0.0,0.0,2100.0,4155.46,True
request_53,user_53,2025-11-07,71,2026-01-17,6255.46,0.0,0.0,2100.0,4155.46,True
request_53,user_53,2025-11-07,72,2026-01-18,6255.46,0.0,0.0,2100.0,4155.46,True
request_53,user_53,2025-11-07,73,2026-01-19,6255.46,0.0,0.0,2100.0,4155.46,True
request_53,user_53,2025-11-07,74,2026-01-20,6255.46,0.0,0.0,2100.0,4155.46,True
request_53,user_53,2025-11-07,75,2026-01-21,6164.59,0.0,90.87,2100.0,4064.59,True
request_53,user_53,2025-11-07,76,2026-01-22,6110.43,0.0,54.16,2100.0,4010.43,True
request_53,user_53,2025-11-07,77,2026-01-23,6018.93,0.0,91.5,2100.0,3918.93,True
request_53,user_53,2025-11-07,78,2026-01-24,6018.93,0.0,0.0,2100.0,3918.93,True
request_53,user_53,2025-11-07,79,2026-01-25,6018.93,0.0,0.0,2100.0,3918.93,True
request_53,user_53,2025-11-07,80,2026-01-26,6018.93,0.0,0.0,2100.0,3918.93,True
request_53,user_53,2025-11-07,81,2026-01-27,6018.93,0.0,0.0,2100.0,3918.93,True
request_53,user_53,2025-11-07,82,2026-01-28,5928.06,0.0,90.87,2100.0,3828.06,True
request_53,user_53,2025-11-07,83,2026-01-29,5873.9,0.0,54.16,2100.0,3773.9,True
request_53,user_53,2025-11-07,84,2026-01-30,5873.9,0.0,0.0,2100.0,3773.9,True
request_53,user_53,2025-11-07,85,2026-01-31,5873.9,0.0,0.0,2100.0,3773.9,True
request_53,user_53,2025-11-07,86,2026-02-01,5873.9,0.0,0.0,2100.0,3773.9,True
request_53,user_53,2025-11-07,87,2026-02-02,5099.9,0.0,774.0,2100.0,2999.9,True
request_53,user_53,2025-11-07,88,2026-02-03,5099.9,0.0,0.0,2100.0,2999.9,True
request_53,user_53,2025-11-07,89,2026-02-04,5009.03,0.0,90.87,2100.0,2909.03,True
request_53,user_53,2025-11-07,90,2026-02-05,4954.87,0.0,54.16,2100.0,2854.87,True
request_54,user_54,2026-07-04,0,2026-07-04,49951.4,0.0,3630.0,37000.0,12951.4,True
request_54,user_54,2026-07-04,1,2026-07-05,49951.4,0.0,0.0,37000.0,12951.4,True
request_54,user_54,2026-07-04,2,2026-07-06,49951.4,0.0,0.0,37000.0,12951.4,True
request_54,user_54,2026-07-04,3,2026-07-07,46850.6,0.0,3100.8,37000.0,9850.6,True
request_54,user_54,2026-07-04,4,2026-07-08,43995.33,0.0,2855.27,37000.0,6995.33,True
request_54,user_54,2026-07-04,5,2026-07-09,43995.33,0.0,0.0,37000.0,6995.33,True
request_54,user_54,2026-07-04,6,2026-07-10,43135.13,0.0,860.2,37000.0,6135.13,True
request_54,user_54,2026-07-04,7,2026-07-11,40435.29,0.0,2699.84,37000.0,3435.29,True
request_54,user_54,2026-07-04,8,2026-07-12,39064.79,0.0,1370.5,37000.0,2064.79,True
request_54,user_54,2026-07-04,9,2026-07-13,39064.79,0.0,0.0,37000.0,2064.79,True
request_54,user_54,2026-07-04,10,2026-07-14,39064.79,0.0,0.0,37000.0,2064.79,True
request_54,user_54,2026-07-04,11,2026-07-15,72183.59,33118.8,0.0,37000.0,35183.59,True
request_54,user_54,2026-07-04,12,2026-07-16,72183.59,0.0,0.0,37000.0,35183.59,True
request_54,user_54,2026-07-04,13,2026-07-17,72183.59,0.0,0.0,37000.0,35183.59,True
request_54,user_54,2026-07-04,14,2026-07-18,70496.52,0.0,1687.07,37000.0,33496.52,True
request_54,user_54,2026-07-04,15,2026-07-19,70496.52,0.0,0.0,37000.0,33496.52,True
request_54,user_54,2026-07-04,16,2026-07-20,70496.52,0.0,0.0,37000.0,33496.52,True
request_54,user_54,2026-07-04,17,2026-07-21,70496.52,0.0,0.0,37000.0,33496.52,True
request_54,user_54,2026-07-04,18,2026-07-22,70496.52,0.0,0.0,37000.0,33496.52,True
request_54,user_54,2026-07-04,19,2026-07-23,70496.52,0.0,0.0,37000.0,33496.52,True
request_54,user_54,2026-07-04,20,2026-07-24,70496.52,0.0,0.0,37000.0,33496.52,True
request_54,user_54,2026-07-04,21,2026-07-25,69160.04,0.0,1336.48,37000.0,32160.04,True
request_54,user_54,2026-07-04,22,2026-07-26,67789.54,0.0,1370.5,37000.0,30789.54,True
request_54,user_54,2026-07-04,23,2026-07-27,67789.54,0.0,0.0,37000.0,30789.54,True
request_54,user_54,2026-07-04,24,2026-07-28,66102.47,0.0,1687.07,37000.0,29102.47,True
request_54,user_54,2026-07-04,25,2026-07-29,66102.47,0.0,0.0,37000.0,29102.47,True
request_54,user_54,2026-07-04,26,2026-07-30,66102.47,0.0,0.0,37000.0,29102.47,True
request_54,user_54,2026-07-04,27,2026-07-31,66102.47,0.0,0.0,37000.0,29102.47,True
request_54,user_54,2026-07-04,28,2026-08-01,66102.47,0.0,0.0,37000.0,29102.47,True
request_54,user_54,2026-07-04,29,2026-08-02,66102.47,0.0,0.0,37000.0,29102.47,True
request_54,user_54,2026-07-04,30,2026-08-03,66102.47,0.0,0.0,37000.0,29102.47,True
request_54,user_54,2026-07-04,31,2026-08-04,62472.47,0.0,3630.0,37000.0,25472.47,True
request_54,user_54,2026-07-04,32,2026-08-05,62472.47,0.0,0.0,37000.0,25472.47,True
request_54,user_54,2026-07-04,33,2026-08-06,62472.47,0.0,0.0,37000.0,25472.47,True
request_54,user_54,2026-07-04,34,2026-08-07,57684.6,0.0,4787.87,37000.0,20684.6,True
request_54,user_54,2026-07-04,35,2026-08-08,55179.92,0.0,2504.68,37000.0,18179.92,True
request_54,user_54,2026-07-04,36,2026-08-09,53809.42,0.0,1370.5,37000.0,16809.42,True
request_54,user_54,2026-07-04,37,2026-08-10,52949.22,0.0,860.2,37000.0,15949.22,True
request_54,user_54,2026-07-04,38,2026-08-11,51585.86,0.0,1363.36,37000.0,14585.86,True
request_54,user_54,2026-07-04,39,2026-08-12,51585.86,0.0,0.0,37000.0,14585.86,True
request_54,user_54,2026-07-04,40,2026-08-13,51585.86,0.0,0.0,37000.0,14585.86,True
request_54,user_54,2026-07-04,41,2026-08-14,51585.86,0.0,0.0,37000.0,14585.86,True
request_54,user_54,2026-07-04,42,2026-08-15,84704.66,33118.8,0.0,37000.0,47704.66,True
request_54,user_54,2026-07-04,43,2026-08-16,84704.66,0.0,0.0,37000.0,47704.66,True
request_54,user_54,2026-07-04,44,2026-08-17,83017.59,0.0,1687.07,37000.0,46017.59,True
request_54,user_54,2026-07-04,45,2026-08-18,83017.59,0.0,0.0,37000.0,46017.59,True
request_54,user_54,2026-07-04,46,2026-08-19,83017.59,0.0,0.0,37000.0,46017.59,True
request_54,user_54,2026-07-04,47,2026-08-20,83017.59,0.0,0.0,37000.0,46017.59,True
request_54,user_54,2026-07-04,48,2026-08-21,83017.59,0.0,0.0,37000.0,46017.59,True
request_54,user_54,2026-07-04,49,2026-08-22,81681.11,0.0,1336.48,37000.0,44681.11,True
request_54,user_54,2026-07-04,50,2026-08-23,80310.61,0.0,1370.5,37000.0,43310.61,True
request_54,user_54,2026-07-04,51,2026-08-24,80310.61,0.0,0.0,37000.0,43310.61,True
request_54,user_54,2026-07-04,52,2026-08-25,80310.61,0.0,0.0,37000.0,43310.61,True
request_54,user_54,2026-07-04,53,2026-08-26,80310.61,0.0,0.0,37000.0,43310.61,True
request_54,user_54,2026-07-04,54,2026-08-27,78623.54,0.0,1687.07,37000.0,41623.54,True
request_54,user_54,2026-07-04,55,2026-08-28,78623.54,0.0,0.0,37000.0,41623.54,True
request_54,user_54,2026-07-04,56,2026-08-29,78623.54,0.0,0.0,37000.0,41623.54,True
request_54,user_54,2026-07-04,57,2026-08-30,78623.54,0.0,0.0,37000.0,41623.54,True
request_54,user_54,2026-07-04,58,2026-08-31,78623.54,0.0,0.0,37000.0,41623.54,True
request_54,user_54,2026-07-04,59,2026-09-01,78623.54,0.0,0.0,37000.0,41623.54,True
request_54,user_54,2026-07-04,60,2026-09-02,78623.54,0.0,0.0,37000.0,41623.54,True
request_54,user_54,2026-07-04,61,2026-09-03,78623.54,0.0,0.0,37000.0,41623.54,True
request_54,user_54,2026-07-04,62,2026-09-04,74993.54,0.0,3630.0,37000.0,37993.54,True
request_54,user_54,2026-07-04,63,2026-09-05,73657.06,0.0,1336.48,37000.0,36657.06,True
request_54,user_54,2026-07-04,64,2026-09-06,70599.49,0.0,3057.57,37000.0,33599.49,True
request_54,user_54,2026-07-04,65,2026-09-07,67498.69,0.0,3100.8,37000.0,30498.69,True
request_54,user_54,2026-07-04,66,2026-09-08,66330.49,0.0,1168.2,37000.0,29330.49,True
request_54,user_54,2026-07-04,67,2026-09-09,66330.49,0.0,0.0,37000.0,29330.49,True
request_54,user_54,2026-07-04,68,2026-09-10,65470.29,0.0,860.2,37000.0,28470.29,True
request_54,user_54,2026-07-04,69,2026-09-11,64106.93,0.0,1363.36,37000.0,27106.93,True
request_54,user_54,2026-07-04,70,2026-09-12,64106.93,0.0,0.0,37000.0,27106.93,True
request_54,user_54,2026-07-04,71,2026-09-13,64106.93,0.0,0.0,37000.0,27106.93,True
request_54,user_54,2026-07-04,72,2026-09-14,64106.93,0.0,0.0,37000.0,27106.93,True
request_54,user_54,2026-07-04,73,2026-09-15,97225.73,33118.8,0.0,37000.0,60225.73,True
request_54,user_54,2026-07-04,74,2026-09-16,95538.66,0.0,1687.07,37000.0,58538.66,True
request_54,user_54,2026-07-04,75,2026-09-17,95538.66,0.0,0.0,37000.0,58538.66,True
request_54,user_54,2026-07-04,76,2026-09-18,95538.66,0.0,0.0,37000.0,58538.66,True
request_54,user_54,2026-07-04,77,2026-09-19,94202.18,0.0,1336.48,37000.0,57202.18,True
request_54,user_54,2026-07-04,78,2026-09-20,92831.68,0.0,1370.5,37000.0,55831.68,True
request_54,user_54,2026-07-04,79,2026-09-21,92831.68,0.0,0.0,37000.0,55831.68,True
request_54,user_54,2026-07-04,80,2026-09-22,92831.68,0.0,0.0,37000.0,55831.68,True
request_54,user_54,2026-07-04,81,2026-09-23,92831.68,0.0,0.0,37000.0,55831.68,True
request_54,user_54,2026-07-04,82,2026-09-24,92831.68,0.0,0.0,37000.0,55831.68,True
request_54,user_54,2026-07-04,83,2026-09-25,92831.68,0.0,0.0,37000.0,55831.68,True
request_54,user_54,2026-07-04,84,2026-09-26,91144.61,0.0,1687.07,37000.0,54144.61,True
request_54,user_54,2026-07-04,85,2026-09-27,91144.61,0.0,0.0,37000.0,54144.61,True
request_54,user_54,2026-07-04,86,2026-09-28,91144.61,0.0,0.0,37000.0,54144.61,True
request_54,user_54,2026-07-04,87,2026-09-29,91144.61,0.0,0.0,37000.0,54144.61,True
request_54,user_54,2026-07-04,88,2026-09-30,91144.61,0.0,0.0,37000.0,54144.61,True
request_54,user_54,2026-07-04,89,2026-10-01,91144.61,0.0,0.0,37000.0,54144.61,True
request_54,user_54,2026-07-04,90,2026-10-02,91144.61,0.0,0.0,37000.0,54144.61,True
request_55,user_55,2026-06-08,0,2026-06-08,303548.57,0.0,10792.62,124300.0,179248.57,True
request_55,user_55,2026-06-08,1,2026-06-09,298183.36,0.0,5365.21,124300.0,173883.36,True
request_55,user_55,2026-06-08,2,2026-06-10,298183.36,0.0,0.0,124300.0,173883.36,True
request_55,user_55,2026-06-08,3,2026-06-11,292943.36,0.0,5240.0,124300.0,168643.36,True
request_55,user_55,2026-06-08,4,2026-06-12,272512.04,0.0,20431.32,124300.0,148212.04,True
request_55,user_55,2026-06-08,5,2026-06-13,256962.04,0.0,15550.0,124300.0,132662.04,True
request_55,user_55,2026-06-08,6,2026-06-14,256107.04,0.0,855.0,124300.0,131807.04,True
request_55,user_55,2026-06-08,7,2026-06-15,461314.42,216000.0,10792.62,124300.0,337014.42,True
request_55,user_55,2026-06-08,8,2026-06-16,455949.21,0.0,5365.21,124300.0,331649.21,True
request_55,user_55,2026-06-08,9,2026-06-17,455949.21,0.0,0.0,124300.0,331649.21,True
request_55,user_55,2026-06-08,10,2026-06-18,455949.21,0.0,0.0,124300.0,331649.21,True
request_55,user_55,2026-06-08,11,2026-06-19,455949.21,0.0,0.0,124300.0,331649.21,True
request_55,user_55,2026-06-08,12,2026-06-20,455949.21,0.0,0.0,124300.0,331649.21,True
request_55,user_55,2026-06-08,13,2026-06-21,455949.21,0.0,0.0,124300.0,331649.21,True
request_55,user_55,2026-06-08,14,2026-06-22,445156.59,0.0,10792.62,124300.0,320856.59,True
request_55,user_55,2026-06-08,15,2026-06-23,439791.38,0.0,5365.21,124300.0,315491.38,True
request_55,user_55,2026-06-08,16,2026-06-24,439791.38,0.0,0.0,124300.0,315491.38,True
request_55,user_55,2026-06-08,17,2026-06-25,439791.38,0.0,0.0,124300.0,315491.38,True
request_55,user_55,2026-06-08,18,2026-06-26,433160.06,0.0,6631.32,124300.0,308860.06,True
request_55,user_55,2026-06-08,19,2026-06-27,433160.06,0.0,0.0,124300.0,308860.06,True
request_55,user_55,2026-06-08,20,2026-06-28,433160.06,0.0,0.0,124300.0,308860.06,True
request_55,user_55,2026-06-08,21,2026-06-29,422367.44,0.0,10792.62,124300.0,298067.44,True
request_55,user_55,2026-06-08,22,2026-06-30,417002.23,0.0,5365.21,124300.0,292702.23,True
request_55,user_55,2026-06-08,23,2026-07-01,417002.23,0.0,0.0,124300.0,292702.23,True
request_55,user_55,2026-06-08,24,2026-07-02,417002.23,0.0,0.0,124300.0,292702.23,True
request_55,user_55,2026-06-08,25,2026-07-03,417002.23,0.0,0.0,124300.0,292702.23,True
request_55,user_55,2026-06-08,26,2026-07-04,362602.23,0.0,54400.0,124300.0,238302.23,True
request_55,user_55,2026-06-08,27,2026-07-05,362602.23,0.0,0.0,124300.0,238302.23,True
request_55,user_55,2026-06-08,28,2026-07-06,351809.61,0.0,10792.62,124300.0,227509.61,True
request_55,user_55,2026-06-08,29,2026-07-07,345721.4,0.0,6088.21,124300.0,221421.4,True
request_55,user_55,2026-06-08,30,2026-07-08,345721.4,0.0,0.0,124300.0,221421.4,True
request_55,user_55,2026-06-08,31,2026-07-09,345721.4,0.0,0.0,124300.0,221421.4,True
request_55,user_55,2026-06-08,32,2026-07-10,339090.08,0.0,6631.32,124300.0,214790.08,True
request_55,user_55,2026-06-08,33,2026-07-11,333850.08,0.0,5240.0,124300.0,209550.08,True
request_55,user_55,2026-06-08,34,2026-07-12,333850.08,0.0,0.0,124300.0,209550.08,True
request_55,user_55,2026-06-08,35,2026-07-13,307507.46,0.0,26342.62,124300.0,183207.46,True
request_55,user_55,2026-06-08,36,2026-07-14,301287.25,0.0,6220.21,124300.0,176987.25,True
request_55,user_55,2026-06-08,37,2026-07-15,517287.25,216000.0,0.0,124300.0,392987.25,True
request_55,user_55,2026-06-08,38,2026-07-16,517287.25,0.0,0.0,124300.0,392987.25,True
request_55,user_55,2026-06-08,39,2026-07-17,517287.25,0.0,0.0,124300.0,392987.25,True
request_55,user_55,2026-06-08,40,2026-07-18,517287.25,0.0,0.0,124300.0,392987.25,True
request_55,user_55,2026-06-08,41,2026-07-19,517287.25,0.0,0.0,124300.0,392987.25,True
request_55,user_55,2026-06-08,42,2026-07-20,506494.63,0.0,10792.62,124300.0,382194.63,True
request_55,user_55,2026-06-08,43,2026-07-21,501129.42,0.0,5365.21,124300.0,376829.42,True
request_55,user_55,2026-06-08,44,2026-07-22,501129.42,0.0,0.0,124300.0,376829.42,True
request_55,user_55,2026-06-08,45,2026-07-23,501129.42,0.0,0.0,124300.0,376829.42,True
request_55,user_55,2026-06-08,46,2026-07-24,494498.1,0.0,6631.32,124300.0,370198.1,True
request_55,user_55,2026-06-08,47,2026-07-25,494498.1,0.0,0.0,124300.0,370198.1,True
request_55,user_55,2026-06-08,48,2026-07-26,494498.1,0.0,0.0,124300.0,370198.1,True
request_55,user_55,2026-06-08,49,2026-07-27,483705.48,0.0,10792.62,124300.0,359405.48,True
request_55,user_55,2026-06-08,50,2026-07-28,478340.27,0.0,5365.21,124300.0,354040.27,True
request_55,user_55,2026-06-08,51,2026-07-29,478340.27,0.0,0.0,124300.0,354040.27,True
request_55,user_55,2026-06-08,52,2026-07-30,478340.27,0.0,0.0,124300.0,354040.27,True
request_55,user_55,2026-06-08,53,2026-07-31,478340.27,0.0,0.0,124300.0,354040.27,True
request_55,user_55,2026-06-08,54,2026-08-01,478340.27,0.0,0.0,124300.0,354040.27,True
request_55,user_55,2026-06-08,55,2026-08-02,478340.27,0.0,0.0,124300.0,354040.27,True
request_55,user_55,2026-06-08,56,2026-08-03,467547.65,0.0,10792.62,124300.0,343247.65,True
request_55,user_55,2026-06-08,57,2026-08-04,407782.44,0.0,59765.21,124300.0,283482.44,True
request_55,user_55,2026-06-08,58,2026-08-05,407782.44,0.0,0.0,124300.0,283482.44,True
request_55,user_55,2026-06-08,59,2026-08-06,407782.44,0.0,0.0,124300.0,283482.44,True
request_55,user_55,2026-06-08,60,2026-08-07,400428.12,0.0,7354.32,124300.0,276128.12,True
request_55,user_55,2026-06-08,61,2026-08-08,400428.12,0.0,0.0,124300.0,276128.12,True
request_55,user_55,2026-06-08,62,2026-08-09,400428.12,0.0,0.0,124300.0,276128.12,True
request_55,user_55,2026-06-08,63,2026-08-10,389635.5,0.0,10792.62,124300.0,265335.5,True
request_55,user_55,2026-06-08,64,2026-08-11,379030.29,0.0,10605.21,124300.0,254730.29,True
request_55,user_55,2026-06-08,65,2026-08-12,379030.29,0.0,0.0,124300.0,254730.29,True
request_55,user_55,2026-06-08,66,2026-08-13,363480.29,0.0,15550.0,124300.0,239180.29,True
request_55,user_55,2026-06-08,67,2026-08-14,362625.29,0.0,855.0,124300.0,238325.29,True
request_55,user_55,2026-06-08,68,2026-08-15,578625.29,216000.0,0.0,124300.0,454325.29,True
request_55,user_55,2026-06-08,69,2026-08-16,578625.29,0.0,0.0,124300.0,454325.29,True
request_55,user_55,2026-06-08,70,2026-08-17,567832.67,0.0,10792.62,124300.0,443532.67,True
request_55,user_55,2026-06-08,71,2026-08-18,562467.46,0.0,5365.21,124300.0,438167.46,True
request_55,user_55,2026-06-08,72,2026-08-19,562467.46,0.0,0.0,124300.0,438167.46,True
request_55,user_55,2026-06-08,73,2026-08-20,562467.46,0.0,0.0,124300.0,438167.46,True
request_55,user_55,2026-06-08,74,2026-08-21,555836.14,0.0,6631.32,124300.0,431536.14,True
request_55,user_55,2026-06-08,75,2026-08-22,555836.14,0.0,0.0,124300.0,431536.14,True
request_55,user_55,2026-06-08,76,2026-08-23,555836.14,0.0,0.0,124300.0,431536.14,True
request_55,user_55,2026-06-08,77,2026-08-24,545043.52,0.0,10792.62,124300.0,420743.52,True
request_55,user_55,2026-06-08,78,2026-08-25,539678.31,0.0,5365.21,124300.0,415378.31,True
request_55,user_55,2026-06-08,79,2026-08-26,539678.31,0.0,0.0,124300.0,415378.31,True
request_55,user_55,2026-06-08,80,2026-08-27,539678.31,0.0,0.0,124300.0,415378.31,True
request_55,user_55,2026-06-08,81,2026-08-28,539678.31,0.0,0.0,124300.0,415378.31,True
request_55,user_55,2026-06-08,82,2026-08-29,539678.31,0.0,0.0,124300.0,415378.31,True
request_55,user_55,2026-06-08,83,2026-08-30,539678.31,0.0,0.0,124300.0,415378.31,True
request_55,user_55,2026-06-08,84,2026-08-31,528885.69,0.0,10792.62,124300.0,404585.69,True
request_55,user_55,2026-06-08,85,2026-09-01,523520.48,0.0,5365.21,124300.0,399220.48,True
request_55,user_55,2026-06-08,86,2026-09-02,523520.48,0.0,0.0,124300.0,399220.48,True
request_55,user_55,2026-06-08,87,2026-09-03,523520.48,0.0,0.0,124300.0,399220.48,True
request_55,user_55,2026-06-08,88,2026-09-04,462489.16,0.0,61031.32,124300.0,338189.16,True
request_55,user_55,2026-06-08,89,2026-09-05,462489.16,0.0,0.0,124300.0,338189.16,True
request_55,user_55,2026-06-08,90,2026-09-06,462489.16,0.0,0.0,124300.0,338189.16,True
request_56,user_56,2025-02-03,0,2025-02-03,3432.36,0.0,0.0,2100.0,1332.36,True
request_56,user_56,2025-02-03,1,2025-02-04,3432.36,0.0,0.0,2100.0,1332.36,True
request_56,user_56,2025-02-03,2,2025-02-05,3212.63,0.0,219.73,2100.0,1112.63,True
request_56,user_56,2025-02-03,3,2025-02-06,3149.63,0.0,63.0,2100.0,1049.63,True
request_56,user_56,2025-02-03,4,2025-02-07,2942.63,0.0,207.0,2100.0,842.63,True
request_56,user_56,2025-02-03,5,2025-02-08,2904.26,0.0,38.37,2100.0,804.26,True
request_56,user_56,2025-02-03,6,2025-02-09,2780.91,0.0,123.35,2100.0,680.91,True
request_56,user_56,2025-02-03,7,2025-02-10,2780.91,0.0,0.0,2100.0,680.91,True
request_56,user_56,2025-02-03,8,2025-02-11,2772.91,0.0,8.0,2100.0,672.91,True
request_56,user_56,2025-02-03,9,2025-02-12,2772.91,0.0,0.0,2100.0,672.91,True
request_56,user_56,2025-02-03,10,2025-02-13,2723.64,0.0,49.27,2100.0,623.64,True
request_56,user_56,2025-02-03,11,2025-02-14,2723.64,0.0,0.0,2100.0,623.64,True
request_56,user_56,2025-02-03,12,2025-02-15,4996.55,2388.0,115.09,2100.0,2896.55,True
request_56,user_56,2025-02-03,13,2025-02-16,4907.28,0.0,89.27,2100.0,2807.28,True
request_56,user_56,2025-02-03,14,2025-02-17,4907.28,0.0,0.0,2100.0,2807.28,True
request_56,user_56,2025-02-03,15,2025-02-18,4907.28,0.0,0.0,2100.0,2807.28,True
request_56,user_56,2025-02-03,16,2025-02-19,4907.28,0.0,0.0,2100.0,2807.28,True
request_56,user_56,2025-02-03,17,2025-02-20,4907.28,0.0,0.0,2100.0,2807.28,True
request_56,user_56,2025-02-03,18,2025-02-21,4907.28,0.0,0.0,2100.0,2807.28,True
request_56,user_56,2025-02-03,19,2025-02-22,4868.91,0.0,38.37,2100.0,2768.91,True
request_56,user_56,2025-02-03,20,2025-02-23,4868.91,0.0,0.0,2100.0,2768.91,True
request_56,user_56,2025-02-03,21,2025-02-24,4868.91,0.0,0.0,2100.0,2768.91,True
request_56,user_56,2025-02-03,22,2025-02-25,4753.82,0.0,115.09,2100.0,2653.82,True
request_56,user_56,2025-02-03,23,2025-02-26,4753.82,0.0,0.0,2100.0,2653.82,True
request_56,user_56,2025-02-03,24,2025-02-27,4753.82,0.0,0.0,2100.0,2653.82,True
request_56,user_56,2025-02-03,25,2025-02-28,4753.82,0.0,0.0,2100.0,2653.82,True
request_56,user_56,2025-02-03,26,2025-03-01,4753.82,0.0,0.0,2100.0,2653.82,True
request_56,user_56,2025-02-03,27,2025-03-02,4541.82,0.0,212.0,2100.0,2441.82,True
request_56,user_56,2025-02-03,28,2025-03-03,4541.82,0.0,0.0,2100.0,2441.82,True
request_56,user_56,2025-02-03,29,2025-03-04,4541.82,0.0,0.0,2100.0,2441.82,True
request_56,user_56,2025-02-03,30,2025-03-05,4437.18,0.0,104.64,2100.0,2337.18,True
request_56,user_56,2025-02-03,31,2025-03-06,4374.18,0.0,63.0,2100.0,2274.18,True
request_56,user_56,2025-02-03,32,2025-03-07,4052.09,0.0,322.09,2100.0,1952.09,True
request_56,user_56,2025-02-03,33,2025-03-08,4013.72,0.0,38.37,2100.0,1913.72,True
request_56,user_56,2025-02-03,34,2025-03-09,3801.1,0.0,212.62,2100.0,1701.1,True
request_56,user_56,2025-02-03,35,2025-03-10,3801.1,0.0,0.0,2100.0,1701.1,True
request_56,user_56,2025-02-03,36,2025-03-11,3793.1,0.0,8.0,2100.0,1693.1,True
request_56,user_56,2025-02-03,37,2025-03-12,3793.1,0.0,0.0,2100.0,1693.1,True
request_56,user_56,2025-02-03,38,2025-03-13,3743.83,0.0,49.27,2100.0,1643.83,True
request_56,user_56,2025-02-03,39,2025-03-14,3743.83,0.0,0.0,2100.0,1643.83,True
request_56,user_56,2025-02-03,40,2025-03-15,6131.83,2388.0,0.0,2100.0,4031.83,True
request_56,user_56,2025-02-03,41,2025-03-16,6131.83,0.0,0.0,2100.0,4031.83,True
request_56,user_56,2025-02-03,42,2025-03-17,6016.74,0.0,115.09,2100.0,3916.74,True
request_56,user_56,2025-02-03,43,2025-03-18,6016.74,0.0,0.0,2100.0,3916.74,True
request_56,user_56,2025-02-03,44,2025-03-19,6016.74,0.0,0.0,2100.0,3916.74,True
request_56,user_56,2025-02-03,45,2025-03-20,6016.74,0.0,0.0,2100.0,3916.74,True
request_56,user_56,2025-02-03,46,2025-03-21,6016.74,0.0,0.0,2100.0,3916.74,True
request_56,user_56,2025-02-03,47,2025-03-22,5978.37,0.0,38.37,2100.0,3878.37,True
request_56,user_56,2025-02-03,48,2025-03-23,5978.37,0.0,0.0,2100.0,3878.37,True
request_56,user_56,2025-02-03,49,2025-03-24,5978.37,0.0,0.0,2100.0,3878.37,True
request_56,user_56,2025-02-03,50,2025-03-25,5978.37,0.0,0.0,2100.0,3878.37,True
request_56,user_56,2025-02-03,51,2025-03-26,5978.37,0.0,0.0,2100.0,3878.37,True
request_56,user_56,2025-02-03,52,2025-03-27,5863.28,0.0,115.09,2100.0,3763.28,True
request_56,user_56,2025-02-03,53,2025-03-28,5863.28,0.0,0.0,2100.0,3763.28,True
request_56,user_56,2025-02-03,54,2025-03-29,5863.28,0.0,0.0,2100.0,3763.28,True
request_56,user_56,2025-02-03,55,2025-03-30,5774.01,0.0,89.27,2100.0,3674.01,True
request_56,user_56,2025-02-03,56,2025-03-31,5774.01,0.0,0.0,2100.0,3674.01,True
request_56,user_56,2025-02-03,57,2025-04-01,5774.01,0.0,0.0,2100.0,3674.01,True
request_56,user_56,2025-02-03,58,2025-04-02,5562.01,0.0,212.0,2100.0,3462.01,True
request_56,user_56,2025-02-03,59,2025-04-03,5562.01,0.0,0.0,2100.0,3462.01,True
request_56,user_56,2025-02-03,60,2025-04-04,5562.01,0.0,0.0,2100.0,3462.01,True
request_56,user_56,2025-02-03,61,2025-04-05,5419.0,0.0,143.01,2100.0,3319.0,True
request_56,user_56,2025-02-03,62,2025-04-06,5240.91,0.0,178.09,2100.0,3140.91,True
request_56,user_56,2025-02-03,63,2025-04-07,5033.91,0.0,207.0,2100.0,2933.91,True
request_56,user_56,2025-02-03,64,2025-04-08,5033.91,0.0,0.0,2100.0,2933.91,True
request_56,user_56,2025-02-03,65,2025-04-09,4910.56,0.0,123.35,2100.0,2810.56,True
request_56,user_56,2025-02-03,66,2025-04-10,4910.56,0.0,0.0,2100.0,2810.56,True
request_56,user_56,2025-02-03,67,2025-04-11,4902.56,0.0,8.0,2100.0,2802.56,True
request_56,user_56,2025-02-03,68,2025-04-12,4902.56,0.0,0.0,2100.0,2802.56,True
request_56,user_56,2025-02-03,69,2025-04-13,4853.29,0.0,49.27,2100.0,2753.29,True
request_56,user_56,2025-02-03,70,2025-04-14,4853.29,0.0,0.0,2100.0,2753.29,True
request_56,user_56,2025-02-03,71,2025-04-15,7241.29,2388.0,0.0,2100.0,5141.29,True
request_56,user_56,2025-02-03,72,2025-04-16,7126.2,0.0,115.09,2100.0,5026.2,True
request_56,user_56,2025-02-03,73,2025-04-17,7126.2,0.0,0.0,2100.0,5026.2,True
request_56,user_56,2025-02-03,74,2025-04-18,7126.2,0.0,0.0,2100.0,5026.2,True
request_56,user_56,2025-02-03,75,2025-04-19,7087.83,0.0,38.37,2100.0,4987.83,True
request_56,user_56,2025-02-03,76,2025-04-20,6998.56,0.0,89.27,2100.0,4898.56,True
request_56,user_56,2025-02-03,77,2025-04-21,6998.56,0.0,0.0,2100.0,4898.56,True
request_56,user_56,2025-02-03,78,2025-04-22,6998.56,0.0,0.0,2100.0,4898.56,True
request_56,user_56,2025-02-03,79,2025-04-23,6998.56,0.0,0.0,2100.0,4898.56,True
request_56,user_56,2025-02-03,80,2025-04-24,6998.56,0.0,0.0,2100.0,4898.56,True
request_56,user_56,2025-02-03,81,2025-04-25,6998.56,0.0,0.0,2100.0,4898.56,True
request_56,user_56,2025-02-03,82,2025-04-26,6883.47,0.0,115.09,2100.0,4783.47,True
request_56,user_56,2025-02-03,83,2025-04-27,6883.47,0.0,0.0,2100.0,4783.47,True
request_56,user_56,2025-02-03,84,2025-04-28,6883.47,0.0,0.0,2100.0,4783.47,True
request_56,user_56,2025-02-03,85,2025-04-29,6883.47,0.0,0.0,2100.0,4783.47,True
request_56,user_56,2025-02-03,86,2025-04-30,6883.47,0.0,0.0,2100.0,4783.47,True
request_56,user_56,2025-02-03,87,2025-05-01,6883.47,0.0,0.0,2100.0,4783.47,True
request_56,user_56,2025-02-03,88,2025-05-02,6671.47,0.0,212.0,2100.0,4571.47,True
request_56,user_56,2025-02-03,89,2025-05-03,6633.1,0.0,38.37,2100.0,4533.1,True
request_56,user_56,2025-02-03,90,2025-05-04,6633.1,0.0,0.0,2100.0,4533.1,True
request_57,user_57,2026-04-05,0,2026-04-05,63914.6,0.0,0.0,42700.0,21214.6,True
request_57,user_57,2026-04-05,1,2026-04-06,60695.77,0.0,3218.83,42700.0,17995.77,True
request_57,user_57,2026-04-05,2,2026-04-07,60695.77,0.0,0.0,42700.0,17995.77,True
request_57,user_57,2026-04-05,3,2026-04-08,58628.93,0.0,2066.84,42700.0,15928.93,True
request_57,user_57,2026-04-05,4,2026-04-09,57599.33,0.0,1029.6,42700.0,14899.33,True
request_57,user_57,2026-04-05,5,2026-04-10,57599.33,0.0,0.0,42700.0,14899.33,True
request_57,user_57,2026-04-05,6,2026-04-11,57599.33,0.0,0.0,42700.0,14899.33,True
request_57,user_57,2026-04-05,7,2026-04-12,57273.73,0.0,325.6,42700.0,14573.73,True
request_57,user_57,2026-04-05,8,2026-04-13,57273.73,0.0,0.0,42700.0,14573.73,True
request_57,user_57,2026-04-05,9,2026-04-14,57273.73,0.0,0.0,42700.0,14573.73,True
request_57,user_57,2026-04-05,10,2026-04-15,107433.73,50160.0,0.0,42700.0,64733.73,True
request_57,user_57,2026-04-05,11,2026-04-16,107433.73,0.0,0.0,42700.0,64733.73,True
request_57,user_57,2026-04-05,12,2026-04-17,107433.73,0.0,0.0,42700.0,64733.73,True
request_57,user_57,2026-04-05,13,2026-04-18,103862.31,0.0,3571.42,42700.0,61162.31,True
request_57,user_57,2026-04-05,14,2026-04-19,102643.12,0.0,1219.19,42700.0,59943.12,True
request_57,user_57,2026-04-05,15,2026-04-20,102643.12,0.0,0.0,42700.0,59943.12,True
request_57,user_57,2026-04-05,16,2026-04-21,102643.12,0.0,0.0,42700.0,59943.12,True
request_57,user_57,2026-04-05,17,2026-04-22,102643.12,0.0,0.0,42700.0,59943.12,True
request_57,user_57,2026-04-05,18,2026-04-23,102643.12,0.0,0.0,42700.0,59943.12,True
request_57,user_57,2026-04-05,19,2026-04-24,102643.12,0.0,0.0,42700.0,59943.12,True
request_57,user_57,2026-04-05,20,2026-04-25,102643.12,0.0,0.0,42700.0,59943.12,True
request_57,user_57,2026-04-05,21,2026-04-26,102643.12,0.0,0.0,42700.0,59943.12,True
request_57,user_57,2026-04-05,22,2026-04-27,102643.12,0.0,0.0,42700.0,59943.12,True
request_57,user_57,2026-04-05,23,2026-04-28,100576.28,0.0,2066.84,42700.0,57876.28,True
request_57,user_57,2026-04-05,24,2026-04-29,100576.28,0.0,0.0,42700.0,57876.28,True
request_57,user_57,2026-04-05,25,2026-04-30,100576.28,0.0,0.0,42700.0,57876.28,True
request_57,user_57,2026-04-05,26,2026-05-01,100576.28,0.0,0.0,42700.0,57876.28,True
request_57,user_57,2026-04-05,27,2026-05-02,85572.28,0.0,15004.0,42700.0,42872.28,True
request_57,user_57,2026-04-05,28,2026-05-03,85572.28,0.0,0.0,42700.0,42872.28,True
request_57,user_57,2026-04-05,29,2026-05-04,85572.28,0.0,0.0,42700.0,42872.28,True
request_57,user_57,2026-04-05,30,2026-05-05,85572.28,0.0,0.0,42700.0,42872.28,True
request_57,user_57,2026-04-05,31,2026-05-06,82353.45,0.0,3218.83,42700.0,39653.45,True
request_57,user_57,2026-04-05,32,2026-05-07,82353.45,0.0,0.0,42700.0,39653.45,True
request_57,user_57,2026-04-05,33,2026-05-08,80286.61,0.0,2066.84,42700.0,37586.61,True
request_57,user_57,2026-04-05,34,2026-05-09,77752.43,0.0,2534.18,42700.0,35052.43,True
request_57,user_57,2026-04-05,35,2026-05-10,76533.24,0.0,1219.19,42700.0,33833.24,True
request_57,user_57,2026-04-05,36,2026-05-11,76533.24,0.0,0.0,42700.0,33833.24,True
request_57,user_57,2026-04-05,37,2026-05-12,76207.64,0.0,325.6,42700.0,33507.64,True
request_57,user_57,2026-04-05,38,2026-05-13,76207.64,0.0,0.0,42700.0,33507.64,True
request_57,user_57,2026-04-05,39,2026-05-14,76207.64,0.0,0.0,42700.0,33507.64,True
request_57,user_57,2026-04-05,40,2026-05-15,126367.64,50160.0,0.0,42700.0,83667.64,True
request_57,user_57,2026-04-05,41,2026-05-16,126367.64,0.0,0.0,42700.0,83667.64,True
request_57,user_57,2026-04-05,42,2026-05-17,126367.64,0.0,0.0,42700.0,83667.64,True
request_57,user_57,2026-04-05,43,2026-05-18,124300.8,0.0,2066.84,42700.0,81600.8,True
request_57,user_57,2026-04-05,44,2026-05-19,124300.8,0.0,0.0,42700.0,81600.8,True
request_57,user_57,2026-04-05,45,2026-05-20,124300.8,0.0,0.0,42700.0,81600.8,True
request_57,user_57,2026-04-05,46,2026-05-21,124300.8,0.0,0.0,42700.0,81600.8,True
request_57,user_57,2026-04-05,47,2026-05-22,124300.8,0.0,0.0,42700.0,81600.8,True
request_57,user_57,2026-04-05,48,2026-05-23,124300.8,0.0,0.0,42700.0,81600.8,True
request_57,user_57,2026-04-05,49,2026-05-24,124300.8,0.0,0.0,42700.0,81600.8,True
request_57,user_57,2026-04-05,50,2026-05-25,124300.8,0.0,0.0,42700.0,81600.8,True
request_57,user_57,2026-04-05,51,2026-05-26,124300.8,0.0,0.0,42700.0,81600.8,True
request_57,user_57,2026-04-05,52,2026-05-27,124300.8,0.0,0.0,42700.0,81600.8,True
request_57,user_57,2026-04-05,53,2026-05-28,122233.96,0.0,2066.84,42700.0,79533.96,True
request_57,user_57,2026-04-05,54,2026-05-29,122233.96,0.0,0.0,42700.0,79533.96,True
request_57,user_57,2026-04-05,55,2026-05-30,120729.38,0.0,1504.58,42700.0,78029.38,True
request_57,user_57,2026-04-05,56,2026-05-31,119510.19,0.0,1219.19,42700.0,76810.19,True
request_57,user_57,2026-04-05,57,2026-06-01,119510.19,0.0,0.0,42700.0,76810.19,True
request_57,user_57,2026-04-05,58,2026-06-02,104506.19,0.0,15004.0,42700.0,61806.19,True
request_57,user_57,2026-04-05,59,2026-06-03,104506.19,0.0,0.0,42700.0,61806.19,True
request_57,user_57,2026-04-05,60,2026-06-04,104506.19,0.0,0.0,42700.0,61806.19,True
request_57,user_57,2026-04-05,61,2026-06-05,104506.19,0.0,0.0,42700.0,61806.19,True
request_57,user_57,2026-04-05,62,2026-06-06,101287.36,0.0,3218.83,42700.0,58587.36,True
request_57,user_57,2026-04-05,63,2026-06-07,99220.52,0.0,2066.84,42700.0,56520.52,True
request_57,user_57,2026-04-05,64,2026-06-08,99220.52,0.0,0.0,42700.0,56520.52,True
request_57,user_57,2026-04-05,65,2026-06-09,98190.92,0.0,1029.6,42700.0,55490.92,True
request_57,user_57,2026-04-05,66,2026-06-10,98190.92,0.0,0.0,42700.0,55490.92,True
request_57,user_57,2026-04-05,67,2026-06-11,98190.92,0.0,0.0,42700.0,55490.92,True
request_57,user_57,2026-04-05,68,2026-06-12,97865.32,0.0,325.6,42700.0,55165.32,True
request_57,user_57,2026-04-05,69,2026-06-13,97865.32,0.0,0.0,42700.0,55165.32,True
request_57,user_57,2026-04-05,70,2026-06-14,97865.32,0.0,0.0,42700.0,55165.32,True
request_57,user_57,2026-04-05,71,2026-06-15,148025.32,50160.0,0.0,42700.0,105325.32,True
request_57,user_57,2026-04-05,72,2026-06-16,148025.32,0.0,0.0,42700.0,105325.32,True
request_57,user_57,2026-04-05,73,2026-06-17,145958.48,0.0,2066.84,42700.0,103258.48,True
request_57,user_57,2026-04-05,74,2026-06-18,145958.48,0.0,0.0,42700.0,103258.48,True
request_57,user_57,2026-04-05,75,2026-06-19,145958.48,0.0,0.0,42700.0,103258.48,True
request_57,user_57,2026-04-05,76,2026-06-20,144453.9,0.0,1504.58,42700.0,101753.9,True
request_57,user_57,2026-04-05,77,2026-06-21,143234.71,0.0,1219.19,42700.0,100534.71,True
request_57,user_57,2026-04-05,78,2026-06-22,143234.71,0.0,0.0,42700.0,100534.71,True
request_57,user_57,2026-04-05,79,2026-06-23,143234.71,0.0,0.0,42700.0,100534.71,True
request_57,user_57,2026-04-05,80,2026-06-24,143234.71,0.0,0.0,42700.0,100534.71,True
request_57,user_57,2026-04-05,81,2026-06-25,143234.71,0.0,0.0,42700.0,100534.71,True
request_57,user_57,2026-04-05,82,2026-06-26,143234.71,0.0,0.0,42700.0,100534.71,True
request_57,user_57,2026-04-05,83,2026-06-27,141167.87,0.0,2066.84,42700.0,98467.87,True
request_57,user_57,2026-04-05,84,2026-06-28,141167.87,0.0,0.0,42700.0,98467.87,True
request_57,user_57,2026-04-05,85,2026-06-29,141167.87,0.0,0.0,42700.0,98467.87,True
request_57,user_57,2026-04-05,86,2026-06-30,141167.87,0.0,0.0,42700.0,98467.87,True
request_57,user_57,2026-04-05,87,2026-07-01,141167.87,0.0,0.0,42700.0,98467.87,True
request_57,user_57,2026-04-05,88,2026-07-02,126163.87,0.0,15004.0,42700.0,83463.87,True
request_57,user_57,2026-04-05,89,2026-07-03,126163.87,0.0,0.0,42700.0,83463.87,True
request_57,user_57,2026-04-05,90,2026-07-04,126163.87,0.0,0.0,42700.0,83463.87,True
request_58,user_58,2024-12-07,0,2024-12-07,39914317.93,0.0,2231747.07,14433900.0,25480417.93,True
request_58,user_58,2024-12-07,1,2024-12-08,39914317.93,0.0,0.0,14433900.0,25480417.93,True
request_58,user_58,2024-12-07,2,2024-12-09,39914317.93,0.0,0.0,14433900.0,25480417.93,True
request_58,user_58,2024-12-07,3,2024-12-10,39914317.93,0.0,0.0,14433900.0,25480417.93,True
request_58,user_58,2024-12-07,4,2024-12-11,39213217.93,0.0,701100.0,14433900.0,24779317.93,True
request_58,user_58,2024-12-07,5,2024-12-12,38963367.93,0.0,249850.0,14433900.0,24529467.93,True
request_58,user_58,2024-12-07,6,2024-12-13,38136632.78,0.0,826735.15,14433900.0,23702732.78,True
request_58,user_58,2024-12-07,7,2024-12-14,37463360.13,0.0,673272.65,14433900.0,23029460.13,True
request_58,user_58,2024-12-07,8,2024-12-15,61714169.67,25840000.0,1589190.46,14433900.0,47280269.67,True
request_58,user_58,2024-12-07,9,2024-12-16,61714169.67,0.0,0.0,14433900.0,47280269.67,True
request_58,user_58,2024-12-07,10,2024-12-17,61714169.67,0.0,0.0,14433900.0,47280269.67,True
request_58,user_58,2024-12-07,11,2024-12-18,61714169.67,0.0,0.0,14433900.0,47280269.67,True
request_58,user_58,2024-12-07,12,2024-12-19,61714169.67,0.0,0.0,14433900.0,47280269.67,True
request_58,user_58,2024-12-07,13,2024-12-20,60887434.52,0.0,826735.15,14433900.0,46453534.52,True
request_58,user_58,2024-12-07,14,2024-12-21,60432661.87,0.0,454772.65,14433900.0,45998761.87,True
request_58,user_58,2024-12-07,15,2024-12-22,60432661.87,0.0,0.0,14433900.0,45998761.87,True
request_58,user_58,2024-12-07,16,2024-12-23,60432661.87,0.0,0.0,14433900.0,45998761.87,True
request_58,user_58,2024-12-07,17,2024-12-24,60432661.87,0.0,0.0,14433900.0,45998761.87,True
request_58,user_58,2024-12-07,18,2024-12-25,60432661.87,0.0,0.0,14433900.0,45998761.87,True
request_58,user_58,2024-12-07,19,2024-12-26,60432661.87,0.0,0.0,14433900.0,45998761.87,True
request_58,user_58,2024-12-07,20,2024-12-27,59605926.72,0.0,826735.15,14433900.0,45172026.72,True
request_58,user_58,2024-12-07,21,2024-12-28,59151154.07,0.0,454772.65,14433900.0,44717254.07,True
request_58,user_58,2024-12-07,22,2024-12-29,58362401.09,0.0,788752.98,14433900.0,43928501.09,True
request_58,user_58,2024-12-07,23,2024-12-30,58362401.09,0.0,0.0,14433900.0,43928501.09,True
request_58,user_58,2024-12-07,24,2024-12-31,58362401.09,0.0,0.0,14433900.0,43928501.09,True
request_58,user_58,2024-12-07,25,2025-01-01,58362401.09,0.0,0.0,14433900.0,43928501.09,True
request_58,user_58,2024-12-07,26,2025-01-02,58362401.09,0.0,0.0,14433900.0,43928501.09,True
request_58,user_58,2024-12-07,27,2025-01-03,49859665.94,0.0,8502735.15,14433900.0,35425765.94,True
request_58,user_58,2024-12-07,28,2025-01-04,49404893.29,0.0,454772.65,14433900.0,34970993.29,True
request_58,user_58,2024-12-07,29,2025-01-05,49404893.29,0.0,0.0,14433900.0,34970993.29,True
request_58,user_58,2024-12-07,30,2025-01-06,49404893.29,0.0,0.0,14433900.0,34970993.29,True
request_58,user_58,2024-12-07,31,2025-01-07,47627918.87,0.0,1776974.42,14433900.0,33194018.87,True
request_58,user_58,2024-12-07,32,2025-01-08,47627918.87,0.0,0.0,14433900.0,33194018.87,True
request_58,user_58,2024-12-07,33,2025-01-09,47627918.87,0.0,0.0,14433900.0,33194018.87,True
request_58,user_58,2024-12-07,34,2025-01-10,46801183.72,0.0,826735.15,14433900.0,32367283.72,True
request_58,user_58,2024-12-07,35,2025-01-11,45645311.07,0.0,1155872.65,14433900.0,31211411.07,True
request_58,user_58,2024-12-07,36,2025-01-12,44606708.09,0.0,1038602.98,14433900.0,30172808.09,True
request_58,user_58,2024-12-07,37,2025-01-13,44606708.09,0.0,0.0,14433900.0,30172808.09,True
request_58,user_58,2024-12-07,38,2025-01-14,44388208.09,0.0,218500.0,14433900.0,29954308.09,True
request_58,user_58,2024-12-07,39,2025-01-15,69427770.61,25840000.0,800437.48,14433900.0,54993870.61,True
request_58,user_58,2024-12-07,40,2025-01-16,69427770.61,0.0,0.0,14433900.0,54993870.61,True
request_58,user_58,2024-12-07,41,2025-01-17,68601035.46,0.0,826735.15,14433900.0,54167135.46,True
request_58,user_58,2024-12-07,42,2025-01-18,68146262.81,0.0,454772.65,14433900.0,53712362.81,True
request_58,user_58,2024-12-07,43,2025-01-19,68146262.81,0.0,0.0,14433900.0,53712362.81,True
request_58,user_58,2024-12-07,44,2025-01-20,68146262.81,0.0,0.0,14433900.0,53712362.81,True
request_58,user_58,2024-12-07,45,2025-01-21,68146262.81,0.0,0.0,14433900.0,53712362.81,True
request_58,user_58,2024-12-07,46,2025-01-22,68146262.81,0.0,0.0,14433900.0,53712362.81,True
request_58,user_58,2024-12-07,47,2025-01-23,68146262.81,0.0,0.0,14433900.0,53712362.81,True
request_58,user_58,2024-12-07,48,2025-01-24,67319527.66,0.0,826735.15,14433900.0,52885627.66,True
request_58,user_58,2024-12-07,49,2025-01-25,66864755.01,0.0,454772.65,14433900.0,52430855.01,True
request_58,user_58,2024-12-07,50,2025-01-26,66076002.03,0.0,788752.98,14433900.0,51642102.03,True
request_58,user_58,2024-12-07,51,2025-01-27,66076002.03,0.0,0.0,14433900.0,51642102.03,True
request_58,user_58,2024-12-07,52,2025-01-28,66076002.03,0.0,0.0,14433900.0,51642102.03,True
request_58,user_58,2024-12-07,53,2025-01-29,66076002.03,0.0,0.0,14433900.0,51642102.03,True
request_58,user_58,2024-12-07,54,2025-01-30,66076002.03,0.0,0.0,14433900.0,51642102.03,True
request_58,user_58,2024-12-07,55,2025-01-31,65249266.88,0.0,826735.15,14433900.0,50815366.88,True
request_58,user_58,2024-12-07,56,2025-02-01,64794494.23,0.0,454772.65,14433900.0,50360594.23,True
request_58,user_58,2024-12-07,57,2025-02-02,64794494.23,0.0,0.0,14433900.0,50360594.23,True
request_58,user_58,2024-12-07,58,2025-02-03,57118494.23,0.0,7676000.0,14433900.0,42684594.23,True
request_58,user_58,2024-12-07,59,2025-02-04,57118494.23,0.0,0.0,14433900.0,42684594.23,True
request_58,user_58,2024-12-07,60,2025-02-05,57118494.23,0.0,0.0,14433900.0,42684594.23,True
request_58,user_58,2024-12-07,61,2025-02-06,57118494.23,0.0,0.0,14433900.0,42684594.23,True
request_58,user_58,2024-12-07,62,2025-02-07,54514784.66,0.0,2603709.57,14433900.0,40080884.66,True
request_58,user_58,2024-12-07,63,2025-02-08,54060012.01,0.0,454772.65,14433900.0,39626112.01,True
request_58,user_58,2024-12-07,64,2025-02-09,53271259.03,0.0,788752.98,14433900.0,38837359.03,True
request_58,user_58,2024-12-07,65,2025-02-10,53271259.03,0.0,0.0,14433900.0,38837359.03,True
request_58,user_58,2024-12-07,66,2025-02-11,52570159.03,0.0,701100.0,14433900.0,38136259.03,True
request_58,user_58,2024-12-07,67,2025-02-12,52320309.03,0.0,249850.0,14433900.0,37886409.03,True
request_58,user_58,2024-12-07,68,2025-02-13,52320309.03,0.0,0.0,14433900.0,37886409.03,True
request_58,user_58,2024-12-07,69,2025-02-14,51275073.88,0.0,1045235.15,14433900.0,36841173.88,True
request_58,user_58,2024-12-07,70,2025-02-15,75859863.75,25840000.0,1255210.13,14433900.0,61425963.75,True
request_58,user_58,2024-12-07,71,2025-02-16,75859863.75,0.0,0.0,14433900.0,61425963.75,True
request_58,user_58,2024-12-07,72,2025-02-17,75859863.75,0.0,0.0,14433900.0,61425963.75,True
request_58,user_58,2024-12-07,73,2025-02-18,75859863.75,0.0,0.0,14433900.0,61425963.75,True
request_58,user_58,2024-12-07,74,2025-02-19,75859863.75,0.0,0.0,14433900.0,61425963.75,True
request_58,user_58,2024-12-07,75,2025-02-20,75859863.75,0.0,0.0,14433900.0,61425963.75,True
request_58,user_58,2024-12-07,76,2025-02-21,75033128.6,0.0,826735.15,14433900.0,60599228.6,True
request_58,user_58,2024-12-07,77,2025-02-22,74578355.95,0.0,454772.65,14433900.0,60144455.95,True
request_58,user_58,2024-12-07,78,2025-02-23,73789602.97,0.0,788752.98,14433900.0,59355702.97,True
request_58,user_58,2024-12-07,79,2025-02-24,73789602.97,0.0,0.0,14433900.0,59355702.97,True
request_58,user_58,2024-12-07,80,2025-02-25,73789602.97,0.0,0.0,14433900.0,59355702.97,True
request_58,user_58,2024-12-07,81,2025-02-26,73789602.97,0.0,0.0,14433900.0,59355702.97,True
request_58,user_58,2024-12-07,82,2025-02-27,73789602.97,0.0,0.0,14433900.0,59355702.97,True
request_58,user_58,2024-12-07,83,2025-02-28,72962867.82,0.0,826735.15,14433900.0,58528967.82,True
request_58,user_58,2024-12-07,84,2025-03-01,72508095.17,0.0,454772.65,14433900.0,58074195.17,True
request_58,user_58,2024-12-07,85,2025-03-02,72508095.17,0.0,0.0,14433900.0,58074195.17,True
request_58,user_58,2024-12-07,86,2025-03-03,64832095.17,0.0,7676000.0,14433900.0,50398195.17,True
request_58,user_58,2024-12-07,87,2025-03-04,64832095.17,0.0,0.0,14433900.0,50398195.17,True
request_58,user_58,2024-12-07,88,2025-03-05,64832095.17,0.0,0.0,14433900.0,50398195.17,True
request_58,user_58,2024-12-07,89,2025-03-06,64832095.17,0.0,0.0,14433900.0,50398195.17,True
request_58,user_58,2024-12-07,90,2025-03-07,62228385.6,0.0,2603709.57,14433900.0,47794485.6,True
request_59,user_59,2025-05-04,0,2025-05-04,660107.42,0.0,63138.57,132600.0,527507.42,True
request_59,user_59,2025-05-04,1,2025-05-05,714284.63,59413.99,5236.78,132600.0,581684.63,True
request_59,user_59,2025-05-04,2,2025-05-06,714284.63,0.0,0.0,132600.0,581684.63,True
request_59,user_59,2025-05-04,3,2025-05-07,714284.63,0.0,0.0,132600.0,581684.63,True
request_59,user_59,2025-05-04,4,2025-05-08,697098.84,0.0,17185.79,132600.0,564498.84,True
request_59,user_59,2025-05-04,5,2025-05-09,697098.84,0.0,0.0,132600.0,564498.84,True
request_59,user_59,2025-05-04,6,2025-05-10,697098.84,0.0,0.0,132600.0,564498.84,True
request_59,user_59,2025-05-04,7,2025-05-11,687760.27,0.0,9338.57,132600.0,555160.27,True
request_59,user_59,2025-05-04,8,2025-05-12,677583.49,0.0,10176.78,132600.0,544983.49,True
request_59,user_59,2025-05-04,9,2025-05-13,674803.49,0.0,2780.0,132600.0,542203.49,True
request_59,user_59,2025-05-04,10,2025-05-14,674803.49,0.0,0.0,132600.0,542203.49,True
request_59,user_59,2025-05-04,11,2025-05-15,672143.49,0.0,2660.0,132600.0,539543.49,True
request_59,user_59,2025-05-04,12,2025-05-16,667544.77,0.0,4598.72,132600.0,534944.77,True
request_59,user_59,2025-05-04,13,2025-05-17,667544.77,0.0,0.0,132600.0,534944.77,True
request_59,user_59,2025-05-04,14,2025-05-18,658206.2,0.0,9338.57,132600.0,525606.2,True
request_59,user_59,2025-05-04,15,2025-05-19,652969.42,0.0,5236.78,132600.0,520369.42,True
request_59,user_59,2025-05-04,16,2025-05-20,652969.42,0.0,0.0,132600.0,520369.42,True
request_59,user_59,2025-05-04,17,2025-05-21,652969.42,0.0,0.0,132600.0,520369.42,True
request_59,user_59,2025-05-04,18,2025-05-22,645926.01,0.0,7043.41,132600.0,513326.01,True
request_59,user_59,2025-05-04,19,2025-05-23,645926.01,0.0,0.0,132600.0,513326.01,True
request_59,user_59,2025-05-04,20,2025-05-24,645926.01,0.0,0.0,132600.0,513326.01,True
request_59,user_59,2025-05-04,21,2025-05-25,636587.44,0.0,9338.57,132600.0,503987.44,True
request_59,user_59,2025-05-04,22,2025-05-26,631350.66,0.0,5236.78,132600.0,498750.66,True
request_59,user_59,2025-05-04,23,2025-05-27,631350.66,0.0,0.0,132600.0,498750.66,True
request_59,user_59,2025-05-04,24,2025-05-28,631350.66,0.0,0.0,132600.0,498750.66,True
request_59,user_59,2025-05-04,25,2025-05-29,631350.66,0.0,0.0,132600.0,498750.66,True
request_59,user_59,2025-05-04,26,2025-05-30,631350.66,0.0,0.0,132600.0,498750.66,True
request_59,user_59,2025-05-04,27,2025-05-31,631350.66,0.0,0.0,132600.0,498750.66,True
request_59,user_59,2025-05-04,28,2025-06-01,622012.09,0.0,9338.57,132600.0,489412.09,True
request_59,user_59,2025-05-04,29,2025-06-02,616775.31,0.0,5236.78,132600.0,484175.31,True
request_59,user_59,2025-05-04,30,2025-06-03,616775.31,0.0,0.0,132600.0,484175.31,True
request_59,user_59,2025-05-04,31,2025-06-04,562975.31,0.0,53800.0,132600.0,430375.31,True
request_59,user_59,2025-05-04,32,2025-06-05,615345.89,59413.99,7043.41,132600.0,482745.89,True
request_59,user_59,2025-05-04,33,2025-06-06,615345.89,0.0,0.0,132600.0,482745.89,True
request_59,user_59,2025-05-04,34,2025-06-07,615345.89,0.0,0.0,132600.0,482745.89,True
request_59,user_59,2025-05-04,35,2025-06-08,595864.94,0.0,19480.95,132600.0,463264.94,True
request_59,user_59,2025-05-04,36,2025-06-09,590628.16,0.0,5236.78,132600.0,458028.16,True
request_59,user_59,2025-05-04,37,2025-06-10,590628.16,0.0,0.0,132600.0,458028.16,True
request_59,user_59,2025-05-04,38,2025-06-11,590628.16,0.0,0.0,132600.0,458028.16,True
request_59,user_59,2025-05-04,39,2025-06-12,585688.16,0.0,4940.0,132600.0,453088.16,True
request_59,user_59,2025-05-04,40,2025-06-13,582908.16,0.0,2780.0,132600.0,450308.16,True
request_59,user_59,2025-05-04,41,2025-06-14,582908.16,0.0,0.0,132600.0,450308.16,True
request_59,user_59,2025-05-04,42,2025-06-15,570909.59,0.0,11998.57,132600.0,438309.59,True
request_59,user_59,2025-05-04,43,2025-06-16,561074.09,0.0,9835.5,132600.0,428474.09,True
request_59,user_59,2025-05-04,44,2025-06-17,561074.09,0.0,0.0,132600.0,428474.09,True
request_59,user_59,2025-05-04,45,2025-06-18,561074.09,0.0,0.0,132600.0,428474.09,True
request_59,user_59,2025-05-04,46,2025-06-19,554030.68,0.0,7043.41,132600.0,421430.68,True
request_59,user_59,2025-05-04,47,2025-06-20,554030.68,0.0,0.0,132600.0,421430.68,True
request_59,user_59,2025-05-04,48,2025-06-21,554030.68,0.0,0.0,132600.0,421430.68,True
request_59,user_59,2025-05-04,49,2025-06-22,544692.11,0.0,9338.57,132600.0,412092.11,True
request_59,user_59,2025-05-04,50,2025-06-23,539455.33,0.0,5236.78,132600.0,406855.33,True
request_59,user_59,2025-05-04,51,2025-06-24,539455.33,0.0,0.0,132600.0,406855.33,True
request_59,user_59,2025-05-04,52,2025-06-25,539455.33,0.0,0.0,132600.0,406855.33,True
request_59,user_59,2025-05-04,53,2025-06-26,539455.33,0.0,0.0,132600.0,406855.33,True
request_59,user_59,2025-05-04,54,2025-06-27,539455.33,0.0,0.0,132600.0,406855.33,True
request_59,user_59,2025-05-04,55,2025-06-28,539455.33,0.0,0.0,132600.0,406855.33,True
request_59,user_59,2025-05-04,56,2025-06-29,530116.76,0.0,9338.57,132600.0,397516.76,True
request_59,user_59,2025-05-04,57,2025-06-30,524879.98,0.0,5236.78,132600.0,392279.98,True
request_59,user_59,2025-05-04,58,2025-07-01,524879.98,0.0,0.0,132600.0,392279.98,True
request_59,user_59,2025-05-04,59,2025-07-02,524879.98,0.0,0.0,132600.0,392279.98,True
request_59,user_59,2025-05-04,60,2025-07-03,517836.57,0.0,7043.41,132600.0,385236.57,True
request_59,user_59,2025-05-04,61,2025-07-04,464036.57,0.0,53800.0,132600.0,331436.57,True
request_59,user_59,2025-05-04,62,2025-07-05,523450.56,59413.99,0.0,132600.0,390850.56,True
request_59,user_59,2025-05-04,63,2025-07-06,514111.99,0.0,9338.57,132600.0,381511.99,True
request_59,user_59,2025-05-04,64,2025-07-07,508875.21,0.0,5236.78,132600.0,376275.21,True
request_59,user_59,2025-05-04,65,2025-07-08,498732.83,0.0,10142.38,132600.0,366132.83,True
request_59,user_59,2025-05-04,66,2025-07-09,498732.83,0.0,0.0,132600.0,366132.83,True
request_59,user_59,2025-05-04,67,2025-07-10,498732.83,0.0,0.0,132600.0,366132.83,True
request_59,user_59,2025-05-04,68,2025-07-11,498732.83,0.0,0.0,132600.0,366132.83,True
request_59,user_59,2025-05-04,69,2025-07-12,493792.83,0.0,4940.0,132600.0,361192.83,True
request_59,user_59,2025-05-04,70,2025-07-13,481674.26,0.0,12118.57,132600.0,349074.26,True
request_59,user_59,2025-05-04,71,2025-07-14,476437.48,0.0,5236.78,132600.0,343837.48,True
request_59,user_59,2025-05-04,72,2025-07-15,473777.48,0.0,2660.0,132600.0,341177.48,True
request_59,user_59,2025-05-04,73,2025-07-16,469178.76,0.0,4598.72,132600.0,336578.76,True
request_59,user_59,2025-05-04,74,2025-07-17,462135.35,0.0,7043.41,132600.0,329535.35,True
request_59,user_59,2025-05-04,75,2025-07-18,462135.35,0.0,0.0,132600.0,329535.35,True
request_59,user_59,2025-05-04,76,2025-07-19,462135.35,0.0,0.0,132600.0,329535.35,True
request_59,user_59,2025-05-04,77,2025-07-20,452796.78,0.0,9338.57,132600.0,320196.78,True
request_59,user_59,2025-05-04,78,2025-07-21,447560.0,0.0,5236.78,132600.0,314960.0,True
request_59,user_59,2025-05-04,79,2025-07-22,447560.0,0.0,0.0,132600.0,314960.0,True
request_59,user_59,2025-05-04,80,2025-07-23,447560.0,0.0,0.0,132600.0,314960.0,True
request_59,user_59,2025-05-04,81,2025-07-24,447560.0,0.0,0.0,132600.0,314960.0,True
request_59,user_59,2025-05-04,82,2025-07-25,447560.0,0.0,0.0,132600.0,314960.0,True
request_59,user_59,2025-05-04,83,2025-07-26,447560.0,0.0,0.0,132600.0,314960.0,True
request_59,user_59,2025-05-04,84,2025-07-27,438221.43,0.0,9338.57,132600.0,305621.43,True
request_59,user_59,2025-05-04,85,2025-07-28,432984.65,0.0,5236.78,132600.0,300384.65,True
request_59,user_59,2025-05-04,86,2025-07-29,432984.65,0.0,0.0,132600.0,300384.65,True
request_59,user_59,2025-05-04,87,2025-07-30,432984.65,0.0,0.0,132600.0,300384.65,True
request_59,user_59,2025-05-04,88,2025-07-31,425941.24,0.0,7043.41,132600.0,293341.24,True
request_59,user_59,2025-05-04,89,2025-08-01,425941.24,0.0,0.0,132600.0,293341.24,True
request_59,user_59,2025-05-04,90,2025-08-02,425941.24,0.0,0.0,132600.0,293341.24,True
request_60,user_60,2026-01-06,0,2026-01-06,665.69,0.0,18.0,400.0,265.69,True
request_60,user_60,2026-01-06,1,2026-01-07,630.69,0.0,35.0,400.0,230.69,True
request_60,user_60,2026-01-06,2,2026-01-08,600.8,0.0,29.89,400.0,200.8,True
request_60,user_60,2026-01-06,3,2026-01-09,587.96,0.0,12.84,400.0,187.96,True
request_60,user_60,2026-01-06,4,2026-01-10,587.96,0.0,0.0,400.0,187.96,True
request_60,user_60,2026-01-06,5,2026-01-11,584.96,0.0,3.0,400.0,184.96,True
request_60,user_60,2026-01-06,6,2026-01-12,562.57,0.0,22.39,400.0,162.57,True
request_60,user_60,2026-01-06,7,2026-01-13,547.08,0.0,15.49,400.0,147.08,True
request_60,user_60,2026-01-06,8,2026-01-14,534.24,0.0,12.84,400.0,134.24,True
request_60,user_60,2026-01-06,9,2026-01-15,825.96,291.72,0.0,400.0,425.96,True
request_60,user_60,2026-01-06,10,2026-01-16,825.96,0.0,0.0,400.0,425.96,True
request_60,user_60,2026-01-06,11,2026-01-17,825.96,0.0,0.0,400.0,425.96,True
request_60,user_60,2026-01-06,12,2026-01-18,806.07,0.0,19.89,400.0,406.07,True
request_60,user_60,2026-01-06,13,2026-01-19,770.84,0.0,35.23,400.0,370.84,True
request_60,user_60,2026-01-06,14,2026-01-20,770.84,0.0,0.0,400.0,370.84,True
request_60,user_60,2026-01-06,15,2026-01-21,770.84,0.0,0.0,400.0,370.84,True
request_60,user_60,2026-01-06,16,2026-01-22,770.84,0.0,0.0,400.0,370.84,True
request_60,user_60,2026-01-06,17,2026-01-23,770.84,0.0,0.0,400.0,370.84,True
request_60,user_60,2026-01-06,18,2026-01-24,758.0,0.0,12.84,400.0,358.0,True
request_60,user_60,2026-01-06,19,2026-01-25,758.0,0.0,0.0,400.0,358.0,True
request_60,user_60,2026-01-06,20,2026-01-26,735.61,0.0,22.39,400.0,335.61,True
request_60,user_60,2026-01-06,21,2026-01-27,735.61,0.0,0.0,400.0,335.61,True
request_60,user_60,2026-01-06,22,2026-01-28,715.72,0.0,19.89,400.0,315.72,True
request_60,user_60,2026-01-06,23,2026-01-29,702.88,0.0,12.84,400.0,302.88,True
request_60,user_60,2026-01-06,24,2026-01-30,702.88,0.0,0.0,400.0,302.88,True
request_60,user_60,2026-01-06,25,2026-01-31,702.88,0.0,0.0,400.0,302.88,True
request_60,user_60,2026-01-06,26,2026-02-01,580.48,0.0,122.4,400.0,180.48,True
request_60,user_60,2026-01-06,27,2026-02-02,558.09,0.0,22.39,400.0,158.09,True
request_60,user_60,2026-01-06,28,2026-02-03,545.25,0.0,12.84,400.0,145.25,True
request_60,user_60,2026-01-06,29,2026-02-04,545.25,0.0,0.0,400.0,145.25,True
request_60,user_60,2026-01-06,30,2026-02-05,507.5,0.0,37.75,400.0,107.5,True
request_60,user_60,2026-01-06,31,2026-02-06,489.5,0.0,18.0,400.0,89.5,True
request_60,user_60,2026-01-06,32,2026-02-07,469.61,0.0,19.89,400.0,69.61,True
request_60,user_60,2026-01-06,33,2026-02-08,446.77,0.0,22.84,400.0,46.77,True
request_60,user_60,2026-01-06,34,2026-02-09,424.38,0.0,22.39,400.0,24.38,True
request_60,user_60,2026-01-06,35,2026-02-10,424.38,0.0,0.0,400.0,24.38,True
request_60,user_60,2026-01-06,36,2026-02-11,421.38,0.0,3.0,400.0,21.38,True
request_60,user_60,2026-01-06,37,2026-02-12,421.38,0.0,0.0,400.0,21.38,True
request_60,user_60,2026-01-06,38,2026-02-13,393.05,0.0,28.33,400.0,-6.95,False
request_60,user_60,2026-01-06,39,2026-02-14,393.05,0.0,0.0,400.0,-6.95,False
request_60,user_60,2026-01-06,40,2026-02-15,684.77,291.72,0.0,400.0,284.77,True
request_60,user_60,2026-01-06,41,2026-02-16,662.38,0.0,22.39,400.0,262.38,True
request_60,user_60,2026-01-06,42,2026-02-17,642.49,0.0,19.89,400.0,242.49,True
request_60,user_60,2026-01-06,43,2026-02-18,629.65,0.0,12.84,400.0,229.65,True
request_60,user_60,2026-01-06,44,2026-02-19,629.65,0.0,0.0,400.0,229.65,True
request_60,user_60,2026-01-06,45,2026-02-20,629.65,0.0,0.0,400.0,229.65,True
request_60,user_60,2026-01-06,46,2026-02-21,629.65,0.0,0.0,400.0,229.65,True
request_60,user_60,2026-01-06,47,2026-02-22,629.65,0.0,0.0,400.0,229.65,True
request_60,user_60,2026-01-06,48,2026-02-23,594.42,0.0,35.23,400.0,194.42,True
request_60,user_60,2026-01-06,49,2026-02-24,594.42,0.0,0.0,400.0,194.42,True
request_60,user_60,2026-01-06,50,2026-02-25,594.42,0.0,0.0,400.0,194.42,True
request_60,user_60,2026-01-06,51,2026-02-26,594.42,0.0,0.0,400.0,194.42,True
request_60,user_60,2026-01-06,52,2026-02-27,574.53,0.0,19.89,400.0,174.53,True
request_60,user_60,2026-01-06,53,2026-02-28,561.69,0.0,12.84,400.0,161.69,True
request_60,user_60,2026-01-06,54,2026-03-01,439.29,0.0,122.4,400.0,39.29,True
request_60,user_60,2026-01-06,55,2026-03-02,416.9,0.0,22.39,400.0,16.9,True
request_60,user_60,2026-01-06,56,2026-03-03,416.9,0.0,0.0,400.0,16.9,True
request_60,user_60,2026-01-06,57,2026-03-04,416.9,0.0,0.0,400.0,16.9,True
request_60,user_60,2026-01-06,58,2026-03-05,366.31,0.0,50.59,400.0,-33.69,False
request_60,user_60,2026-01-06,59,2026-03-06,348.31,0.0,18.0,400.0,-51.69,False
request_60,user_60,2026-01-06,60,2026-03-07,348.31,0.0,0.0,400.0,-51.69,False
request_60,user_60,2026-01-06,61,2026-03-08,338.31,0.0,10.0,400.0,-61.69,False
request_60,user_60,2026-01-06,62,2026-03-09,296.03,0.0,42.28,400.0,-103.97,False
request_60,user_60,2026-01-06,63,2026-03-10,283.19,0.0,12.84,400.0,-116.81,False
request_60,user_60,2026-01-06,64,2026-03-11,280.19,0.0,3.0,400.0,-119.81,False
request_60,user_60,2026-01-06,65,2026-03-12,280.19,0.0,0.0,400.0,-119.81,False
request_60,user_60,2026-01-06,66,2026-03-13,264.7,0.0,15.49,400.0,-135.3,False
request_60,user_60,2026-01-06,67,2026-03-14,264.7,0.0,0.0,400.0,-135.3,False
request_60,user_60,2026-01-06,68,2026-03-15,543.58,291.72,12.84,400.0,143.58,True
request_60,user_60,2026-01-06,69,2026-03-16,521.19,0.0,22.39,400.0,121.19,True
request_60,user_60,2026-01-06,70,2026-03-17,521.19,0.0,0.0,400.0,121.19,True
request_60,user_60,2026-01-06,71,2026-03-18,521.19,0.0,0.0,400.0,121.19,True
request_60,user_60,2026-01-06,72,2026-03-19,501.3,0.0,19.89,400.0,101.3,True
request_60,user_60,2026-01-06,73,2026-03-20,488.46,0.0,12.84,400.0,88.46,True
request_60,user_60,2026-01-06,74,2026-03-21,488.46,0.0,0.0,400.0,88.46,True
request_60,user_60,2026-01-06,75,2026-03-22,488.46,0.0,0.0,400.0,88.46,True
request_60,user_60,2026-01-06,76,2026-03-23,466.07,0.0,22.39,400.0,66.07,True
request_60,user_60,2026-01-06,77,2026-03-24,466.07,0.0,0.0,400.0,66.07,True
request_60,user_60,2026-01-06,78,2026-03-25,453.23,0.0,12.84,400.0,53.23,True
request_60,user_60,2026-01-06,79,2026-03-26,453.23,0.0,0.0,400.0,53.23,True
request_60,user_60,2026-01-06,80,2026-03-27,453.23,0.0,0.0,400.0,53.23,True
request_60,user_60,2026-01-06,81,2026-03-28,453.23,0.0,0.0,400.0,53.23,True
request_60,user_60,2026-01-06,82,2026-03-29,433.34,0.0,19.89,400.0,33.34,True
request_60,user_60,2026-01-06,83,2026-03-30,398.11,0.0,35.23,400.0,-1.89,False
request_60,user_60,2026-01-06,84,2026-03-31,398.11,0.0,0.0,400.0,-1.89,False
request_60,user_60,2026-01-06,85,2026-04-01,275.71,0.0,122.4,400.0,-124.29,False
request_60,user_60,2026-01-06,86,2026-04-02,275.71,0.0,0.0,400.0,-124.29,False
request_60,user_60,2026-01-06,87,2026-04-03,275.71,0.0,0.0,400.0,-124.29,False
request_60,user_60,2026-01-06,88,2026-04-04,262.87,0.0,12.84,400.0,-137.13,False
request_60,user_60,2026-01-06,89,2026-04-05,225.12,0.0,37.75,400.0,-174.88,False
request_60,user_60,2026-01-06,90,2026-04-06,184.73,0.0,40.39,400.0,-215.27,False
request_61,user_61,2024-03-03,0,2024-03-03,147470.23,0.0,0.0,36700.0,110770.23,True
request_61,user_61,2024-03-03,1,2024-03-04,147470.23,0.0,0.0,36700.0,110770.23,True
request_61,user_61,2024-03-03,2,2024-03-05,145180.03,0.0,2290.2,36700.0,108480.03,True
request_61,user_61,2024-03-03,3,2024-03-06,142964.04,0.0,2215.99,36700.0,106264.04,True
request_61,user_61,2024-03-03,4,2024-03-07,142964.04,0.0,0.0,36700.0,106264.04,True
request_61,user_61,2024-03-03,5,2024-03-08,141559.98,0.0,1404.06,36700.0,104859.98,True
request_61,user_61,2024-03-03,6,2024-03-09,141559.98,0.0,0.0,36700.0,104859.98,True
request_61,user_61,2024-03-03,7,2024-03-10,141559.98,0.0,0.0,36700.0,104859.98,True
request_61,user_61,2024-03-03,8,2024-03-11,134093.18,0.0,7466.8,36700.0,97393.18,True
request_61,user_61,2024-03-03,9,2024-03-12,134093.18,0.0,0.0,36700.0,97393.18,True
request_61,user_61,2024-03-03,10,2024-03-13,134093.18,0.0,0.0,36700.0,97393.18,True
request_61,user_61,2024-03-03,11,2024-03-14,134093.18,0.0,0.0,36700.0,97393.18,True
request_61,user_61,2024-03-03,12,2024-03-15,134093.18,0.0,0.0,36700.0,97393.18,True
request_61,user_61,2024-03-03,13,2024-03-16,132733.29,0.0,1359.89,36700.0,96033.29,True
request_61,user_61,2024-03-03,14,2024-03-17,131582.08,0.0,1151.21,36700.0,94882.08,True
request_61,user_61,2024-03-03,15,2024-03-18,131582.08,0.0,0.0,36700.0,94882.08,True
request_61,user_61,2024-03-03,16,2024-03-19,131582.08,0.0,0.0,36700.0,94882.08,True
request_61,user_61,2024-03-03,17,2024-03-20,131582.08,0.0,0.0,36700.0,94882.08,True
request_61,user_61,2024-03-03,18,2024-03-21,131582.08,0.0,0.0,36700.0,94882.08,True
request_61,user_61,2024-03-03,19,2024-03-22,130178.02,0.0,1404.06,36700.0,93478.02,True
request_61,user_61,2024-03-03,20,2024-03-23,130178.02,0.0,0.0,36700.0,93478.02,True
request_61,user_61,2024-03-03,21,2024-03-24,130178.02,0.0,0.0,36700.0,93478.02,True
request_61,user_61,2024-03-03,22,2024-03-25,130178.02,0.0,0.0,36700.0,93478.02,True
request_61,user_61,2024-03-03,23,2024-03-26,130178.02,0.0,0.0,36700.0,93478.02,True
request_61,user_61,2024-03-03,24,2024-03-27,130178.02,0.0,0.0,36700.0,93478.02,True
request_61,user_61,2024-03-03,25,2024-03-28,130178.02,0.0,0.0,36700.0,93478.02,True
request_61,user_61,2024-03-03,26,2024-03-29,130178.02,0.0,0.0,36700.0,93478.02,True
request_61,user_61,2024-03-03,27,2024-03-30,130178.02,0.0,0.0,36700.0,93478.02,True
request_61,user_61,2024-03-03,28,2024-03-31,130178.02,0.0,0.0,36700.0,93478.02,True
request_61,user_61,2024-03-03,29,2024-04-01,130178.02,0.0,0.0,36700.0,93478.02,True
request_61,user_61,2024-03-03,30,2024-04-02,118386.02,0.0,11792.0,36700.0,81686.02,True
request_61,user_61,2024-03-03,31,2024-04-03,118386.02,0.0,0.0,36700.0,81686.02,True
request_61,user_61,2024-03-03,32,2024-04-04,118386.02,0.0,0.0,36700.0,81686.02,True
request_61,user_61,2024-03-03,33,2024-04-05,116981.96,0.0,1404.06,36700.0,80281.96,True
request_61,user_61,2024-03-03,34,2024-04-06,113406.08,0.0,3575.88,36700.0,76706.08,True
request_61,user_61,2024-03-03,35,2024-04-07,112254.87,0.0,1151.21,36700.0,75554.87,True
request_61,user_61,2024-03-03,36,2024-04-08,112254.87,0.0,0.0,36700.0,75554.87,True
request_61,user_61,2024-03-03,37,2024-04-09,112254.87,0.0,0.0,36700.0,75554.87,True
request_61,user_61,2024-03-03,38,2024-04-10,112254.87,0.0,0.0,36700.0,75554.87,True
request_61,user_61,2024-03-03,39,2024-04-11,104788.07,0.0,7466.8,36700.0,68088.07,True
request_61,user_61,2024-03-03,40,2024-04-12,104788.07,0.0,0.0,36700.0,68088.07,True
request_61,user_61,2024-03-03,41,2024-04-13,104788.07,0.0,0.0,36700.0,68088.07,True
request_61,user_61,2024-03-03,42,2024-04-14,104788.07,0.0,0.0,36700.0,68088.07,True
request_61,user_61,2024-03-03,43,2024-04-15,104788.07,0.0,0.0,36700.0,68088.07,True
request_61,user_61,2024-03-03,44,2024-04-16,104788.07,0.0,0.0,36700.0,68088.07,True
request_61,user_61,2024-03-03,45,2024-04-17,104788.07,0.0,0.0,36700.0,68088.07,True
request_61,user_61,2024-03-03,46,2024-04-18,104788.07,0.0,0.0,36700.0,68088.07,True
request_61,user_61,2024-03-03,47,2024-04-19,103384.01,0.0,1404.06,36700.0,66684.01,True
request_61,user_61,2024-03-03,48,2024-04-20,103384.01,0.0,0.0,36700.0,66684.01,True
request_61,user_61,2024-03-03,49,2024-04-21,103384.01,0.0,0.0,36700.0,66684.01,True
request_61,user_61,2024-03-03,50,2024-04-22,103384.01,0.0,0.0,36700.0,66684.01,True
request_61,user_61,2024-03-03,51,2024-04-23,103384.01,0.0,0.0,36700.0,66684.01,True
request_61,user_61,2024-03-03,52,2024-04-24,103384.01,0.0,0.0,36700.0,66684.01,True
request_61,user_61,2024-03-03,53,2024-04-25,103384.01,0.0,0.0,36700.0,66684.01,True
request_61,user_61,2024-03-03,54,2024-04-26,103384.01,0.0,0.0,36700.0,66684.01,True
request_61,user_61,2024-03-03,55,2024-04-27,102024.12,0.0,1359.89,36700.0,65324.12,True
request_61,user_61,2024-03-03,56,2024-04-28,100872.91,0.0,1151.21,36700.0,64172.91,True
request_61,user_61,2024-03-03,57,2024-04-29,100872.91,0.0,0.0,36700.0,64172.91,True
request_61,user_61,2024-03-03,58,2024-04-30,100872.91,0.0,0.0,36700.0,64172.91,True
request_61,user_61,2024-03-03,59,2024-05-01,100872.91,0.0,0.0,36700.0,64172.91,True
request_61,user_61,2024-03-03,60,2024-05-02,89080.91,0.0,11792.0,36700.0,52380.91,True
request_61,user_61,2024-03-03,61,2024-05-03,87676.85,0.0,1404.06,36700.0,50976.85,True
request_61,user_61,2024-03-03,62,2024-05-04,87676.85,0.0,0.0,36700.0,50976.85,True
request_61,user_61,2024-03-03,63,2024-05-05,87676.85,0.0,0.0,36700.0,50976.85,True
request_61,user_61,2024-03-03,64,2024-05-06,85460.86,0.0,2215.99,36700.0,48760.86,True
request_61,user_61,2024-03-03,65,2024-05-07,85460.86,0.0,0.0,36700.0,48760.86,True
request_61,user_61,2024-03-03,66,2024-05-08,85460.86,0.0,0.0,36700.0,48760.86,True
request_61,user_61,2024-03-03,67,2024-05-09,85460.86,0.0,0.0,36700.0,48760.86,True
request_61,user_61,2024-03-03,68,2024-05-10,85460.86,0.0,0.0,36700.0,48760.86,True
request_61,user_61,2024-03-03,69,2024-05-11,77994.06,0.0,7466.8,36700.0,41294.06,True
request_61,user_61,2024-03-03,70,2024-05-12,77994.06,0.0,0.0,36700.0,41294.06,True
request_61,user_61,2024-03-03,71,2024-05-13,77994.06,0.0,0.0,36700.0,41294.06,True
request_61,user_61,2024-03-03,72,2024-05-14,77994.06,0.0,0.0,36700.0,41294.06,True
request_61,user_61,2024-03-03,73,2024-05-15,77994.06,0.0,0.0,36700.0,41294.06,True
request_61,user_61,2024-03-03,74,2024-05-16,77994.06,0.0,0.0,36700.0,41294.06,True
request_61,user_61,2024-03-03,75,2024-05-17,76590.0,0.0,1404.06,36700.0,39890.0,True
request_61,user_61,2024-03-03,76,2024-05-18,75230.11,0.0,1359.89,36700.0,38530.11,True
request_61,user_61,2024-03-03,77,2024-05-19,74078.9,0.0,1151.21,36700.0,37378.9,True
request_61,user_61,2024-03-03,78,2024-05-20,74078.9,0.0,0.0,36700.0,37378.9,True
request_61,user_61,2024-03-03,79,2024-05-21,74078.9,0.0,0.0,36700.0,37378.9,True
request_61,user_61,2024-03-03,80,2024-05-22,74078.9,0.0,0.0,36700.0,37378.9,True
request_61,user_61,2024-03-03,81,2024-05-23,74078.9,0.0,0.0,36700.0,37378.9,True
request_61,user_61,2024-03-03,82,2024-05-24,74078.9,0.0,0.0,36700.0,37378.9,True
request_61,user_61,2024-03-03,83,2024-05-25,74078.9,0.0,0.0,36700.0,37378.9,True
request_61,user_61,2024-03-03,84,2024-05-26,74078.9,0.0,0.0,36700.0,37378.9,True
request_61,user_61,2024-03-03,85,2024-05-27,74078.9,0.0,0.0,36700.0,37378.9,True
request_61,user_61,2024-03-03,86,2024-05-28,74078.9,0.0,0.0,36700.0,37378.9,True
request_61,user_61,2024-03-03,87,2024-05-29,74078.9,0.0,0.0,36700.0,37378.9,True
request_61,user_61,2024-03-03,88,2024-05-30,74078.9,0.0,0.0,36700.0,37378.9,True
request_61,user_61,2024-03-03,89,2024-05-31,72674.84,0.0,1404.06,36700.0,35974.84,True
request_61,user_61,2024-03-03,90,2024-06-01,72674.84,0.0,0.0,36700.0,35974.84,True
request_62,user_62,2025-08-05,0,2025-08-05,5151.44,0.0,0.0,1300.0,3851.44,True
request_62,user_62,2025-08-05,1,2025-08-06,5151.44,0.0,0.0,1300.0,3851.44,True
request_62,user_62,2025-08-05,2,2025-08-07,5027.11,0.0,124.33,1300.0,3727.11,True
request_62,user_62,2025-08-05,3,2025-08-08,4882.11,0.0,145.0,1300.0,3582.11,True
request_62,user_62,2025-08-05,4,2025-08-09,4770.35,0.0,111.76,1300.0,3470.35,True
request_62,user_62,2025-08-05,5,2025-08-10,4728.35,0.0,42.0,1300.0,3428.35,True
request_62,user_62,2025-08-05,6,2025-08-11,4728.35,0.0,0.0,1300.0,3428.35,True
request_62,user_62,2025-08-05,7,2025-08-12,4728.35,0.0,0.0,1300.0,3428.35,True
request_62,user_62,2025-08-05,8,2025-08-13,4717.35,0.0,11.0,1300.0,3417.35,True
request_62,user_62,2025-08-05,9,2025-08-14,4717.35,0.0,0.0,1300.0,3417.35,True
request_62,user_62,2025-08-05,10,2025-08-15,5954.38,1237.03,0.0,1300.0,4654.38,True
request_62,user_62,2025-08-05,11,2025-08-16,5954.38,0.0,0.0,1300.0,4654.38,True
request_62,user_62,2025-08-05,12,2025-08-17,5954.38,0.0,0.0,1300.0,4654.38,True
request_62,user_62,2025-08-05,13,2025-08-18,5954.38,0.0,0.0,1300.0,4654.38,True
request_62,user_62,2025-08-05,14,2025-08-19,5801.21,0.0,153.17,1300.0,4501.21,True
request_62,user_62,2025-08-05,15,2025-08-20,5705.07,0.0,96.14,1300.0,4405.07,True
request_62,user_62,2025-08-05,16,2025-08-21,5705.07,0.0,0.0,1300.0,4405.07,True
request_62,user_62,2025-08-05,17,2025-08-22,5705.07,0.0,0.0,1300.0,4405.07,True
request_62,user_62,2025-08-05,18,2025-08-23,5705.07,0.0,0.0,1300.0,4405.07,True
request_62,user_62,2025-08-05,19,2025-08-24,5705.07,0.0,0.0,1300.0,4405.07,True
request_62,user_62,2025-08-05,20,2025-08-25,5705.07,0.0,0.0,1300.0,4405.07,True
request_62,user_62,2025-08-05,21,2025-08-26,5705.07,0.0,0.0,1300.0,4405.07,True
request_62,user_62,2025-08-05,22,2025-08-27,5705.07,0.0,0.0,1300.0,4405.07,True
request_62,user_62,2025-08-05,23,2025-08-28,5705.07,0.0,0.0,1300.0,4405.07,True
request_62,user_62,2025-08-05,24,2025-08-29,5593.31,0.0,111.76,1300.0,4293.31,True
request_62,user_62,2025-08-05,25,2025-08-30,5593.31,0.0,0.0,1300.0,4293.31,True
request_62,user_62,2025-08-05,26,2025-08-31,5593.31,0.0,0.0,1300.0,4293.31,True
request_62,user_62,2025-08-05,27,2025-09-01,5593.31,0.0,0.0,1300.0,4293.31,True
request_62,user_62,2025-08-05,28,2025-09-02,5593.31,0.0,0.0,1300.0,4293.31,True
request_62,user_62,2025-08-05,29,2025-09-03,5062.91,0.0,530.4,1300.0,3762.91,True
request_62,user_62,2025-08-05,30,2025-09-04,5062.91,0.0,0.0,1300.0,3762.91,True
request_62,user_62,2025-08-05,31,2025-09-05,5062.91,0.0,0.0,1300.0,3762.91,True
request_62,user_62,2025-08-05,32,2025-09-06,5062.91,0.0,0.0,1300.0,3762.91,True
request_62,user_62,2025-08-05,33,2025-09-07,4938.58,0.0,124.33,1300.0,3638.58,True
request_62,user_62,2025-08-05,34,2025-09-08,4826.82,0.0,111.76,1300.0,3526.82,True
request_62,user_62,2025-08-05,35,2025-09-09,4785.41,0.0,41.41,1300.0,3485.41,True
request_62,user_62,2025-08-05,36,2025-09-10,4647.27,0.0,138.14,1300.0,3347.27,True
request_62,user_62,2025-08-05,37,2025-09-11,4647.27,0.0,0.0,1300.0,3347.27,True
request_62,user_62,2025-08-05,38,2025-09-12,4647.27,0.0,0.0,1300.0,3347.27,True
request_62,user_62,2025-08-05,39,2025-09-13,4636.27,0.0,11.0,1300.0,3336.27,True
request_62,user_62,2025-08-05,40,2025-09-14,4636.27,0.0,0.0,1300.0,3336.27,True
request_62,user_62,2025-08-05,41,2025-09-15,5873.3,1237.03,0.0,1300.0,4573.3,True
request_62,user_62,2025-08-05,42,2025-09-16,5873.3,0.0,0.0,1300.0,4573.3,True
request_62,user_62,2025-08-05,43,2025-09-17,5873.3,0.0,0.0,1300.0,4573.3,True
request_62,user_62,2025-08-05,44,2025-09-18,5761.54,0.0,111.76,1300.0,4461.54,True
request_62,user_62,2025-08-05,45,2025-09-19,5761.54,0.0,0.0,1300.0,4461.54,True
request_62,user_62,2025-08-05,46,2025-09-20,5761.54,0.0,0.0,1300.0,4461.54,True
request_62,user_62,2025-08-05,47,2025-09-21,5761.54,0.0,0.0,1300.0,4461.54,True
request_62,user_62,2025-08-05,48,2025-09-22,5761.54,0.0,0.0,1300.0,4461.54,True
request_62,user_62,2025-08-05,49,2025-09-23,5761.54,0.0,0.0,1300.0,4461.54,True
request_62,user_62,2025-08-05,50,2025-09-24,5761.54,0.0,0.0,1300.0,4461.54,True
request_62,user_62,2025-08-05,51,2025-09-25,5761.54,0.0,0.0,1300.0,4461.54,True
request_62,user_62,2025-08-05,52,2025-09-26,5761.54,0.0,0.0,1300.0,4461.54,True
request_62,user_62,2025-08-05,53,2025-09-27,5761.54,0.0,0.0,1300.0,4461.54,True
request_62,user_62,2025-08-05,54,2025-09-28,5649.78,0.0,111.76,1300.0,4349.78,True
request_62,user_62,2025-08-05,55,2025-09-29,5649.78,0.0,0.0,1300.0,4349.78,True
request_62,user_62,2025-08-05,56,2025-09-30,5608.37,0.0,41.41,1300.0,4308.37,True
request_62,user_62,2025-08-05,57,2025-10-01,5512.23,0.0,96.14,1300.0,4212.23,True
request_62,user_62,2025-08-05,58,2025-10-02,5512.23,0.0,0.0,1300.0,4212.23,True
request_62,user_62,2025-08-05,59,2025-10-03,4981.83,0.0,530.4,1300.0,3681.83,True
request_62,user_62,2025-08-05,60,2025-10-04,4981.83,0.0,0.0,1300.0,3681.83,True
request_62,user_62,2025-08-05,61,2025-10-05,4981.83,0.0,0.0,1300.0,3681.83,True
request_62,user_62,2025-08-05,62,2025-10-06,4981.83,0.0,0.0,1300.0,3681.83,True
request_62,user_62,2025-08-05,63,2025-10-07,4857.5,0.0,124.33,1300.0,3557.5,True
request_62,user_62,2025-08-05,64,2025-10-08,4745.74,0.0,111.76,1300.0,3445.74,True
request_62,user_62,2025-08-05,65,2025-10-09,4745.74,0.0,0.0,1300.0,3445.74,True
request_62,user_62,2025-08-05,66,2025-10-10,4703.74,0.0,42.0,1300.0,3403.74,True
request_62,user_62,2025-08-05,67,2025-10-11,4703.74,0.0,0.0,1300.0,3403.74,True
request_62,user_62,2025-08-05,68,2025-10-12,4703.74,0.0,0.0,1300.0,3403.74,True
request_62,user_62,2025-08-05,69,2025-10-13,4692.74,0.0,11.0,1300.0,3392.74,True
request_62,user_62,2025-08-05,70,2025-10-14,4692.74,0.0,0.0,1300.0,3392.74,True
request_62,user_62,2025-08-05,71,2025-10-15,5929.77,1237.03,0.0,1300.0,4629.77,True
request_62,user_62,2025-08-05,72,2025-10-16,5929.77,0.0,0.0,1300.0,4629.77,True
request_62,user_62,2025-08-05,73,2025-10-17,5929.77,0.0,0.0,1300.0,4629.77,True
request_62,user_62,2025-08-05,74,2025-10-18,5818.01,0.0,111.76,1300.0,4518.01,True
request_62,user_62,2025-08-05,75,2025-10-19,5818.01,0.0,0.0,1300.0,4518.01,True
request_62,user_62,2025-08-05,76,2025-10-20,5818.01,0.0,0.0,1300.0,4518.01,True
request_62,user_62,2025-08-05,77,2025-10-21,5776.6,0.0,41.41,1300.0,4476.6,True
request_62,user_62,2025-08-05,78,2025-10-22,5680.46,0.0,96.14,1300.0,4380.46,True
request_62,user_62,2025-08-05,79,2025-10-23,5680.46,0.0,0.0,1300.0,4380.46,True
request_62,user_62,2025-08-05,80,2025-10-24,5680.46,0.0,0.0,1300.0,4380.46,True
request_62,user_62,2025-08-05,81,2025-10-25,5680.46,0.0,0.0,1300.0,4380.46,True
request_62,user_62,2025-08-05,82,2025-10-26,5680.46,0.0,0.0,1300.0,4380.46,True
request_62,user_62,2025-08-05,83,2025-10-27,5680.46,0.0,0.0,1300.0,4380.46,True
request_62,user_62,2025-08-05,84,2025-10-28,5568.7,0.0,111.76,1300.0,4268.7,True
request_62,user_62,2025-08-05,85,2025-10-29,5568.7,0.0,0.0,1300.0,4268.7,True
request_62,user_62,2025-08-05,86,2025-10-30,5568.7,0.0,0.0,1300.0,4268.7,True
request_62,user_62,2025-08-05,87,2025-10-31,5568.7,0.0,0.0,1300.0,4268.7,True
request_62,user_62,2025-08-05,88,2025-11-01,5568.7,0.0,0.0,1300.0,4268.7,True
request_62,user_62,2025-08-05,89,2025-11-02,5568.7,0.0,0.0,1300.0,4268.7,True
request_62,user_62,2025-08-05,90,2025-11-03,5038.3,0.0,530.4,1300.0,3738.3,True
request_63,user_63,2026-07-07,0,2026-07-07,251795.0,0.0,0.0,153500.0,98295.0,True
request_63,user_63,2026-07-07,1,2026-07-08,238376.45,0.0,13418.55,153500.0,84876.45,True
request_63,user_63,2026-07-07,2,2026-07-09,231656.45,0.0,6720.0,153500.0,78156.45,True
request_63,user_63,2026-07-07,3,2026-07-10,231656.45,0.0,0.0,153500.0,78156.45,True
request_63,user_63,2026-07-07,4,2026-07-11,210592.52,0.0,21063.93,153500.0,57092.52,True
request_63,user_63,2026-07-07,5,2026-07-12,205682.64,0.0,4909.88,153500.0,52182.64,True
request_63,user_63,2026-07-07,6,2026-07-13,201877.59,0.0,3805.05,153500.0,48377.59,True
request_63,user_63,2026-07-07,7,2026-07-14,201292.59,0.0,585.0,153500.0,47792.59,True
request_63,user_63,2026-07-07,8,2026-07-15,203572.59,2280.0,0.0,153500.0,50072.59,True
request_63,user_63,2026-07-07,9,2026-07-16,198491.39,0.0,5081.2,153500.0,44991.39,True
request_63,user_63,2026-07-07,10,2026-07-17,198491.39,0.0,0.0,153500.0,44991.39,True
request_63,user_63,2026-07-07,11,2026-07-18,186602.41,0.0,11888.98,153500.0,33102.41,True
request_63,user_63,2026-07-07,12,2026-07-19,186602.41,0.0,0.0,153500.0,33102.41,True
request_63,user_63,2026-07-07,13,2026-07-20,186602.41,0.0,0.0,153500.0,33102.41,True
request_63,user_63,2026-07-07,14,2026-07-21,186602.41,0.0,0.0,153500.0,33102.41,True
request_63,user_63,2026-07-07,15,2026-07-22,181692.53,0.0,4909.88,153500.0,28192.53,True
request_63,user_63,2026-07-07,16,2026-07-23,177887.48,0.0,3805.05,153500.0,24387.48,True
request_63,user_63,2026-07-07,17,2026-07-24,177887.48,0.0,0.0,153500.0,24387.48,True
request_63,user_63,2026-07-07,18,2026-07-25,169803.55,0.0,8083.93,153500.0,16303.55,True
request_63,user_63,2026-07-07,19,2026-07-26,169803.55,0.0,0.0,153500.0,16303.55,True
request_63,user_63,2026-07-07,20,2026-07-27,169803.55,0.0,0.0,153500.0,16303.55,True
request_63,user_63,2026-07-07,21,2026-07-28,165998.5,0.0,3805.05,153500.0,12498.5,True
request_63,user_63,2026-07-07,22,2026-07-29,165998.5,0.0,0.0,153500.0,12498.5,True
request_63,user_63,2026-07-07,23,2026-07-30,165998.5,0.0,0.0,153500.0,12498.5,True
request_63,user_63,2026-07-07,24,2026-07-31,165998.5,0.0,0.0,153500.0,12498.5,True
request_63,user_63,2026-07-07,25,2026-08-01,153004.69,0.0,12993.81,153500.0,-495.31,False
request_63,user_63,2026-07-07,26,2026-08-02,149199.64,0.0,3805.05,153500.0,-4300.36,False
request_63,user_63,2026-07-07,27,2026-08-03,149199.64,0.0,0.0,153500.0,-4300.36,False
request_63,user_63,2026-07-07,28,2026-08-04,99199.64,0.0,50000.0,153500.0,-54300.36,False
request_63,user_63,2026-07-07,29,2026-08-05,99199.64,0.0,0.0,153500.0,-54300.36,False
request_63,user_63,2026-07-07,30,2026-08-06,99199.64,0.0,0.0,153500.0,-54300.36,False
request_63,user_63,2026-07-07,31,2026-08-07,95394.59,0.0,3805.05,153500.0,-58105.41,False
request_63,user_63,2026-07-07,32,2026-08-08,77697.16,0.0,17697.43,153500.0,-75802.84,False
request_63,user_63,2026-07-07,33,2026-08-09,70977.16,0.0,6720.0,153500.0,-82522.84,False
request_63,user_63,2026-07-07,34,2026-08-10,70977.16,0.0,0.0,153500.0,-82522.84,False
request_63,user_63,2026-07-07,35,2026-08-11,61237.28,0.0,9739.88,153500.0,-92262.72,False
request_63,user_63,2026-07-07,36,2026-08-12,57432.23,0.0,3805.05,153500.0,-96067.77,False
request_63,user_63,2026-07-07,37,2026-08-13,57432.23,0.0,0.0,153500.0,-96067.77,False
request_63,user_63,2026-07-07,38,2026-08-14,56847.23,0.0,585.0,153500.0,-96652.77,False
request_63,user_63,2026-07-07,39,2026-08-15,51043.3,2280.0,8083.93,153500.0,-102456.7,False
request_63,user_63,2026-07-07,40,2026-08-16,45962.1,0.0,5081.2,153500.0,-107537.9,False
request_63,user_63,2026-07-07,41,2026-08-17,42157.05,0.0,3805.05,153500.0,-111342.95,False
request_63,user_63,2026-07-07,42,2026-08-18,42157.05,0.0,0.0,153500.0,-111342.95,False
request_63,user_63,2026-07-07,43,2026-08-19,42157.05,0.0,0.0,153500.0,-111342.95,False
request_63,user_63,2026-07-07,44,2026-08-20,42157.05,0.0,0.0,153500.0,-111342.95,False
request_63,user_63,2026-07-07,45,2026-08-21,37247.17,0.0,4909.88,153500.0,-116252.83,False
request_63,user_63,2026-07-07,46,2026-08-22,25358.19,0.0,11888.98,153500.0,-128141.81,False
request_63,user_63,2026-07-07,47,2026-08-23,25358.19,0.0,0.0,153500.0,-128141.81,False
request_63,user_63,2026-07-07,48,2026-08-24,25358.19,0.0,0.0,153500.0,-128141.81,False
request_63,user_63,2026-07-07,49,2026-08-25,25358.19,0.0,0.0,153500.0,-128141.81,False
request_63,user_63,2026-07-07,50,2026-08-26,25358.19,0.0,0.0,153500.0,-128141.81,False
request_63,user_63,2026-07-07,51,2026-08-27,21553.14,0.0,3805.05,153500.0,-131946.86,False
request_63,user_63,2026-07-07,52,2026-08-28,21553.14,0.0,0.0,153500.0,-131946.86,False
request_63,user_63,2026-07-07,53,2026-08-29,13469.21,0.0,8083.93,153500.0,-140030.79,False
request_63,user_63,2026-07-07,54,2026-08-30,13469.21,0.0,0.0,153500.0,-140030.79,False
request_63,user_63,2026-07-07,55,2026-08-31,8559.33,0.0,4909.88,153500.0,-144940.67,False
request_63,user_63,2026-07-07,56,2026-09-01,4754.28,0.0,3805.05,153500.0,-148745.72,False
request_63,user_63,2026-07-07,57,2026-09-02,4754.28,0.0,0.0,153500.0,-148745.72,False
request_63,user_63,2026-07-07,58,2026-09-03,4754.28,0.0,0.0,153500.0,-148745.72,False
request_63,user_63,2026-07-07,59,2026-09-04,-45245.72,0.0,50000.0,153500.0,-198745.72,False
request_63,user_63,2026-07-07,60,2026-09-05,-53329.65,0.0,8083.93,153500.0,-206829.65,False
request_63,user_63,2026-07-07,61,2026-09-06,-57134.7,0.0,3805.05,153500.0,-210634.7,False
request_63,user_63,2026-07-07,62,2026-09-07,-57134.7,0.0,0.0,153500.0,-210634.7,False
request_63,user_63,2026-07-07,63,2026-09-08,-66748.2,0.0,9613.5,153500.0,-220248.2,False
request_63,user_63,2026-07-07,64,2026-09-09,-73468.2,0.0,6720.0,153500.0,-226968.2,False
request_63,user_63,2026-07-07,65,2026-09-10,-78378.08,0.0,4909.88,153500.0,-231878.08,False
request_63,user_63,2026-07-07,66,2026-09-11,-87013.13,0.0,8635.05,153500.0,-240513.13,False
request_63,user_63,2026-07-07,67,2026-09-12,-95097.06,0.0,8083.93,153500.0,-248597.06,False
request_63,user_63,2026-07-07,68,2026-09-13,-95097.06,0.0,0.0,153500.0,-248597.06,False
request_63,user_63,2026-07-07,69,2026-09-14,-95682.06,0.0,585.0,153500.0,-249182.06,False
request_63,user_63,2026-07-07,70,2026-09-15,-93402.06,2280.0,0.0,153500.0,-246902.06,False
request_63,user_63,2026-07-07,71,2026-09-16,-102288.31,0.0,8886.25,153500.0,-255788.31,False
request_63,user_63,2026-07-07,72,2026-09-17,-102288.31,0.0,0.0,153500.0,-255788.31,False
request_63,user_63,2026-07-07,73,2026-09-18,-102288.31,0.0,0.0,153500.0,-255788.31,False
request_63,user_63,2026-07-07,74,2026-09-19,-110372.24,0.0,8083.93,153500.0,-263872.24,False
request_63,user_63,2026-07-07,75,2026-09-20,-115282.12,0.0,4909.88,153500.0,-268782.12,False
request_63,user_63,2026-07-07,76,2026-09-21,-119087.17,0.0,3805.05,153500.0,-272587.17,False
request_63,user_63,2026-07-07,77,2026-09-22,-119087.17,0.0,0.0,153500.0,-272587.17,False
request_63,user_63,2026-07-07,78,2026-09-23,-119087.17,0.0,0.0,153500.0,-272587.17,False
request_63,user_63,2026-07-07,79,2026-09-24,-119087.17,0.0,0.0,153500.0,-272587.17,False
request_63,user_63,2026-07-07,80,2026-09-25,-119087.17,0.0,0.0,153500.0,-272587.17,False
request_63,user_63,2026-07-07,81,2026-09-26,-130976.15,0.0,11888.98,153500.0,-284476.15,False
request_63,user_63,2026-07-07,82,2026-09-27,-130976.15,0.0,0.0,153500.0,-284476.15,False
request_63,user_63,2026-07-07,83,2026-09-28,-130976.15,0.0,0.0,153500.0,-284476.15,False
request_63,user_63,2026-07-07,84,2026-09-29,-130976.15,0.0,0.0,153500.0,-284476.15,False
request_63,user_63,2026-07-07,85,2026-09-30,-135886.03,0.0,4909.88,153500.0,-289386.03,False
request_63,user_63,2026-07-07,86,2026-10-01,-139691.08,0.0,3805.05,153500.0,-293191.08,False
request_63,user_63,2026-07-07,87,2026-10-02,-139691.08,0.0,0.0,153500.0,-293191.08,False
request_63,user_63,2026-07-07,88,2026-10-03,-147775.01,0.0,8083.93,153500.0,-301275.01,False
request_63,user_63,2026-07-07,89,2026-10-04,-197775.01,0.0,50000.0,153500.0,-351275.01,False
request_63,user_63,2026-07-07,90,2026-10-05,-197775.01,0.0,0.0,153500.0,-351275.01,False
request_64,user_64,2024-06-04,0,2024-06-04,98573.01,0.0,0.0,36100.0,62473.01,True
request_64,user_64,2024-06-04,1,2024-06-05,94873.49,0.0,3699.52,36100.0,58773.49,True
request_64,user_64,2024-06-04,2,2024-06-06,91221.66,0.0,3651.83,36100.0,55121.66,True
request_64,user_64,2024-06-04,3,2024-06-07,90136.58,0.0,1085.08,36100.0,54036.58,True
request_64,user_64,2024-06-04,4,2024-06-08,89076.58,0.0,1060.0,36100.0,52976.58,True
request_64,user_64,2024-06-04,5,2024-06-09,89076.58,0.0,0.0,36100.0,52976.58,True
request_64,user_64,2024-06-04,6,2024-06-10,8307.08,0.0,80769.5,36100.0,-27792.92,False
request_64,user_64,2024-06-04,7,2024-06-11,5687.08,0.0,2620.0,36100.0,-30412.92,False
request_64,user_64,2024-06-04,8,2024-06-12,4602.0,0.0,1085.08,36100.0,-31498.0,False
request_64,user_64,2024-06-04,9,2024-06-13,2479.19,0.0,2122.81,36100.0,-33620.81,False
request_64,user_64,2024-06-04,10,2024-06-14,2479.19,0.0,0.0,36100.0,-33620.81,False
request_64,user_64,2024-06-04,11,2024-06-15,3139.19,660.0,0.0,36100.0,-32960.81,False
request_64,user_64,2024-06-04,12,2024-06-16,947.36,0.0,2191.83,36100.0,-35152.64,False
request_64,user_64,2024-06-04,13,2024-06-17,-1227.96,0.0,2175.32,36100.0,-37327.96,False
request_64,user_64,2024-06-04,14,2024-06-18,-1227.96,0.0,0.0,36100.0,-37327.96,False
request_64,user_64,2024-06-04,15,2024-06-19,-1227.96,0.0,0.0,36100.0,-37327.96,False
request_64,user_64,2024-06-04,16,2024-06-20,-1227.96,0.0,0.0,36100.0,-37327.96,False
request_64,user_64,2024-06-04,17,2024-06-21,-1227.96,0.0,0.0,36100.0,-37327.96,False
request_64,user_64,2024-06-04,18,2024-06-22,-2313.04,0.0,1085.08,36100.0,-38413.04,False
request_64,user_64,2024-06-04,19,2024-06-23,-2313.04,0.0,0.0,36100.0,-38413.04,False
request_64,user_64,2024-06-04,20,2024-06-24,-3403.28,0.0,1090.24,36100.0,-39503.28,False
request_64,user_64,2024-06-04,21,2024-06-25,-3403.28,0.0,0.0,36100.0,-39503.28,False
request_64,user_64,2024-06-04,22,2024-06-26,-5595.11,0.0,2191.83,36100.0,-41695.11,False
request_64,user_64,2024-06-04,23,2024-06-27,-6680.19,0.0,1085.08,36100.0,-42780.19,False
request_64,user_64,2024-06-04,24,2024-06-28,-6680.19,0.0,0.0,36100.0,-42780.19,False
request_64,user_64,2024-06-04,25,2024-06-29,-6680.19,0.0,0.0,36100.0,-42780.19,False
request_64,user_64,2024-06-04,26,2024-06-30,-6680.19,0.0,0.0,36100.0,-42780.19,False
request_64,user_64,2024-06-04,27,2024-07-01,-20570.43,0.0,13890.24,36100.0,-56670.43,False
request_64,user_64,2024-06-04,28,2024-07-02,-21655.51,0.0,1085.08,36100.0,-57755.51,False
request_64,user_64,2024-06-04,29,2024-07-03,-21655.51,0.0,0.0,36100.0,-57755.51,False
request_64,user_64,2024-06-04,30,2024-07-04,-21655.51,0.0,0.0,36100.0,-57755.51,False
request_64,user_64,2024-06-04,31,2024-07-05,-25355.03,0.0,3699.52,36100.0,-61455.03,False
request_64,user_64,2024-06-04,32,2024-07-06,-29006.86,0.0,3651.83,36100.0,-65106.86,False
request_64,user_64,2024-06-04,33,2024-07-07,-30091.94,0.0,1085.08,36100.0,-66191.94,False
request_64,user_64,2024-06-04,34,2024-07-08,-32242.18,0.0,2150.24,36100.0,-68342.18,False
request_64,user_64,2024-06-04,35,2024-07-09,-32242.18,0.0,0.0,36100.0,-68342.18,False
request_64,user_64,2024-06-04,36,2024-07-10,-32242.18,0.0,0.0,36100.0,-68342.18,False
request_64,user_64,2024-06-04,37,2024-07-11,-32622.18,0.0,380.0,36100.0,-68722.18,False
request_64,user_64,2024-06-04,38,2024-07-12,-33707.26,0.0,1085.08,36100.0,-69807.26,False
request_64,user_64,2024-06-04,39,2024-07-13,-35830.07,0.0,2122.81,36100.0,-71930.07,False
request_64,user_64,2024-06-04,40,2024-07-14,-35830.07,0.0,0.0,36100.0,-71930.07,False
request_64,user_64,2024-06-04,41,2024-07-15,-36260.31,660.0,1090.24,36100.0,-72360.31,False
request_64,user_64,2024-06-04,42,2024-07-16,-38452.14,0.0,2191.83,36100.0,-74552.14,False
request_64,user_64,2024-06-04,43,2024-07-17,-39537.22,0.0,1085.08,36100.0,-75637.22,False
request_64,user_64,2024-06-04,44,2024-07-18,-39537.22,0.0,0.0,36100.0,-75637.22,False
request_64,user_64,2024-06-04,45,2024-07-19,-39537.22,0.0,0.0,36100.0,-75637.22,False
request_64,user_64,2024-06-04,46,2024-07-20,-39537.22,0.0,0.0,36100.0,-75637.22,False
request_64,user_64,2024-06-04,47,2024-07-21,-39537.22,0.0,0.0,36100.0,-75637.22,False
request_64,user_64,2024-06-04,48,2024-07-22,-41712.54,0.0,2175.32,36100.0,-77812.54,False
request_64,user_64,2024-06-04,49,2024-07-23,-41712.54,0.0,0.0,36100.0,-77812.54,False
request_64,user_64,2024-06-04,50,2024-07-24,-41712.54,0.0,0.0,36100.0,-77812.54,False
request_64,user_64,2024-06-04,51,2024-07-25,-41712.54,0.0,0.0,36100.0,-77812.54,False
request_64,user_64,2024-06-04,52,2024-07-26,-43904.37,0.0,2191.83,36100.0,-80004.37,False
request_64,user_64,2024-06-04,53,2024-07-27,-44989.45,0.0,1085.08,36100.0,-81089.45,False
request_64,user_64,2024-06-04,54,2024-07-28,-44989.45,0.0,0.0,36100.0,-81089.45,False
request_64,user_64,2024-06-04,55,2024-07-29,-46079.69,0.0,1090.24,36100.0,-82179.69,False
request_64,user_64,2024-06-04,56,2024-07-30,-46079.69,0.0,0.0,36100.0,-82179.69,False
request_64,user_64,2024-06-04,57,2024-07-31,-46079.69,0.0,0.0,36100.0,-82179.69,False
request_64,user_64,2024-06-04,58,2024-08-01,-59964.77,0.0,13885.08,36100.0,-96064.77,False
request_64,user_64,2024-06-04,59,2024-08-02,-59964.77,0.0,0.0,36100.0,-96064.77,False
request_64,user_64,2024-06-04,60,2024-08-03,-59964.77,0.0,0.0,36100.0,-96064.77,False
request_64,user_64,2024-06-04,61,2024-08-04,-59964.77,0.0,0.0,36100.0,-96064.77,False
request_64,user_64,2024-06-04,62,2024-08-05,-66946.36,0.0,6981.59,36100.0,-103046.36,False
request_64,user_64,2024-06-04,63,2024-08-06,-69491.44,0.0,2545.08,36100.0,-105591.44,False
request_64,user_64,2024-06-04,64,2024-08-07,-69491.44,0.0,0.0,36100.0,-105591.44,False
request_64,user_64,2024-06-04,65,2024-08-08,-70551.44,0.0,1060.0,36100.0,-106651.44,False
request_64,user_64,2024-06-04,66,2024-08-09,-70551.44,0.0,0.0,36100.0,-106651.44,False
request_64,user_64,2024-06-04,67,2024-08-10,-70551.44,0.0,0.0,36100.0,-106651.44,False
request_64,user_64,2024-06-04,68,2024-08-11,-72016.52,0.0,1465.08,36100.0,-108116.52,False
request_64,user_64,2024-06-04,69,2024-08-12,-73106.76,0.0,1090.24,36100.0,-109206.76,False
request_64,user_64,2024-06-04,70,2024-08-13,-75229.57,0.0,2122.81,36100.0,-111329.57,False
request_64,user_64,2024-06-04,71,2024-08-14,-75229.57,0.0,0.0,36100.0,-111329.57,False
request_64,user_64,2024-06-04,72,2024-08-15,-76761.4,660.0,2191.83,36100.0,-112861.4,False
request_64,user_64,2024-06-04,73,2024-08-16,-77846.48,0.0,1085.08,36100.0,-113946.48,False
request_64,user_64,2024-06-04,74,2024-08-17,-77846.48,0.0,0.0,36100.0,-113946.48,False
request_64,user_64,2024-06-04,75,2024-08-18,-77846.48,0.0,0.0,36100.0,-113946.48,False
request_64,user_64,2024-06-04,76,2024-08-19,-78936.72,0.0,1090.24,36100.0,-115036.72,False
request_64,user_64,2024-06-04,77,2024-08-20,-78936.72,0.0,0.0,36100.0,-115036.72,False
request_64,user_64,2024-06-04,78,2024-08-21,-80021.8,0.0,1085.08,36100.0,-116121.8,False
request_64,user_64,2024-06-04,79,2024-08-22,-80021.8,0.0,0.0,36100.0,-116121.8,False
request_64,user_64,2024-06-04,80,2024-08-23,-80021.8,0.0,0.0,36100.0,-116121.8,False
request_64,user_64,2024-06-04,81,2024-08-24,-80021.8,0.0,0.0,36100.0,-116121.8,False
request_64,user_64,2024-06-04,82,2024-08-25,-82213.63,0.0,2191.83,36100.0,-118313.63,False
request_64,user_64,2024-06-04,83,2024-08-26,-84388.95,0.0,2175.32,36100.0,-120488.95,False
request_64,user_64,2024-06-04,84,2024-08-27,-84388.95,0.0,0.0,36100.0,-120488.95,False
request_64,user_64,2024-06-04,85,2024-08-28,-84388.95,0.0,0.0,36100.0,-120488.95,False
request_64,user_64,2024-06-04,86,2024-08-29,-84388.95,0.0,0.0,36100.0,-120488.95,False
request_64,user_64,2024-06-04,87,2024-08-30,-84388.95,0.0,0.0,36100.0,-120488.95,False
request_64,user_64,2024-06-04,88,2024-08-31,-85474.03,0.0,1085.08,36100.0,-121574.03,False
request_64,user_64,2024-06-04,89,2024-09-01,-98274.03,0.0,12800.0,36100.0,-134374.03,False
request_64,user_64,2024-06-04,90,2024-09-02,-99364.27,0.0,1090.24,36100.0,-135464.27,False
request_65,user_65,2025-11-06,0,2025-11-06,27279.04,0.0,1244.96,15500.0,11779.04,True
request_65,user_65,2025-11-06,1,2025-11-07,26539.84,0.0,739.2,15500.0,11039.84,True
request_65,user_65,2025-11-06,2,2025-11-08,25074.64,0.0,1465.2,15500.0,9574.64,True
request_65,user_65,2025-11-06,3,2025-11-09,24397.81,0.0,676.83,15500.0,8897.81,True
request_65,user_65,2025-11-06,4,2025-11-10,22859.36,0.0,1538.45,15500.0,7359.36,True
request_65,user_65,2025-11-06,5,2025-11-11,22859.36,0.0,0.0,15500.0,7359.36,True
request_65,user_65,2025-11-06,6,2025-11-12,22074.74,0.0,784.62,15500.0,6574.74,True
request_65,user_65,2025-11-06,7,2025-11-13,22074.74,0.0,0.0,15500.0,6574.74,True
request_65,user_65,2025-11-06,8,2025-11-14,21282.77,0.0,791.97,15500.0,5782.77,True
request_65,user_65,2025-11-06,9,2025-11-15,43502.77,22220.0,0.0,15500.0,28002.77,True
request_65,user_65,2025-11-06,10,2025-11-16,43502.77,0.0,0.0,15500.0,28002.77,True
request_65,user_65,2025-11-06,11,2025-11-17,43502.77,0.0,0.0,15500.0,28002.77,True
request_65,user_65,2025-11-06,12,2025-11-18,43502.77,0.0,0.0,15500.0,28002.77,True
request_65,user_65,2025-11-06,13,2025-11-19,42825.94,0.0,676.83,15500.0,27325.94,True
request_65,user_65,2025-11-06,14,2025-11-20,42071.36,0.0,754.58,15500.0,26571.36,True
request_65,user_65,2025-11-06,15,2025-11-21,42071.36,0.0,0.0,15500.0,26571.36,True
request_65,user_65,2025-11-06,16,2025-11-22,42071.36,0.0,0.0,15500.0,26571.36,True
request_65,user_65,2025-11-06,17,2025-11-23,42071.36,0.0,0.0,15500.0,26571.36,True
request_65,user_65,2025-11-06,18,2025-11-24,42071.36,0.0,0.0,15500.0,26571.36,True
request_65,user_65,2025-11-06,19,2025-11-25,42071.36,0.0,0.0,15500.0,26571.36,True
request_65,user_65,2025-11-06,20,2025-11-26,41416.54,0.0,654.82,15500.0,25916.54,True
request_65,user_65,2025-11-06,21,2025-11-27,41416.54,0.0,0.0,15500.0,25916.54,True
request_65,user_65,2025-11-06,22,2025-11-28,41416.54,0.0,0.0,15500.0,25916.54,True
request_65,user_65,2025-11-06,23,2025-11-29,40739.71,0.0,676.83,15500.0,25239.71,True
request_65,user_65,2025-11-06,24,2025-11-30,40739.71,0.0,0.0,15500.0,25239.71,True
request_65,user_65,2025-11-06,25,2025-12-01,40739.71,0.0,0.0,15500.0,25239.71,True
request_65,user_65,2025-11-06,26,2025-12-02,40739.71,0.0,0.0,15500.0,25239.71,True
request_65,user_65,2025-11-06,27,2025-12-03,38220.71,0.0,2519.0,15500.0,22720.71,True
request_65,user_65,2025-11-06,28,2025-12-04,38220.71,0.0,0.0,15500.0,22720.71,True
request_65,user_65,2025-11-06,29,2025-12-05,38220.71,0.0,0.0,15500.0,22720.71,True
request_65,user_65,2025-11-06,30,2025-12-06,36975.75,0.0,1244.96,15500.0,21475.75,True
request_65,user_65,2025-11-06,31,2025-12-07,36236.55,0.0,739.2,15500.0,20736.55,True
request_65,user_65,2025-11-06,32,2025-12-08,34771.35,0.0,1465.2,15500.0,19271.35,True
request_65,user_65,2025-11-06,33,2025-12-09,34094.52,0.0,676.83,15500.0,18594.52,True
request_65,user_65,2025-11-06,34,2025-12-10,31901.25,0.0,2193.27,15500.0,16401.25,True
request_65,user_65,2025-11-06,35,2025-12-11,31146.67,0.0,754.58,15500.0,15646.67,True
request_65,user_65,2025-11-06,36,2025-12-12,31016.87,0.0,129.8,15500.0,15516.87,True
request_65,user_65,2025-11-06,37,2025-12-13,31016.87,0.0,0.0,15500.0,15516.87,True
request_65,user_65,2025-11-06,38,2025-12-14,30224.9,0.0,791.97,15500.0,14724.9,True
request_65,user_65,2025-11-06,39,2025-12-15,52444.9,22220.0,0.0,15500.0,36944.9,True
request_65,user_65,2025-11-06,40,2025-12-16,52444.9,0.0,0.0,15500.0,36944.9,True
request_65,user_65,2025-11-06,41,2025-12-17,52444.9,0.0,0.0,15500.0,36944.9,True
request_65,user_65,2025-11-06,42,2025-12-18,52444.9,0.0,0.0,15500.0,36944.9,True
request_65,user_65,2025-11-06,43,2025-12-19,51768.07,0.0,676.83,15500.0,36268.07,True
request_65,user_65,2025-11-06,44,2025-12-20,51768.07,0.0,0.0,15500.0,36268.07,True
request_65,user_65,2025-11-06,45,2025-12-21,51768.07,0.0,0.0,15500.0,36268.07,True
request_65,user_65,2025-11-06,46,2025-12-22,51768.07,0.0,0.0,15500.0,36268.07,True
request_65,user_65,2025-11-06,47,2025-12-23,51768.07,0.0,0.0,15500.0,36268.07,True
request_65,user_65,2025-11-06,48,2025-12-24,51113.25,0.0,654.82,15500.0,35613.25,True
request_65,user_65,2025-11-06,49,2025-12-25,51113.25,0.0,0.0,15500.0,35613.25,True
request_65,user_65,2025-11-06,50,2025-12-26,51113.25,0.0,0.0,15500.0,35613.25,True
request_65,user_65,2025-11-06,51,2025-12-27,51113.25,0.0,0.0,15500.0,35613.25,True
request_65,user_65,2025-11-06,52,2025-12-28,51113.25,0.0,0.0,15500.0,35613.25,True
request_65,user_65,2025-11-06,53,2025-12-29,50436.42,0.0,676.83,15500.0,34936.42,True
request_65,user_65,2025-11-06,54,2025-12-30,50436.42,0.0,0.0,15500.0,34936.42,True
request_65,user_65,2025-11-06,55,2025-12-31,50436.42,0.0,0.0,15500.0,34936.42,True
request_65,user_65,2025-11-06,56,2026-01-01,49681.84,0.0,754.58,15500.0,34181.84,True
request_65,user_65,2025-11-06,57,2026-01-02,49681.84,0.0,0.0,15500.0,34181.84,True
request_65,user_65,2025-11-06,58,2026-01-03,47162.84,0.0,2519.0,15500.0,31662.84,True
request_65,user_65,2025-11-06,59,2026-01-04,47162.84,0.0,0.0,15500.0,31662.84,True
request_65,user_65,2025-11-06,60,2026-01-05,47162.84,0.0,0.0,15500.0,31662.84,True
request_65,user_65,2025-11-06,61,2026-01-06,45917.88,0.0,1244.96,15500.0,30417.88,True
request_65,user_65,2025-11-06,62,2026-01-07,44523.86,0.0,1394.02,15500.0,29023.86,True
request_65,user_65,2025-11-06,63,2026-01-08,42381.83,0.0,2142.03,15500.0,26881.83,True
request_65,user_65,2025-11-06,64,2026-01-09,42381.83,0.0,0.0,15500.0,26881.83,True
request_65,user_65,2025-11-06,65,2026-01-10,40843.38,0.0,1538.45,15500.0,25343.38,True
request_65,user_65,2025-11-06,66,2026-01-11,40843.38,0.0,0.0,15500.0,25343.38,True
request_65,user_65,2025-11-06,67,2026-01-12,40713.58,0.0,129.8,15500.0,25213.58,True
request_65,user_65,2025-11-06,68,2026-01-13,40713.58,0.0,0.0,15500.0,25213.58,True
request_65,user_65,2025-11-06,69,2026-01-14,39921.61,0.0,791.97,15500.0,24421.61,True
request_65,user_65,2025-11-06,70,2026-01-15,62141.61,22220.0,0.0,15500.0,46641.61,True
request_65,user_65,2025-11-06,71,2026-01-16,62141.61,0.0,0.0,15500.0,46641.61,True
request_65,user_65,2025-11-06,72,2026-01-17,62141.61,0.0,0.0,15500.0,46641.61,True
request_65,user_65,2025-11-06,73,2026-01-18,61464.78,0.0,676.83,15500.0,45964.78,True
request_65,user_65,2025-11-06,74,2026-01-19,61464.78,0.0,0.0,15500.0,45964.78,True
request_65,user_65,2025-11-06,75,2026-01-20,61464.78,0.0,0.0,15500.0,45964.78,True
request_65,user_65,2025-11-06,76,2026-01-21,60809.96,0.0,654.82,15500.0,45309.96,True
request_65,user_65,2025-11-06,77,2026-01-22,60055.38,0.0,754.58,15500.0,44555.38,True
request_65,user_65,2025-11-06,78,2026-01-23,60055.38,0.0,0.0,15500.0,44555.38,True
request_65,user_65,2025-11-06,79,2026-01-24,60055.38,0.0,0.0,15500.0,44555.38,True
request_65,user_65,2025-11-06,80,2026-01-25,60055.38,0.0,0.0,15500.0,44555.38,True
request_65,user_65,2025-11-06,81,2026-01-26,60055.38,0.0,0.0,15500.0,44555.38,True
request_65,user_65,2025-11-06,82,2026-01-27,60055.38,0.0,0.0,15500.0,44555.38,True
request_65,user_65,2025-11-06,83,2026-01-28,59378.55,0.0,676.83,15500.0,43878.55,True
request_65,user_65,2025-11-06,84,2026-01-29,59378.55,0.0,0.0,15500.0,43878.55,True
request_65,user_65,2025-11-06,85,2026-01-30,59378.55,0.0,0.0,15500.0,43878.55,True
request_65,user_65,2025-11-06,86,2026-01-31,59378.55,0.0,0.0,15500.0,43878.55,True
request_65,user_65,2025-11-06,87,2026-02-01,59378.55,0.0,0.0,15500.0,43878.55,True
request_65,user_65,2025-11-06,88,2026-02-02,59378.55,0.0,0.0,15500.0,43878.55,True
request_65,user_65,2025-11-06,89,2026-02-03,56859.55,0.0,2519.0,15500.0,41359.55,True
request_65,user_65,2025-11-06,90,2026-02-04,56204.73,0.0,654.82,15500.0,40704.73,True
request_66,user_66,2026-04-03,0,2026-04-03,276220.0,0.0,26300.0,80700.0,195520.0,True
request_66,user_66,2026-04-03,1,2026-04-04,276220.0,0.0,0.0,80700.0,195520.0,True
request_66,user_66,2026-04-03,2,2026-04-05,276220.0,0.0,0.0,80700.0,195520.0,True
request_66,user_66,2026-04-03,3,2026-04-06,276220.0,0.0,0.0,80700.0,195520.0,True
request_66,user_66,2026-04-03,4,2026-04-07,266563.0,0.0,9657.0,80700.0,185863.0,True
request_66,user_66,2026-04-03,5,2026-04-08,266563.0,0.0,0.0,80700.0,185863.0,True
request_66,user_66,2026-04-03,6,2026-04-09,266563.0,0.0,0.0,80700.0,185863.0,True
request_66,user_66,2026-04-03,7,2026-04-10,264043.0,0.0,2520.0,80700.0,183343.0,True
request_66,user_66,2026-04-03,8,2026-04-11,264043.0,0.0,0.0,80700.0,183343.0,True
request_66,user_66,2026-04-03,9,2026-04-12,264043.0,0.0,0.0,80700.0,183343.0,True
request_66,user_66,2026-04-03,10,2026-04-13,263623.0,0.0,420.0,80700.0,182923.0,True
request_66,user_66,2026-04-03,11,2026-04-14,263623.0,0.0,0.0,80700.0,182923.0,True
request_66,user_66,2026-04-03,12,2026-04-15,328178.84,64555.84,0.0,80700.0,247478.84,True
request_66,user_66,2026-04-03,13,2026-04-16,328178.84,0.0,0.0,80700.0,247478.84,True
request_66,user_66,2026-04-03,14,2026-04-17,322648.02,0.0,5530.82,80700.0,241948.02,True
request_66,user_66,2026-04-03,15,2026-04-18,318217.07,0.0,4430.95,80700.0,237517.07,True
request_66,user_66,2026-04-03,16,2026-04-19,318217.07,0.0,0.0,80700.0,237517.07,True
request_66,user_66,2026-04-03,17,2026-04-20,318217.07,0.0,0.0,80700.0,237517.07,True
request_66,user_66,2026-04-03,18,2026-04-21,318217.07,0.0,0.0,80700.0,237517.07,True
request_66,user_66,2026-04-03,19,2026-04-22,318217.07,0.0,0.0,80700.0,237517.07,True
request_66,user_66,2026-04-03,20,2026-04-23,318217.07,0.0,0.0,80700.0,237517.07,True
request_66,user_66,2026-04-03,21,2026-04-24,318217.07,0.0,0.0,80700.0,237517.07,True
request_66,user_66,2026-04-03,22,2026-04-25,318217.07,0.0,0.0,80700.0,237517.07,True
request_66,user_66,2026-04-03,23,2026-04-26,318217.07,0.0,0.0,80700.0,237517.07,True
request_66,user_66,2026-04-03,24,2026-04-27,314336.07,0.0,3881.0,80700.0,233636.07,True
request_66,user_66,2026-04-03,25,2026-04-28,314336.07,0.0,0.0,80700.0,233636.07,True
request_66,user_66,2026-04-03,26,2026-04-29,314336.07,0.0,0.0,80700.0,233636.07,True
request_66,user_66,2026-04-03,27,2026-04-30,314336.07,0.0,0.0,80700.0,233636.07,True
request_66,user_66,2026-04-03,28,2026-05-01,314336.07,0.0,0.0,80700.0,233636.07,True
request_66,user_66,2026-04-03,29,2026-05-02,314336.07,0.0,0.0,80700.0,233636.07,True
request_66,user_66,2026-04-03,30,2026-05-03,288036.07,0.0,26300.0,80700.0,207336.07,True
request_66,user_66,2026-04-03,31,2026-05-04,288036.07,0.0,0.0,80700.0,207336.07,True
request_66,user_66,2026-04-03,32,2026-05-05,288036.07,0.0,0.0,80700.0,207336.07,True
request_66,user_66,2026-04-03,33,2026-05-06,288036.07,0.0,0.0,80700.0,207336.07,True
request_66,user_66,2026-04-03,34,2026-05-07,278379.07,0.0,9657.0,80700.0,197679.07,True
request_66,user_66,2026-04-03,35,2026-05-08,276729.25,0.0,1649.82,80700.0,196029.25,True
request_66,user_66,2026-04-03,36,2026-05-09,272298.3,0.0,4430.95,80700.0,191598.3,True
request_66,user_66,2026-04-03,37,2026-05-10,269778.3,0.0,2520.0,80700.0,189078.3,True
request_66,user_66,2026-04-03,38,2026-05-11,269778.3,0.0,0.0,80700.0,189078.3,True
request_66,user_66,2026-04-03,39,2026-05-12,269778.3,0.0,0.0,80700.0,189078.3,True
request_66,user_66,2026-04-03,40,2026-05-13,269358.3,0.0,420.0,80700.0,188658.3,True
request_66,user_66,2026-04-03,41,2026-05-14,269358.3,0.0,0.0,80700.0,188658.3,True
request_66,user_66,2026-04-03,42,2026-05-15,333914.14,64555.84,0.0,80700.0,253214.14,True
request_66,user_66,2026-04-03,43,2026-05-16,333914.14,0.0,0.0,80700.0,253214.14,True
request_66,user_66,2026-04-03,44,2026-05-17,330033.14,0.0,3881.0,80700.0,249333.14,True
request_66,user_66,2026-04-03,45,2026-05-18,330033.14,0.0,0.0,80700.0,249333.14,True
request_66,user_66,2026-04-03,46,2026-05-19,330033.14,0.0,0.0,80700.0,249333.14,True
request_66,user_66,2026-04-03,47,2026-05-20,330033.14,0.0,0.0,80700.0,249333.14,True
request_66,user_66,2026-04-03,48,2026-05-21,330033.14,0.0,0.0,80700.0,249333.14,True
request_66,user_66,2026-04-03,49,2026-05-22,330033.14,0.0,0.0,80700.0,249333.14,True
request_66,user_66,2026-04-03,50,2026-05-23,330033.14,0.0,0.0,80700.0,249333.14,True
request_66,user_66,2026-04-03,51,2026-05-24,330033.14,0.0,0.0,80700.0,249333.14,True
request_66,user_66,2026-04-03,52,2026-05-25,330033.14,0.0,0.0,80700.0,249333.14,True
request_66,user_66,2026-04-03,53,2026-05-26,330033.14,0.0,0.0,80700.0,249333.14,True
request_66,user_66,2026-04-03,54,2026-05-27,326152.14,0.0,3881.0,80700.0,245452.14,True
request_66,user_66,2026-04-03,55,2026-05-28,326152.14,0.0,0.0,80700.0,245452.14,True
request_66,user_66,2026-04-03,56,2026-05-29,324502.32,0.0,1649.82,80700.0,243802.32,True
request_66,user_66,2026-04-03,57,2026-05-30,320071.37,0.0,4430.95,80700.0,239371.37,True
request_66,user_66,2026-04-03,58,2026-05-31,320071.37,0.0,0.0,80700.0,239371.37,True
request_66,user_66,2026-04-03,59,2026-06-01,320071.37,0.0,0.0,80700.0,239371.37,True
request_66,user_66,2026-04-03,60,2026-06-02,320071.37,0.0,0.0,80700.0,239371.37,True
request_66,user_66,2026-04-03,61,2026-06-03,293771.37,0.0,26300.0,80700.0,213071.37,True
request_66,user_66,2026-04-03,62,2026-06-04,293771.37,0.0,0.0,80700.0,213071.37,True
request_66,user_66,2026-04-03,63,2026-06-05,293771.37,0.0,0.0,80700.0,213071.37,True
request_66,user_66,2026-04-03,64,2026-06-06,289890.37,0.0,3881.0,80700.0,209190.37,True
request_66,user_66,2026-04-03,65,2026-06-07,284114.37,0.0,5776.0,80700.0,203414.37,True
request_66,user_66,2026-04-03,66,2026-06-08,284114.37,0.0,0.0,80700.0,203414.37,True
request_66,user_66,2026-04-03,67,2026-06-09,284114.37,0.0,0.0,80700.0,203414.37,True
request_66,user_66,2026-04-03,68,2026-06-10,281594.37,0.0,2520.0,80700.0,200894.37,True
request_66,user_66,2026-04-03,69,2026-06-11,281594.37,0.0,0.0,80700.0,200894.37,True
request_66,user_66,2026-04-03,70,2026-06-12,281594.37,0.0,0.0,80700.0,200894.37,True
request_66,user_66,2026-04-03,71,2026-06-13,281174.37,0.0,420.0,80700.0,200474.37,True
request_66,user_66,2026-04-03,72,2026-06-14,281174.37,0.0,0.0,80700.0,200474.37,True
request_66,user_66,2026-04-03,73,2026-06-15,345730.21,64555.84,0.0,80700.0,265030.21,True
request_66,user_66,2026-04-03,74,2026-06-16,341849.21,0.0,3881.0,80700.0,261149.21,True
request_66,user_66,2026-04-03,75,2026-06-17,341849.21,0.0,0.0,80700.0,261149.21,True
request_66,user_66,2026-04-03,76,2026-06-18,341849.21,0.0,0.0,80700.0,261149.21,True
request_66,user_66,2026-04-03,77,2026-06-19,340199.39,0.0,1649.82,80700.0,259499.39,True
request_66,user_66,2026-04-03,78,2026-06-20,335768.44,0.0,4430.95,80700.0,255068.44,True
request_66,user_66,2026-04-03,79,2026-06-21,335768.44,0.0,0.0,80700.0,255068.44,True
request_66,user_66,2026-04-03,80,2026-06-22,335768.44,0.0,0.0,80700.0,255068.44,True
request_66,user_66,2026-04-03,81,2026-06-23,335768.44,0.0,0.0,80700.0,255068.44,True
request_66,user_66,2026-04-03,82,2026-06-24,335768.44,0.0,0.0,80700.0,255068.44,True
request_66,user_66,2026-04-03,83,2026-06-25,335768.44,0.0,0.0,80700.0,255068.44,True
request_66,user_66,2026-04-03,84,2026-06-26,331887.44,0.0,3881.0,80700.0,251187.44,True
request_66,user_66,2026-04-03,85,2026-06-27,331887.44,0.0,0.0,80700.0,251187.44,True
request_66,user_66,2026-04-03,86,2026-06-28,331887.44,0.0,0.0,80700.0,251187.44,True
request_66,user_66,2026-04-03,87,2026-06-29,331887.44,0.0,0.0,80700.0,251187.44,True
request_66,user_66,2026-04-03,88,2026-06-30,331887.44,0.0,0.0,80700.0,251187.44,True
request_66,user_66,2026-04-03,89,2026-07-01,331887.44,0.0,0.0,80700.0,251187.44,True
request_66,user_66,2026-04-03,90,2026-07-02,331887.44,0.0,0.0,80700.0,251187.44,True
request_67,user_67,2024-09-05,0,2024-09-05,1904.57,0.0,87.97,1200.0,704.57,True
request_67,user_67,2024-09-05,1,2024-09-06,1865.32,0.0,39.25,1200.0,665.32,True
request_67,user_67,2024-09-05,2,2024-09-07,1865.32,0.0,0.0,1200.0,665.32,True
request_67,user_67,2024-09-05,3,2024-09-08,1749.48,0.0,115.84,1200.0,549.48,True
request_67,user_67,2024-09-05,4,2024-09-09,1688.17,0.0,61.31,1200.0,488.17,True
request_67,user_67,2024-09-05,5,2024-09-10,1688.17,0.0,0.0,1200.0,488.17,True
request_67,user_67,2024-09-05,6,2024-09-11,1688.17,0.0,0.0,1200.0,488.17,True
request_67,user_67,2024-09-05,7,2024-09-12,1559.2,0.0,128.97,1200.0,359.2,True
request_67,user_67,2024-09-05,8,2024-09-13,1492.95,0.0,66.25,1200.0,292.95,True
request_67,user_67,2024-09-05,9,2024-09-14,1492.95,0.0,0.0,1200.0,292.95,True
request_67,user_67,2024-09-05,10,2024-09-15,3522.63,2047.68,18.0,1200.0,2322.63,True
request_67,user_67,2024-09-05,11,2024-09-16,3458.24,0.0,64.39,1200.0,2258.24,True
request_67,user_67,2024-09-05,12,2024-09-17,3458.24,0.0,0.0,1200.0,2258.24,True
request_67,user_67,2024-09-05,13,2024-09-18,3458.24,0.0,0.0,1200.0,2258.24,True
request_67,user_67,2024-09-05,14,2024-09-19,3370.27,0.0,87.97,1200.0,2170.27,True
request_67,user_67,2024-09-05,15,2024-09-20,3331.02,0.0,39.25,1200.0,2131.02,True
request_67,user_67,2024-09-05,16,2024-09-21,3331.02,0.0,0.0,1200.0,2131.02,True
request_67,user_67,2024-09-05,17,2024-09-22,3331.02,0.0,0.0,1200.0,2131.02,True
request_67,user_67,2024-09-05,18,2024-09-23,3269.71,0.0,61.31,1200.0,2069.71,True
request_67,user_67,2024-09-05,19,2024-09-24,3269.71,0.0,0.0,1200.0,2069.71,True
request_67,user_67,2024-09-05,20,2024-09-25,3269.71,0.0,0.0,1200.0,2069.71,True
request_67,user_67,2024-09-05,21,2024-09-26,3181.74,0.0,87.97,1200.0,1981.74,True
request_67,user_67,2024-09-05,22,2024-09-27,3142.49,0.0,39.25,1200.0,1942.49,True
request_67,user_67,2024-09-05,23,2024-09-28,3142.49,0.0,0.0,1200.0,1942.49,True
request_67,user_67,2024-09-05,24,2024-09-29,3142.49,0.0,0.0,1200.0,1942.49,True
request_67,user_67,2024-09-05,25,2024-09-30,3142.49,0.0,0.0,1200.0,1942.49,True
request_67,user_67,2024-09-05,26,2024-10-01,3142.49,0.0,0.0,1200.0,1942.49,True
request_67,user_67,2024-09-05,27,2024-10-02,3142.49,0.0,0.0,1200.0,1942.49,True
request_67,user_67,2024-09-05,28,2024-10-03,3054.52,0.0,87.97,1200.0,1854.52,True
request_67,user_67,2024-09-05,29,2024-10-04,2500.47,0.0,554.05,1200.0,1300.47,True
request_67,user_67,2024-09-05,30,2024-10-05,2500.47,0.0,0.0,1200.0,1300.47,True
request_67,user_67,2024-09-05,31,2024-10-06,2500.47,0.0,0.0,1200.0,1300.47,True
request_67,user_67,2024-09-05,32,2024-10-07,2439.16,0.0,61.31,1200.0,1239.16,True
request_67,user_67,2024-09-05,33,2024-10-08,2323.32,0.0,115.84,1200.0,1123.32,True
request_67,user_67,2024-09-05,34,2024-10-09,2323.32,0.0,0.0,1200.0,1123.32,True
request_67,user_67,2024-09-05,35,2024-10-10,2235.35,0.0,87.97,1200.0,1035.35,True
request_67,user_67,2024-09-05,36,2024-10-11,2196.1,0.0,39.25,1200.0,996.1,True
request_67,user_67,2024-09-05,37,2024-10-12,2155.1,0.0,41.0,1200.0,955.1,True
request_67,user_67,2024-09-05,38,2024-10-13,2128.1,0.0,27.0,1200.0,928.1,True
request_67,user_67,2024-09-05,39,2024-10-14,2128.1,0.0,0.0,1200.0,928.1,True
request_67,user_67,2024-09-05,40,2024-10-15,4157.78,2047.68,18.0,1200.0,2957.78,True
request_67,user_67,2024-09-05,41,2024-10-16,4093.39,0.0,64.39,1200.0,2893.39,True
request_67,user_67,2024-09-05,42,2024-10-17,4005.42,0.0,87.97,1200.0,2805.42,True
request_67,user_67,2024-09-05,43,2024-10-18,3966.17,0.0,39.25,1200.0,2766.17,True
request_67,user_67,2024-09-05,44,2024-10-19,3966.17,0.0,0.0,1200.0,2766.17,True
request_67,user_67,2024-09-05,45,2024-10-20,3966.17,0.0,0.0,1200.0,2766.17,True
request_67,user_67,2024-09-05,46,2024-10-21,3904.86,0.0,61.31,1200.0,2704.86,True
request_67,user_67,2024-09-05,47,2024-10-22,3904.86,0.0,0.0,1200.0,2704.86,True
request_67,user_67,2024-09-05,48,2024-10-23,3904.86,0.0,0.0,1200.0,2704.86,True
request_67,user_67,2024-09-05,49,2024-10-24,3816.89,0.0,87.97,1200.0,2616.89,True
request_67,user_67,2024-09-05,50,2024-10-25,3777.64,0.0,39.25,1200.0,2577.64,True
request_67,user_67,2024-09-05,51,2024-10-26,3777.64,0.0,0.0,1200.0,2577.64,True
request_67,user_67,2024-09-05,52,2024-10-27,3777.64,0.0,0.0,1200.0,2577.64,True
request_67,user_67,2024-09-05,53,2024-10-28,3777.64,0.0,0.0,1200.0,2577.64,True
request_67,user_67,2024-09-05,54,2024-10-29,3777.64,0.0,0.0,1200.0,2577.64,True
request_67,user_67,2024-09-05,55,2024-10-30,3777.64,0.0,0.0,1200.0,2577.64,True
request_67,user_67,2024-09-05,56,2024-10-31,3689.67,0.0,87.97,1200.0,2489.67,True
request_67,user_67,2024-09-05,57,2024-11-01,3650.42,0.0,39.25,1200.0,2450.42,True
request_67,user_67,2024-09-05,58,2024-11-02,3650.42,0.0,0.0,1200.0,2450.42,True
request_67,user_67,2024-09-05,59,2024-11-03,3650.42,0.0,0.0,1200.0,2450.42,True
request_67,user_67,2024-09-05,60,2024-11-04,3074.31,0.0,576.11,1200.0,1874.31,True
request_67,user_67,2024-09-05,61,2024-11-05,3074.31,0.0,0.0,1200.0,1874.31,True
request_67,user_67,2024-09-05,62,2024-11-06,3074.31,0.0,0.0,1200.0,1874.31,True
request_67,user_67,2024-09-05,63,2024-11-07,2986.34,0.0,87.97,1200.0,1786.34,True
request_67,user_67,2024-09-05,64,2024-11-08,2831.25,0.0,155.09,1200.0,1631.25,True
request_67,user_67,2024-09-05,65,2024-11-09,2831.25,0.0,0.0,1200.0,1631.25,True
request_67,user_67,2024-09-05,66,2024-11-10,2831.25,0.0,0.0,1200.0,1631.25,True
request_67,user_67,2024-09-05,67,2024-11-11,2831.25,0.0,0.0,1200.0,1631.25,True
request_67,user_67,2024-09-05,68,2024-11-12,2790.25,0.0,41.0,1200.0,1590.25,True
request_67,user_67,2024-09-05,69,2024-11-13,2763.25,0.0,27.0,1200.0,1563.25,True
request_67,user_67,2024-09-05,70,2024-11-14,2675.28,0.0,87.97,1200.0,1475.28,True
request_67,user_67,2024-09-05,71,2024-11-15,4665.71,2047.68,57.25,1200.0,3465.71,True
request_67,user_67,2024-09-05,72,2024-11-16,4601.32,0.0,64.39,1200.0,3401.32,True
request_67,user_67,2024-09-05,73,2024-11-17,4601.32,0.0,0.0,1200.0,3401.32,True
request_67,user_67,2024-09-05,74,2024-11-18,4540.01,0.0,61.31,1200.0,3340.01,True
request_67,user_67,2024-09-05,75,2024-11-19,4540.01,0.0,0.0,1200.0,3340.01,True
request_67,user_67,2024-09-05,76,2024-11-20,4540.01,0.0,0.0,1200.0,3340.01,True
request_67,user_67,2024-09-05,77,2024-11-21,4452.04,0.0,87.97,1200.0,3252.04,True
request_67,user_67,2024-09-05,78,2024-11-22,4412.79,0.0,39.25,1200.0,3212.79,True
request_67,user_67,2024-09-05,79,2024-11-23,4412.79,0.0,0.0,1200.0,3212.79,True
request_67,user_67,2024-09-05,80,2024-11-24,4412.79,0.0,0.0,1200.0,3212.79,True
request_67,user_67,2024-09-05,81,2024-11-25,4412.79,0.0,0.0,1200.0,3212.79,True
request_67,user_67,2024-09-05,82,2024-11-26,4412.79,0.0,0.0,1200.0,3212.79,True
request_67,user_67,2024-09-05,83,2024-11-27,4412.79,0.0,0.0,1200.0,3212.79,True
request_67,user_67,2024-09-05,84,2024-11-28,4324.82,0.0,87.97,1200.0,3124.82,True
request_67,user_67,2024-09-05,85,2024-11-29,4285.57,0.0,39.25,1200.0,3085.57,True
request_67,user_67,2024-09-05,86,2024-11-30,4285.57,0.0,0.0,1200.0,3085.57,True
request_67,user_67,2024-09-05,87,2024-12-01,4285.57,0.0,0.0,1200.0,3085.57,True
request_67,user_67,2024-09-05,88,2024-12-02,4224.26,0.0,61.31,1200.0,3024.26,True
request_67,user_67,2024-09-05,89,2024-12-03,4224.26,0.0,0.0,1200.0,3024.26,True
request_67,user_67,2024-09-05,90,2024-12-04,3709.46,0.0,514.8,1200.0,2509.46,True
request_68,user_68,2025-02-07,0,2025-02-07,3657.83,0.0,0.0,1500.0,2157.83,True
request_68,user_68,2025-02-07,1,2025-02-08,3657.83,0.0,0.0,1500.0,2157.83,True
request_68,user_68,2025-02-07,2,2025-02-09,3549.58,0.0,108.25,1500.0,2049.58,True
request_68,user_68,2025-02-07,3,2025-02-10,3371.58,0.0,178.0,1500.0,1871.58,True
request_68,user_68,2025-02-07,4,2025-02-11,3267.65,0.0,103.93,1500.0,1767.65,True
request_68,user_68,2025-02-07,5,2025-02-12,3013.07,0.0,254.58,1500.0,1513.07,True
request_68,user_68,2025-02-07,6,2025-02-13,3013.07,0.0,0.0,1500.0,1513.07,True
request_68,user_68,2025-02-07,7,2025-02-14,3013.07,0.0,0.0,1500.0,1513.07,True
request_68,user_68,2025-02-07,8,2025-02-15,3013.07,0.0,0.0,1500.0,1513.07,True
request_68,user_68,2025-02-07,9,2025-02-16,3013.07,0.0,0.0,1500.0,1513.07,True
request_68,user_68,2025-02-07,10,2025-02-17,3013.07,0.0,0.0,1500.0,1513.07,True
request_68,user_68,2025-02-07,11,2025-02-18,2919.14,0.0,93.93,1500.0,1419.14,True
request_68,user_68,2025-02-07,12,2025-02-19,2919.14,0.0,0.0,1500.0,1419.14,True
request_68,user_68,2025-02-07,13,2025-02-20,2919.14,0.0,0.0,1500.0,1419.14,True
request_68,user_68,2025-02-07,14,2025-02-21,2919.14,0.0,0.0,1500.0,1419.14,True
request_68,user_68,2025-02-07,15,2025-02-22,2919.14,0.0,0.0,1500.0,1419.14,True
request_68,user_68,2025-02-07,16,2025-02-23,5415.14,2496.0,0.0,1500.0,3915.14,True
request_68,user_68,2025-02-07,17,2025-02-24,5415.14,0.0,0.0,1500.0,3915.14,True
request_68,user_68,2025-02-07,18,2025-02-25,5321.21,0.0,93.93,1500.0,3821.21,True
request_68,user_68,2025-02-07,19,2025-02-26,5239.63,0.0,81.58,1500.0,3739.63,True
request_68,user_68,2025-02-07,20,2025-02-27,5239.63,0.0,0.0,1500.0,3739.63,True
request_68,user_68,2025-02-07,21,2025-02-28,5239.63,0.0,0.0,1500.0,3739.63,True
request_68,user_68,2025-02-07,22,2025-03-01,4489.63,0.0,750.0,1500.0,2989.63,True
request_68,user_68,2025-02-07,23,2025-03-02,4489.63,0.0,0.0,1500.0,2989.63,True
request_68,user_68,2025-02-07,24,2025-03-03,4489.63,0.0,0.0,1500.0,2989.63,True
request_68,user_68,2025-02-07,25,2025-03-04,4395.7,0.0,93.93,1500.0,2895.7,True
request_68,user_68,2025-02-07,26,2025-03-05,4244.69,0.0,151.01,1500.0,2744.69,True
request_68,user_68,2025-02-07,27,2025-03-06,4244.69,0.0,0.0,1500.0,2744.69,True
request_68,user_68,2025-02-07,28,2025-03-07,4244.69,0.0,0.0,1500.0,2744.69,True
request_68,user_68,2025-02-07,29,2025-03-08,4244.69,0.0,0.0,1500.0,2744.69,True
request_68,user_68,2025-02-07,30,2025-03-09,4136.44,0.0,108.25,1500.0,2636.44,True
request_68,user_68,2025-02-07,31,2025-03-10,3958.44,0.0,178.0,1500.0,2458.44,True
request_68,user_68,2025-02-07,32,2025-03-11,3854.51,0.0,103.93,1500.0,2354.51,True
request_68,user_68,2025-02-07,33,2025-03-12,3599.93,0.0,254.58,1500.0,2099.93,True
request_68,user_68,2025-02-07,34,2025-03-13,3599.93,0.0,0.0,1500.0,2099.93,True
request_68,user_68,2025-02-07,35,2025-03-14,3599.93,0.0,0.0,1500.0,2099.93,True
request_68,user_68,2025-02-07,36,2025-03-15,3599.93,0.0,0.0,1500.0,2099.93,True
request_68,user_68,2025-02-07,37,2025-03-16,3599.93,0.0,0.0,1500.0,2099.93,True
request_68,user_68,2025-02-07,38,2025-03-17,3599.93,0.0,0.0,1500.0,2099.93,True
request_68,user_68,2025-02-07,39,2025-03-18,3506.0,0.0,93.93,1500.0,2006.0,True
request_68,user_68,2025-02-07,40,2025-03-19,3506.0,0.0,0.0,1500.0,2006.0,True
request_68,user_68,2025-02-07,41,2025-03-20,3506.0,0.0,0.0,1500.0,2006.0,True
request_68,user_68,2025-02-07,42,2025-03-21,3506.0,0.0,0.0,1500.0,2006.0,True
request_68,user_68,2025-02-07,43,2025-03-22,3506.0,0.0,0.0,1500.0,2006.0,True
request_68,user_68,2025-02-07,44,2025-03-23,6002.0,2496.0,0.0,1500.0,4502.0,True
request_68,user_68,2025-02-07,45,2025-03-24,6002.0,0.0,0.0,1500.0,4502.0,True
request_68,user_68,2025-02-07,46,2025-03-25,5908.07,0.0,93.93,1500.0,4408.07,True
request_68,user_68,2025-02-07,47,2025-03-26,5826.49,0.0,81.58,1500.0,4326.49,True
request_68,user_68,2025-02-07,48,2025-03-27,5826.49,0.0,0.0,1500.0,4326.49,True
request_68,user_68,2025-02-07,49,2025-03-28,5826.49,0.0,0.0,1500.0,4326.49,True
request_68,user_68,2025-02-07,50,2025-03-29,5826.49,0.0,0.0,1500.0,4326.49,True
request_68,user_68,2025-02-07,51,2025-03-30,5826.49,0.0,0.0,1500.0,4326.49,True
request_68,user_68,2025-02-07,52,2025-03-31,5826.49,0.0,0.0,1500.0,4326.49,True
request_68,user_68,2025-02-07,53,2025-04-01,4982.56,0.0,843.93,1500.0,3482.56,True
request_68,user_68,2025-02-07,54,2025-04-02,4982.56,0.0,0.0,1500.0,3482.56,True
request_68,user_68,2025-02-07,55,2025-04-03,4982.56,0.0,0.0,1500.0,3482.56,True
request_68,user_68,2025-02-07,56,2025-04-04,4982.56,0.0,0.0,1500.0,3482.56,True
request_68,user_68,2025-02-07,57,2025-04-05,4831.55,0.0,151.01,1500.0,3331.55,True
request_68,user_68,2025-02-07,58,2025-04-06,4831.55,0.0,0.0,1500.0,3331.55,True
request_68,user_68,2025-02-07,59,2025-04-07,4831.55,0.0,0.0,1500.0,3331.55,True
request_68,user_68,2025-02-07,60,2025-04-08,4737.62,0.0,93.93,1500.0,3237.62,True
request_68,user_68,2025-02-07,61,2025-04-09,4547.79,0.0,189.83,1500.0,3047.79,True
request_68,user_68,2025-02-07,62,2025-04-10,4369.79,0.0,178.0,1500.0,2869.79,True
request_68,user_68,2025-02-07,63,2025-04-11,4359.79,0.0,10.0,1500.0,2859.79,True
request_68,user_68,2025-02-07,64,2025-04-12,4186.79,0.0,173.0,1500.0,2686.79,True
request_68,user_68,2025-02-07,65,2025-04-13,4186.79,0.0,0.0,1500.0,2686.79,True
request_68,user_68,2025-02-07,66,2025-04-14,4186.79,0.0,0.0,1500.0,2686.79,True
request_68,user_68,2025-02-07,67,2025-04-15,4092.86,0.0,93.93,1500.0,2592.86,True
request_68,user_68,2025-02-07,68,2025-04-16,4092.86,0.0,0.0,1500.0,2592.86,True
request_68,user_68,2025-02-07,69,2025-04-17,4092.86,0.0,0.0,1500.0,2592.86,True
request_68,user_68,2025-02-07,70,2025-04-18,4092.86,0.0,0.0,1500.0,2592.86,True
request_68,user_68,2025-02-07,71,2025-04-19,4092.86,0.0,0.0,1500.0,2592.86,True
request_68,user_68,2025-02-07,72,2025-04-20,4092.86,0.0,0.0,1500.0,2592.86,True
request_68,user_68,2025-02-07,73,2025-04-21,4092.86,0.0,0.0,1500.0,2592.86,True
request_68,user_68,2025-02-07,74,2025-04-22,3998.93,0.0,93.93,1500.0,2498.93,True
request_68,user_68,2025-02-07,75,2025-04-23,6413.35,2496.0,81.58,1500.0,4913.35,True
request_68,user_68,2025-02-07,76,2025-04-24,6413.35,0.0,0.0,1500.0,4913.35,True
request_68,user_68,2025-02-07,77,2025-04-25,6413.35,0.0,0.0,1500.0,4913.35,True
request_68,user_68,2025-02-07,78,2025-04-26,6413.35,0.0,0.0,1500.0,4913.35,True
request_68,user_68,2025-02-07,79,2025-04-27,6413.35,0.0,0.0,1500.0,4913.35,True
request_68,user_68,2025-02-07,80,2025-04-28,6413.35,0.0,0.0,1500.0,4913.35,True
request_68,user_68,2025-02-07,81,2025-04-29,6319.42,0.0,93.93,1500.0,4819.42,True
request_68,user_68,2025-02-07,82,2025-04-30,6319.42,0.0,0.0,1500.0,4819.42,True
request_68,user_68,2025-02-07,83,2025-05-01,5569.42,0.0,750.0,1500.0,4069.42,True
request_68,user_68,2025-02-07,84,2025-05-02,5569.42,0.0,0.0,1500.0,4069.42,True
request_68,user_68,2025-02-07,85,2025-05-03,5569.42,0.0,0.0,1500.0,4069.42,True
request_68,user_68,2025-02-07,86,2025-05-04,5569.42,0.0,0.0,1500.0,4069.42,True
request_68,user_68,2025-02-07,87,2025-05-05,5418.41,0.0,151.01,1500.0,3918.41,True
request_68,user_68,2025-02-07,88,2025-05-06,5324.48,0.0,93.93,1500.0,3824.48,True
request_68,user_68,2025-02-07,89,2025-05-07,5242.9,0.0,81.58,1500.0,3742.9,True
request_68,user_68,2025-02-07,90,2025-05-08,5242.9,0.0,0.0,1500.0,3742.9,True
request_69,user_69,2026-01-04,0,2026-01-04,1639.5,0.0,0.0,700.0,939.5,True
request_69,user_69,2026-01-04,1,2026-01-05,1639.5,0.0,0.0,700.0,939.5,True
request_69,user_69,2026-01-04,2,2026-01-06,1560.93,0.0,78.57,700.0,860.93,True
request_69,user_69,2026-01-04,3,2026-01-07,1560.93,0.0,0.0,700.0,860.93,True
request_69,user_69,2026-01-04,4,2026-01-08,1560.93,0.0,0.0,700.0,860.93,True
request_69,user_69,2026-01-04,5,2026-01-09,1483.37,0.0,77.56,700.0,783.37,True
request_69,user_69,2026-01-04,6,2026-01-10,1452.77,0.0,30.6,700.0,752.77,True
request_69,user_69,2026-01-04,7,2026-01-11,1296.18,0.0,156.59,700.0,596.18,True
request_69,user_69,2026-01-04,8,2026-01-12,1286.18,0.0,10.0,700.0,586.18,True
request_69,user_69,2026-01-04,9,2026-01-13,1286.18,0.0,0.0,700.0,586.18,True
request_69,user_69,2026-01-04,10,2026-01-14,1286.18,0.0,0.0,700.0,586.18,True
request_69,user_69,2026-01-04,11,2026-01-15,2463.18,1177.0,0.0,700.0,1763.18,True
request_69,user_69,2026-01-04,12,2026-01-16,2409.62,0.0,53.56,700.0,1709.62,True
request_69,user_69,2026-01-04,13,2026-01-17,2379.02,0.0,30.6,700.0,1679.02,True
request_69,user_69,2026-01-04,14,2026-01-18,2379.02,0.0,0.0,700.0,1679.02,True
request_69,user_69,2026-01-04,15,2026-01-19,2379.02,0.0,0.0,700.0,1679.02,True
request_69,user_69,2026-01-04,16,2026-01-20,2379.02,0.0,0.0,700.0,1679.02,True
request_69,user_69,2026-01-04,17,2026-01-21,2379.02,0.0,0.0,700.0,1679.02,True
request_69,user_69,2026-01-04,18,2026-01-22,2379.02,0.0,0.0,700.0,1679.02,True
request_69,user_69,2026-01-04,19,2026-01-23,2325.46,0.0,53.56,700.0,1625.46,True
request_69,user_69,2026-01-04,20,2026-01-24,2294.86,0.0,30.6,700.0,1594.86,True
request_69,user_69,2026-01-04,21,2026-01-25,2259.27,0.0,35.59,700.0,1559.27,True
request_69,user_69,2026-01-04,22,2026-01-26,2259.27,0.0,0.0,700.0,1559.27,True
request_69,user_69,2026-01-04,23,2026-01-27,2259.27,0.0,0.0,700.0,1559.27,True
request_69,user_69,2026-01-04,24,2026-01-28,2259.27,0.0,0.0,700.0,1559.27,True
request_69,user_69,2026-01-04,25,2026-01-29,2259.27,0.0,0.0,700.0,1559.27,True
request_69,user_69,2026-01-04,26,2026-01-30,2205.71,0.0,53.56,700.0,1505.71,True
request_69,user_69,2026-01-04,27,2026-01-31,2175.11,0.0,30.6,700.0,1475.11,True
request_69,user_69,2026-01-04,28,2026-02-01,2175.11,0.0,0.0,700.0,1475.11,True
request_69,user_69,2026-01-04,29,2026-02-02,1740.21,0.0,434.9,700.0,1040.21,True
request_69,user_69,2026-01-04,30,2026-02-03,1740.21,0.0,0.0,700.0,1040.21,True
request_69,user_69,2026-01-04,31,2026-02-04,1740.21,0.0,0.0,700.0,1040.21,True
request_69,user_69,2026-01-04,32,2026-02-05,1740.21,0.0,0.0,700.0,1040.21,True
request_69,user_69,2026-01-04,33,2026-02-06,1608.08,0.0,132.13,700.0,908.08,True
request_69,user_69,2026-01-04,34,2026-02-07,1577.48,0.0,30.6,700.0,877.48,True
request_69,user_69,2026-01-04,35,2026-02-08,1541.89,0.0,35.59,700.0,841.89,True
request_69,user_69,2026-01-04,36,2026-02-09,1517.89,0.0,24.0,700.0,817.89,True
request_69,user_69,2026-01-04,37,2026-02-10,1517.89,0.0,0.0,700.0,817.89,True
request_69,user_69,2026-01-04,38,2026-02-11,1396.89,0.0,121.0,700.0,696.89,True
request_69,user_69,2026-01-04,39,2026-02-12,1386.89,0.0,10.0,700.0,686.89,True
request_69,user_69,2026-01-04,40,2026-02-13,1333.33,0.0,53.56,700.0,633.33,True
request_69,user_69,2026-01-04,41,2026-02-14,1302.73,0.0,30.6,700.0,602.73,True
request_69,user_69,2026-01-04,42,2026-02-15,2479.73,1177.0,0.0,700.0,1779.73,True
request_69,user_69,2026-01-04,43,2026-02-16,2479.73,0.0,0.0,700.0,1779.73,True
request_69,user_69,2026-01-04,44,2026-02-17,2479.73,0.0,0.0,700.0,1779.73,True
request_69,user_69,2026-01-04,45,2026-02-18,2479.73,0.0,0.0,700.0,1779.73,True
request_69,user_69,2026-01-04,46,2026-02-19,2479.73,0.0,0.0,700.0,1779.73,True
request_69,user_69,2026-01-04,47,2026-02-20,2426.17,0.0,53.56,700.0,1726.17,True
request_69,user_69,2026-01-04,48,2026-02-21,2395.57,0.0,30.6,700.0,1695.57,True
request_69,user_69,2026-01-04,49,2026-02-22,2359.98,0.0,35.59,700.0,1659.98,True
request_69,user_69,2026-01-04,50,2026-02-23,2359.98,0.0,0.0,700.0,1659.98,True
request_69,user_69,2026-01-04,51,2026-02-24,2359.98,0.0,0.0,700.0,1659.98,True
request_69,user_69,2026-01-04,52,2026-02-25,2359.98,0.0,0.0,700.0,1659.98,True
request_69,user_69,2026-01-04,53,2026-02-26,2359.98,0.0,0.0,700.0,1659.98,True
request_69,user_69,2026-01-04,54,2026-02-27,2306.42,0.0,53.56,700.0,1606.42,True
request_69,user_69,2026-01-04,55,2026-02-28,2275.82,0.0,30.6,700.0,1575.82,True
request_69,user_69,2026-01-04,56,2026-03-01,2275.82,0.0,0.0,700.0,1575.82,True
request_69,user_69,2026-01-04,57,2026-03-02,1840.93,0.0,434.9,700.0,1140.93,True
request_69,user_69,2026-01-04,58,2026-03-03,1840.93,0.0,0.0,700.0,1140.93,True
request_69,user_69,2026-01-04,59,2026-03-04,1840.93,0.0,0.0,700.0,1140.93,True
request_69,user_69,2026-01-04,60,2026-03-05,1840.93,0.0,0.0,700.0,1140.93,True
request_69,user_69,2026-01-04,61,2026-03-06,1708.8,0.0,132.13,700.0,1008.8,True
request_69,user_69,2026-01-04,62,2026-03-07,1678.2,0.0,30.6,700.0,978.2,True
request_69,user_69,2026-01-04,63,2026-03-08,1642.61,0.0,35.59,700.0,942.61,True
request_69,user_69,2026-01-04,64,2026-03-09,1618.61,0.0,24.0,700.0,918.61,True
request_69,user_69,2026-01-04,65,2026-03-10,1618.61,0.0,0.0,700.0,918.61,True
request_69,user_69,2026-01-04,66,2026-03-11,1497.61,0.0,121.0,700.0,797.61,True
request_69,user_69,2026-01-04,67,2026-03-12,1487.61,0.0,10.0,700.0,787.61,True
request_69,user_69,2026-01-04,68,2026-03-13,1434.05,0.0,53.56,700.0,734.05,True
request_69,user_69,2026-01-04,69,2026-03-14,1403.45,0.0,30.6,700.0,703.45,True
request_69,user_69,2026-01-04,70,2026-03-15,2580.45,1177.0,0.0,700.0,1880.45,True
request_69,user_69,2026-01-04,71,2026-03-16,2580.45,0.0,0.0,700.0,1880.45,True
request_69,user_69,2026-01-04,72,2026-03-17,2580.45,0.0,0.0,700.0,1880.45,True
request_69,user_69,2026-01-04,73,2026-03-18,2580.45,0.0,0.0,700.0,1880.45,True
request_69,user_69,2026-01-04,74,2026-03-19,2580.45,0.0,0.0,700.0,1880.45,True
request_69,user_69,2026-01-04,75,2026-03-20,2526.89,0.0,53.56,700.0,1826.89,True
request_69,user_69,2026-01-04,76,2026-03-21,2496.29,0.0,30.6,700.0,1796.29,True
request_69,user_69,2026-01-04,77,2026-03-22,2460.7,0.0,35.59,700.0,1760.7,True
request_69,user_69,2026-01-04,78,2026-03-23,2460.7,0.0,0.0,700.0,1760.7,True
request_69,user_69,2026-01-04,79,2026-03-24,2460.7,0.0,0.0,700.0,1760.7,True
request_69,user_69,2026-01-04,80,2026-03-25,2460.7,0.0,0.0,700.0,1760.7,True
request_69,user_69,2026-01-04,81,2026-03-26,2460.7,0.0,0.0,700.0,1760.7,True
request_69,user_69,2026-01-04,82,2026-03-27,2407.14,0.0,53.56,700.0,1707.14,True
request_69,user_69,2026-01-04,83,2026-03-28,2376.54,0.0,30.6,700.0,1676.54,True
request_69,user_69,2026-01-04,84,2026-03-29,2376.54,0.0,0.0,700.0,1676.54,True
request_69,user_69,2026-01-04,85,2026-03-30,2376.54,0.0,0.0,700.0,1676.54,True
request_69,user_69,2026-01-04,86,2026-03-31,2376.54,0.0,0.0,700.0,1676.54,True
request_69,user_69,2026-01-04,87,2026-04-01,2376.54,0.0,0.0,700.0,1676.54,True
request_69,user_69,2026-01-04,88,2026-04-02,1941.64,0.0,434.9,700.0,1241.64,True
request_69,user_69,2026-01-04,89,2026-04-03,1888.08,0.0,53.56,700.0,1188.08,True
request_69,user_69,2026-01-04,90,2026-04-04,1857.48,0.0,30.6,700.0,1157.48,True
request_70,user_70,2024-12-06,0,2024-12-06,208360.0,0.0,0.0,115000.0,93360.0,True
request_70,user_70,2024-12-06,1,2024-12-07,195642.21,0.0,12717.79,115000.0,80642.21,True
request_70,user_70,2024-12-06,2,2024-12-08,195642.21,0.0,0.0,115000.0,80642.21,True
request_70,user_70,2024-12-06,3,2024-12-09,195642.21,0.0,0.0,115000.0,80642.21,True
request_70,user_70,2024-12-06,4,2024-12-10,195642.21,0.0,0.0,115000.0,80642.21,True
request_70,user_70,2024-12-06,5,2024-12-11,195642.21,0.0,0.0,115000.0,80642.21,True
request_70,user_70,2024-12-06,6,2024-12-12,164475.42,0.0,31166.79,115000.0,49475.42,True
request_70,user_70,2024-12-06,7,2024-12-13,164475.42,0.0,0.0,115000.0,49475.42,True
request_70,user_70,2024-12-06,8,2024-12-14,164475.42,0.0,0.0,115000.0,49475.42,True
request_70,user_70,2024-12-06,9,2024-12-15,367475.42,203000.0,0.0,115000.0,252475.42,True
request_70,user_70,2024-12-06,10,2024-12-16,367475.42,0.0,0.0,115000.0,252475.42,True
request_70,user_70,2024-12-06,11,2024-12-17,367475.42,0.0,0.0,115000.0,252475.42,True
request_70,user_70,2024-12-06,12,2024-12-18,367475.42,0.0,0.0,115000.0,252475.42,True
request_70,user_70,2024-12-06,13,2024-12-19,367475.42,0.0,0.0,115000.0,252475.42,True
request_70,user_70,2024-12-06,14,2024-12-20,363214.67,0.0,4260.75,115000.0,248214.67,True
request_70,user_70,2024-12-06,15,2024-12-21,356352.77,0.0,6861.9,115000.0,241352.77,True
request_70,user_70,2024-12-06,16,2024-12-22,356352.77,0.0,0.0,115000.0,241352.77,True
request_70,user_70,2024-12-06,17,2024-12-23,356352.77,0.0,0.0,115000.0,241352.77,True
request_70,user_70,2024-12-06,18,2024-12-24,356352.77,0.0,0.0,115000.0,241352.77,True
request_70,user_70,2024-12-06,19,2024-12-25,356352.77,0.0,0.0,115000.0,241352.77,True
request_70,user_70,2024-12-06,20,2024-12-26,345875.98,0.0,10476.79,115000.0,230875.98,True
request_70,user_70,2024-12-06,21,2024-12-27,345875.98,0.0,0.0,115000.0,230875.98,True
request_70,user_70,2024-12-06,22,2024-12-28,345875.98,0.0,0.0,115000.0,230875.98,True
request_70,user_70,2024-12-06,23,2024-12-29,345875.98,0.0,0.0,115000.0,230875.98,True
request_70,user_70,2024-12-06,24,2024-12-30,345875.98,0.0,0.0,115000.0,230875.98,True
request_70,user_70,2024-12-06,25,2024-12-31,345875.98,0.0,0.0,115000.0,230875.98,True
request_70,user_70,2024-12-06,26,2025-01-01,345875.98,0.0,0.0,115000.0,230875.98,True
request_70,user_70,2024-12-06,27,2025-01-02,345875.98,0.0,0.0,115000.0,230875.98,True
request_70,user_70,2024-12-06,28,2025-01-03,279775.98,0.0,66100.0,115000.0,164775.98,True
request_70,user_70,2024-12-06,29,2025-01-04,279775.98,0.0,0.0,115000.0,164775.98,True
request_70,user_70,2024-12-06,30,2025-01-05,279775.98,0.0,0.0,115000.0,164775.98,True
request_70,user_70,2024-12-06,31,2025-01-06,279775.98,0.0,0.0,115000.0,164775.98,True
request_70,user_70,2024-12-06,32,2025-01-07,267058.19,0.0,12717.79,115000.0,152058.19,True
request_70,user_70,2024-12-06,33,2025-01-08,267058.19,0.0,0.0,115000.0,152058.19,True
request_70,user_70,2024-12-06,34,2025-01-09,256581.4,0.0,10476.79,115000.0,141581.4,True
request_70,user_70,2024-12-06,35,2025-01-10,252320.65,0.0,4260.75,115000.0,137320.65,True
request_70,user_70,2024-12-06,36,2025-01-11,245458.75,0.0,6861.9,115000.0,130458.75,True
request_70,user_70,2024-12-06,37,2025-01-12,224768.75,0.0,20690.0,115000.0,109768.75,True
request_70,user_70,2024-12-06,38,2025-01-13,224768.75,0.0,0.0,115000.0,109768.75,True
request_70,user_70,2024-12-06,39,2025-01-14,224768.75,0.0,0.0,115000.0,109768.75,True
request_70,user_70,2024-12-06,40,2025-01-15,427768.75,203000.0,0.0,115000.0,312768.75,True
request_70,user_70,2024-12-06,41,2025-01-16,427768.75,0.0,0.0,115000.0,312768.75,True
request_70,user_70,2024-12-06,42,2025-01-17,427768.75,0.0,0.0,115000.0,312768.75,True
request_70,user_70,2024-12-06,43,2025-01-18,427768.75,0.0,0.0,115000.0,312768.75,True
request_70,user_70,2024-12-06,44,2025-01-19,427768.75,0.0,0.0,115000.0,312768.75,True
request_70,user_70,2024-12-06,45,2025-01-20,427768.75,0.0,0.0,115000.0,312768.75,True
request_70,user_70,2024-12-06,46,2025-01-21,427768.75,0.0,0.0,115000.0,312768.75,True
request_70,user_70,2024-12-06,47,2025-01-22,427768.75,0.0,0.0,115000.0,312768.75,True
request_70,user_70,2024-12-06,48,2025-01-23,417291.96,0.0,10476.79,115000.0,302291.96,True
request_70,user_70,2024-12-06,49,2025-01-24,417291.96,0.0,0.0,115000.0,302291.96,True
request_70,user_70,2024-12-06,50,2025-01-25,417291.96,0.0,0.0,115000.0,302291.96,True
request_70,user_70,2024-12-06,51,2025-01-26,417291.96,0.0,0.0,115000.0,302291.96,True
request_70,user_70,2024-12-06,52,2025-01-27,417291.96,0.0,0.0,115000.0,302291.96,True
request_70,user_70,2024-12-06,53,2025-01-28,417291.96,0.0,0.0,115000.0,302291.96,True
request_70,user_70,2024-12-06,54,2025-01-29,417291.96,0.0,0.0,115000.0,302291.96,True
request_70,user_70,2024-12-06,55,2025-01-30,417291.96,0.0,0.0,115000.0,302291.96,True
request_70,user_70,2024-12-06,56,2025-01-31,413031.21,0.0,4260.75,115000.0,298031.21,True
request_70,user_70,2024-12-06,57,2025-02-01,406169.31,0.0,6861.9,115000.0,291169.31,True
request_70,user_70,2024-12-06,58,2025-02-02,406169.31,0.0,0.0,115000.0,291169.31,True
request_70,user_70,2024-12-06,59,2025-02-03,340069.31,0.0,66100.0,115000.0,225069.31,True
request_70,user_70,2024-12-06,60,2025-02-04,340069.31,0.0,0.0,115000.0,225069.31,True
request_70,user_70,2024-12-06,61,2025-02-05,340069.31,0.0,0.0,115000.0,225069.31,True
request_70,user_70,2024-12-06,62,2025-02-06,329592.52,0.0,10476.79,115000.0,214592.52,True
request_70,user_70,2024-12-06,63,2025-02-07,316874.73,0.0,12717.79,115000.0,201874.73,True
request_70,user_70,2024-12-06,64,2025-02-08,316874.73,0.0,0.0,115000.0,201874.73,True
request_70,user_70,2024-12-06,65,2025-02-09,316874.73,0.0,0.0,115000.0,201874.73,True
request_70,user_70,2024-12-06,66,2025-02-10,316874.73,0.0,0.0,115000.0,201874.73,True
request_70,user_70,2024-12-06,67,2025-02-11,316874.73,0.0,0.0,115000.0,201874.73,True
request_70,user_70,2024-12-06,68,2025-02-12,296184.73,0.0,20690.0,115000.0,181184.73,True
request_70,user_70,2024-12-06,69,2025-02-13,296184.73,0.0,0.0,115000.0,181184.73,True
request_70,user_70,2024-12-06,70,2025-02-14,296184.73,0.0,0.0,115000.0,181184.73,True
request_70,user_70,2024-12-06,71,2025-02-15,499184.73,203000.0,0.0,115000.0,384184.73,True
request_70,user_70,2024-12-06,72,2025-02-16,499184.73,0.0,0.0,115000.0,384184.73,True
request_70,user_70,2024-12-06,73,2025-02-17,499184.73,0.0,0.0,115000.0,384184.73,True
request_70,user_70,2024-12-06,74,2025-02-18,499184.73,0.0,0.0,115000.0,384184.73,True
request_70,user_70,2024-12-06,75,2025-02-19,499184.73,0.0,0.0,115000.0,384184.73,True
request_70,user_70,2024-12-06,76,2025-02-20,488707.94,0.0,10476.79,115000.0,373707.94,True
request_70,user_70,2024-12-06,77,2025-02-21,484447.19,0.0,4260.75,115000.0,369447.19,True
request_70,user_70,2024-12-06,78,2025-02-22,477585.29,0.0,6861.9,115000.0,362585.29,True
request_70,user_70,2024-12-06,79,2025-02-23,477585.29,0.0,0.0,115000.0,362585.29,True
request_70,user_70,2024-12-06,80,2025-02-24,477585.29,0.0,0.0,115000.0,362585.29,True
request_70,user_70,2024-12-06,81,2025-02-25,477585.29,0.0,0.0,115000.0,362585.29,True
request_70,user_70,2024-12-06,82,2025-02-26,477585.29,0.0,0.0,115000.0,362585.29,True
request_70,user_70,2024-12-06,83,2025-02-27,477585.29,0.0,0.0,115000.0,362585.29,True
request_70,user_70,2024-12-06,84,2025-02-28,477585.29,0.0,0.0,115000.0,362585.29,True
request_70,user_70,2024-12-06,85,2025-03-01,477585.29,0.0,0.0,115000.0,362585.29,True
request_70,user_70,2024-12-06,86,2025-03-02,477585.29,0.0,0.0,115000.0,362585.29,True
request_70,user_70,2024-12-06,87,2025-03-03,411485.29,0.0,66100.0,115000.0,296485.29,True
request_70,user_70,2024-12-06,88,2025-03-04,411485.29,0.0,0.0,115000.0,296485.29,True
request_70,user_70,2024-12-06,89,2025-03-05,411485.29,0.0,0.0,115000.0,296485.29,True
request_70,user_70,2024-12-06,90,2025-03-06,401008.5,0.0,10476.79,115000.0,286008.5,True
request_71,user_71,2025-05-03,0,2025-05-03,16369850.0,0.0,0.0,8884800.0,7485050.0,True
request_71,user_71,2025-05-03,1,2025-05-04,12451385.72,0.0,3918464.28,8884800.0,3566585.72,True
request_71,user_71,2025-05-03,2,2025-05-05,12451385.72,0.0,0.0,8884800.0,3566585.72,True
request_71,user_71,2025-05-03,3,2025-05-06,12451385.72,0.0,0.0,8884800.0,3566585.72,True
request_71,user_71,2025-05-03,4,2025-05-07,12089754.17,0.0,361631.55,8884800.0,3204954.17,True
request_71,user_71,2025-05-03,5,2025-05-08,10754301.27,0.0,1335452.9,8884800.0,1869501.27,True
request_71,user_71,2025-05-03,6,2025-05-09,10196936.99,0.0,557364.28,8884800.0,1312136.99,True
request_71,user_71,2025-05-03,7,2025-05-10,10196936.99,0.0,0.0,8884800.0,1312136.99,True
request_71,user_71,2025-05-03,8,2025-05-11,9989836.99,0.0,207100.0,8884800.0,1105036.99,True
request_71,user_71,2025-05-03,9,2025-05-12,9989836.99,0.0,0.0,8884800.0,1105036.99,True
request_71,user_71,2025-05-03,10,2025-05-13,9989836.99,0.0,0.0,8884800.0,1105036.99,True
request_71,user_71,2025-05-03,11,2025-05-14,9299791.16,0.0,690045.83,8884800.0,414991.16,True
request_71,user_71,2025-05-03,12,2025-05-15,9300487.16,696.0,0.0,8884800.0,415687.16,True
request_71,user_71,2025-05-03,13,2025-05-16,8885633.67,0.0,414853.49,8884800.0,833.67,True
request_71,user_71,2025-05-03,14,2025-05-17,8885633.67,0.0,0.0,8884800.0,833.67,True
request_71,user_71,2025-05-03,15,2025-05-18,8325225.99,0.0,560407.68,8884800.0,-559574.01,False
request_71,user_71,2025-05-03,16,2025-05-19,8054761.71,0.0,270464.28,8884800.0,-830038.29,False
request_71,user_71,2025-05-03,17,2025-05-20,8054761.71,0.0,0.0,8884800.0,-830038.29,False
request_71,user_71,2025-05-03,18,2025-05-21,7693130.16,0.0,361631.55,8884800.0,-1191669.84,False
request_71,user_71,2025-05-03,19,2025-05-22,7693130.16,0.0,0.0,8884800.0,-1191669.84,False
request_71,user_71,2025-05-03,20,2025-05-23,7693130.16,0.0,0.0,8884800.0,-1191669.84,False
request_71,user_71,2025-05-03,21,2025-05-24,7422665.88,0.0,270464.28,8884800.0,-1462134.12,False
request_71,user_71,2025-05-03,22,2025-05-25,7422665.88,0.0,0.0,8884800.0,-1462134.12,False
request_71,user_71,2025-05-03,23,2025-05-26,7422665.88,0.0,0.0,8884800.0,-1462134.12,False
request_71,user_71,2025-05-03,24,2025-05-27,7422665.88,0.0,0.0,8884800.0,-1462134.12,False
request_71,user_71,2025-05-03,25,2025-05-28,6500626.65,0.0,922039.23,8884800.0,-2384173.35,False
request_71,user_71,2025-05-03,26,2025-05-29,6230162.37,0.0,270464.28,8884800.0,-2654637.63,False
request_71,user_71,2025-05-03,27,2025-05-30,6230162.37,0.0,0.0,8884800.0,-2654637.63,False
request_71,user_71,2025-05-03,28,2025-05-31,6230162.37,0.0,0.0,8884800.0,-2654637.63,False
request_71,user_71,2025-05-03,29,2025-06-01,6230162.37,0.0,0.0,8884800.0,-2654637.63,False
request_71,user_71,2025-05-03,30,2025-06-02,6230162.37,0.0,0.0,8884800.0,-2654637.63,False
request_71,user_71,2025-05-03,31,2025-06-03,5959698.09,0.0,270464.28,8884800.0,-2925101.91,False
request_71,user_71,2025-05-03,32,2025-06-04,1950066.54,0.0,4009631.55,8884800.0,-6934733.46,False
request_71,user_71,2025-05-03,33,2025-06-05,1950066.54,0.0,0.0,8884800.0,-6934733.46,False
request_71,user_71,2025-05-03,34,2025-06-06,1950066.54,0.0,0.0,8884800.0,-6934733.46,False
request_71,user_71,2025-05-03,35,2025-06-07,1389658.86,0.0,560407.68,8884800.0,-7495141.14,False
request_71,user_71,2025-05-03,36,2025-06-08,344149.36,0.0,1045509.5,8884800.0,-8540650.64,False
request_71,user_71,2025-05-03,37,2025-06-09,57249.36,0.0,286900.0,8884800.0,-8827550.64,False
request_71,user_71,2025-05-03,38,2025-06-10,57249.36,0.0,0.0,8884800.0,-8827550.64,False
request_71,user_71,2025-05-03,39,2025-06-11,-511482.19,0.0,568731.55,8884800.0,-9396282.19,False
request_71,user_71,2025-05-03,40,2025-06-12,-511482.19,0.0,0.0,8884800.0,-9396282.19,False
request_71,user_71,2025-05-03,41,2025-06-13,-781946.47,0.0,270464.28,8884800.0,-9666746.47,False
request_71,user_71,2025-05-03,42,2025-06-14,-839896.47,0.0,57950.0,8884800.0,-9724696.47,False
request_71,user_71,2025-05-03,43,2025-06-15,-839200.47,696.0,0.0,8884800.0,-9724000.47,False
request_71,user_71,2025-05-03,44,2025-06-16,-1254053.96,0.0,414853.49,8884800.0,-10138853.96,False
request_71,user_71,2025-05-03,45,2025-06-17,-1814461.64,0.0,560407.68,8884800.0,-10699261.64,False
request_71,user_71,2025-05-03,46,2025-06-18,-2446557.47,0.0,632095.83,8884800.0,-11331357.47,False
request_71,user_71,2025-05-03,47,2025-06-19,-2446557.47,0.0,0.0,8884800.0,-11331357.47,False
request_71,user_71,2025-05-03,48,2025-06-20,-2446557.47,0.0,0.0,8884800.0,-11331357.47,False
request_71,user_71,2025-05-03,49,2025-06-21,-2446557.47,0.0,0.0,8884800.0,-11331357.47,False
request_71,user_71,2025-05-03,50,2025-06-22,-2446557.47,0.0,0.0,8884800.0,-11331357.47,False
request_71,user_71,2025-05-03,51,2025-06-23,-2717021.75,0.0,270464.28,8884800.0,-11601821.75,False
request_71,user_71,2025-05-03,52,2025-06-24,-2717021.75,0.0,0.0,8884800.0,-11601821.75,False
request_71,user_71,2025-05-03,53,2025-06-25,-3078653.3,0.0,361631.55,8884800.0,-11963453.3,False
request_71,user_71,2025-05-03,54,2025-06-26,-3078653.3,0.0,0.0,8884800.0,-11963453.3,False
request_71,user_71,2025-05-03,55,2025-06-27,-3639060.98,0.0,560407.68,8884800.0,-12523860.98,False
request_71,user_71,2025-05-03,56,2025-06-28,-3909525.26,0.0,270464.28,8884800.0,-12794325.26,False
request_71,user_71,2025-05-03,57,2025-06-29,-3909525.26,0.0,0.0,8884800.0,-12794325.26,False
request_71,user_71,2025-05-03,58,2025-06-30,-3909525.26,0.0,0.0,8884800.0,-12794325.26,False
request_71,user_71,2025-05-03,59,2025-07-01,-3909525.26,0.0,0.0,8884800.0,-12794325.26,False
request_71,user_71,2025-05-03,60,2025-07-02,-4271156.81,0.0,361631.55,8884800.0,-13155956.81,False
request_71,user_71,2025-05-03,61,2025-07-03,-4541621.09,0.0,270464.28,8884800.0,-13426421.09,False
request_71,user_71,2025-05-03,62,2025-07-04,-8189621.09,0.0,3648000.0,8884800.0,-17074421.09,False
request_71,user_71,2025-05-03,63,2025-07-05,-8189621.09,0.0,0.0,8884800.0,-17074421.09,False
request_71,user_71,2025-05-03,64,2025-07-06,-8189621.09,0.0,0.0,8884800.0,-17074421.09,False
request_71,user_71,2025-05-03,65,2025-07-07,-8750028.77,0.0,560407.68,8884800.0,-17634828.77,False
request_71,user_71,2025-05-03,66,2025-07-08,-9795538.27,0.0,1045509.5,8884800.0,-18680338.27,False
request_71,user_71,2025-05-03,67,2025-07-09,-10444069.82,0.0,648531.55,8884800.0,-19328869.82,False
request_71,user_71,2025-05-03,68,2025-07-10,-10444069.82,0.0,0.0,8884800.0,-19328869.82,False
request_71,user_71,2025-05-03,69,2025-07-11,-10651169.82,0.0,207100.0,8884800.0,-19535969.82,False
request_71,user_71,2025-05-03,70,2025-07-12,-10651169.82,0.0,0.0,8884800.0,-19535969.82,False
request_71,user_71,2025-05-03,71,2025-07-13,-10921634.1,0.0,270464.28,8884800.0,-19806434.1,False
request_71,user_71,2025-05-03,72,2025-07-14,-10979584.1,0.0,57950.0,8884800.0,-19864384.1,False
request_71,user_71,2025-05-03,73,2025-07-15,-10978888.1,696.0,0.0,8884800.0,-19863688.1,False
request_71,user_71,2025-05-03,74,2025-07-16,-11755373.14,0.0,776485.04,8884800.0,-20640173.14,False
request_71,user_71,2025-05-03,75,2025-07-17,-12315780.82,0.0,560407.68,8884800.0,-21200580.82,False
request_71,user_71,2025-05-03,76,2025-07-18,-12586245.1,0.0,270464.28,8884800.0,-21471045.1,False
request_71,user_71,2025-05-03,77,2025-07-19,-12586245.1,0.0,0.0,8884800.0,-21471045.1,False
request_71,user_71,2025-05-03,78,2025-07-20,-12586245.1,0.0,0.0,8884800.0,-21471045.1,False
request_71,user_71,2025-05-03,79,2025-07-21,-12586245.1,0.0,0.0,8884800.0,-21471045.1,False
request_71,user_71,2025-05-03,80,2025-07-22,-12586245.1,0.0,0.0,8884800.0,-21471045.1,False
request_71,user_71,2025-05-03,81,2025-07-23,-13218340.93,0.0,632095.83,8884800.0,-22103140.93,False
request_71,user_71,2025-05-03,82,2025-07-24,-13218340.93,0.0,0.0,8884800.0,-22103140.93,False
request_71,user_71,2025-05-03,83,2025-07-25,-13218340.93,0.0,0.0,8884800.0,-22103140.93,False
request_71,user_71,2025-05-03,84,2025-07-26,-13218340.93,0.0,0.0,8884800.0,-22103140.93,False
request_71,user_71,2025-05-03,85,2025-07-27,-13778748.61,0.0,560407.68,8884800.0,-22663548.61,False
request_71,user_71,2025-05-03,86,2025-07-28,-14049212.89,0.0,270464.28,8884800.0,-22934012.89,False
request_71,user_71,2025-05-03,87,2025-07-29,-14049212.89,0.0,0.0,8884800.0,-22934012.89,False
request_71,user_71,2025-05-03,88,2025-07-30,-14410844.44,0.0,361631.55,8884800.0,-23295644.44,False
request_71,user_71,2025-05-03,89,2025-07-31,-14410844.44,0.0,0.0,8884800.0,-23295644.44,False
request_71,user_71,2025-05-03,90,2025-08-01,-14410844.44,0.0,0.0,8884800.0,-23295644.44,False
request_72,user_72,2026-07-05,0,2026-07-05,29298.12,0.0,1039.01,12200.0,17098.12,True
request_72,user_72,2026-07-05,1,2026-07-06,29298.12,0.0,0.0,12200.0,17098.12,True
request_72,user_72,2026-07-05,2,2026-07-07,27293.92,0.0,2004.2,12200.0,15093.92,True
request_72,user_72,2026-07-05,3,2026-07-08,27293.92,0.0,0.0,12200.0,15093.92,True
request_72,user_72,2026-07-05,4,2026-07-09,26707.14,0.0,586.78,12200.0,14507.14,True
request_72,user_72,2026-07-05,5,2026-07-10,24907.14,0.0,1800.0,12200.0,12707.14,True
request_72,user_72,2026-07-05,6,2026-07-11,23896.22,0.0,1010.92,12200.0,11696.22,True
request_72,user_72,2026-07-05,7,2026-07-12,23759.82,0.0,136.4,12200.0,11559.82,True
request_72,user_72,2026-07-05,8,2026-07-13,23759.82,0.0,0.0,12200.0,11559.82,True
request_72,user_72,2026-07-05,9,2026-07-14,23759.82,0.0,0.0,12200.0,11559.82,True
request_72,user_72,2026-07-05,10,2026-07-15,42459.82,18700.0,0.0,12200.0,30259.82,True
request_72,user_72,2026-07-05,11,2026-07-16,41873.04,0.0,586.78,12200.0,29673.04,True
request_72,user_72,2026-07-05,12,2026-07-17,41417.24,0.0,455.8,12200.0,29217.24,True
request_72,user_72,2026-07-05,13,2026-07-18,41417.24,0.0,0.0,12200.0,29217.24,True
request_72,user_72,2026-07-05,14,2026-07-19,41417.24,0.0,0.0,12200.0,29217.24,True
request_72,user_72,2026-07-05,15,2026-07-20,41417.24,0.0,0.0,12200.0,29217.24,True
request_72,user_72,2026-07-05,16,2026-07-21,41417.24,0.0,0.0,12200.0,29217.24,True
request_72,user_72,2026-07-05,17,2026-07-22,41417.24,0.0,0.0,12200.0,29217.24,True
request_72,user_72,2026-07-05,18,2026-07-23,40830.46,0.0,586.78,12200.0,28630.46,True
request_72,user_72,2026-07-05,19,2026-07-24,40374.66,0.0,455.8,12200.0,28174.66,True
request_72,user_72,2026-07-05,20,2026-07-25,39363.74,0.0,1010.92,12200.0,27163.74,True
request_72,user_72,2026-07-05,21,2026-07-26,39363.74,0.0,0.0,12200.0,27163.74,True
request_72,user_72,2026-07-05,22,2026-07-27,39363.74,0.0,0.0,12200.0,27163.74,True
request_72,user_72,2026-07-05,23,2026-07-28,39363.74,0.0,0.0,12200.0,27163.74,True
request_72,user_72,2026-07-05,24,2026-07-29,39363.74,0.0,0.0,12200.0,27163.74,True
request_72,user_72,2026-07-05,25,2026-07-30,38776.96,0.0,586.78,12200.0,26576.96,True
request_72,user_72,2026-07-05,26,2026-07-31,38321.16,0.0,455.8,12200.0,26121.16,True
request_72,user_72,2026-07-05,27,2026-08-01,34009.16,0.0,4312.0,12200.0,21809.16,True
request_72,user_72,2026-07-05,28,2026-08-02,34009.16,0.0,0.0,12200.0,21809.16,True
request_72,user_72,2026-07-05,29,2026-08-03,34009.16,0.0,0.0,12200.0,21809.16,True
request_72,user_72,2026-07-05,30,2026-08-04,34009.16,0.0,0.0,12200.0,21809.16,True
request_72,user_72,2026-07-05,31,2026-08-05,32970.15,0.0,1039.01,12200.0,20770.15,True
request_72,user_72,2026-07-05,32,2026-08-06,32383.37,0.0,586.78,12200.0,20183.37,True
request_72,user_72,2026-07-05,33,2026-08-07,29923.37,0.0,2460.0,12200.0,17723.37,True
request_72,user_72,2026-07-05,34,2026-08-08,28912.45,0.0,1010.92,12200.0,16712.45,True
request_72,user_72,2026-07-05,35,2026-08-09,28912.45,0.0,0.0,12200.0,16712.45,True
request_72,user_72,2026-07-05,36,2026-08-10,27568.25,0.0,1344.2,12200.0,15368.25,True
request_72,user_72,2026-07-05,37,2026-08-11,27568.25,0.0,0.0,12200.0,15368.25,True
request_72,user_72,2026-07-05,38,2026-08-12,27431.85,0.0,136.4,12200.0,15231.85,True
request_72,user_72,2026-07-05,39,2026-08-13,26845.07,0.0,586.78,12200.0,14645.07,True
request_72,user_72,2026-07-05,40,2026-08-14,26389.27,0.0,455.8,12200.0,14189.27,True
request_72,user_72,2026-07-05,41,2026-08-15,45089.27,18700.0,0.0,12200.0,32889.27,True
request_72,user_72,2026-07-05,42,2026-08-16,45089.27,0.0,0.0,12200.0,32889.27,True
request_72,user_72,2026-07-05,43,2026-08-17,45089.27,0.0,0.0,12200.0,32889.27,True
request_72,user_72,2026-07-05,44,2026-08-18,45089.27,0.0,0.0,12200.0,32889.27,True
request_72,user_72,2026-07-05,45,2026-08-19,45089.27,0.0,0.0,12200.0,32889.27,True
request_72,user_72,2026-07-05,46,2026-08-20,44502.49,0.0,586.78,12200.0,32302.49,True
request_72,user_72,2026-07-05,47,2026-08-21,44046.69,0.0,455.8,12200.0,31846.69,True
request_72,user_72,2026-07-05,48,2026-08-22,43035.77,0.0,1010.92,12200.0,30835.77,True
request_72,user_72,2026-07-05,49,2026-08-23,43035.77,0.0,0.0,12200.0,30835.77,True
request_72,user_72,2026-07-05,50,2026-08-24,43035.77,0.0,0.0,12200.0,30835.77,True
request_72,user_72,2026-07-05,51,2026-08-25,43035.77,0.0,0.0,12200.0,30835.77,True
request_72,user_72,2026-07-05,52,2026-08-26,43035.77,0.0,0.0,12200.0,30835.77,True
request_72,user_72,2026-07-05,53,2026-08-27,42448.99,0.0,586.78,12200.0,30248.99,True
request_72,user_72,2026-07-05,54,2026-08-28,41993.19,0.0,455.8,12200.0,29793.19,True
request_72,user_72,2026-07-05,55,2026-08-29,41993.19,0.0,0.0,12200.0,29793.19,True
request_72,user_72,2026-07-05,56,2026-08-30,41993.19,0.0,0.0,12200.0,29793.19,True
request_72,user_72,2026-07-05,57,2026-08-31,41993.19,0.0,0.0,12200.0,29793.19,True
request_72,user_72,2026-07-05,58,2026-09-01,37681.19,0.0,4312.0,12200.0,25481.19,True
request_72,user_72,2026-07-05,59,2026-09-02,37681.19,0.0,0.0,12200.0,25481.19,True
request_72,user_72,2026-07-05,60,2026-09-03,37094.41,0.0,586.78,12200.0,24894.41,True
request_72,user_72,2026-07-05,61,2026-09-04,36638.61,0.0,455.8,12200.0,24438.61,True
request_72,user_72,2026-07-05,62,2026-09-05,34588.68,0.0,2049.93,12200.0,22388.68,True
request_72,user_72,2026-07-05,63,2026-09-06,34588.68,0.0,0.0,12200.0,22388.68,True
request_72,user_72,2026-07-05,64,2026-09-07,32584.48,0.0,2004.2,12200.0,20384.48,True
request_72,user_72,2026-07-05,65,2026-09-08,32584.48,0.0,0.0,12200.0,20384.48,True
request_72,user_72,2026-07-05,66,2026-09-09,32584.48,0.0,0.0,12200.0,20384.48,True
request_72,user_72,2026-07-05,67,2026-09-10,30653.5,0.0,1930.98,12200.0,18453.5,True
request_72,user_72,2026-07-05,68,2026-09-11,30197.7,0.0,455.8,12200.0,17997.7,True
request_72,user_72,2026-07-05,69,2026-09-12,30061.3,0.0,136.4,12200.0,17861.3,True
request_72,user_72,2026-07-05,70,2026-09-13,30061.3,0.0,0.0,12200.0,17861.3,True
request_72,user_72,2026-07-05,71,2026-09-14,30061.3,0.0,0.0,12200.0,17861.3,True
request_72,user_72,2026-07-05,72,2026-09-15,48761.3,18700.0,0.0,12200.0,36561.3,True
request_72,user_72,2026-07-05,73,2026-09-16,48761.3,0.0,0.0,12200.0,36561.3,True
request_72,user_72,2026-07-05,74,2026-09-17,48174.52,0.0,586.78,12200.0,35974.52,True
request_72,user_72,2026-07-05,75,2026-09-18,47718.72,0.0,455.8,12200.0,35518.72,True
request_72,user_72,2026-07-05,76,2026-09-19,46707.8,0.0,1010.92,12200.0,34507.8,True
request_72,user_72,2026-07-05,77,2026-09-20,46707.8,0.0,0.0,12200.0,34507.8,True
request_72,user_72,2026-07-05,78,2026-09-21,46707.8,0.0,0.0,12200.0,34507.8,True
request_72,user_72,2026-07-05,79,2026-09-22,46707.8,0.0,0.0,12200.0,34507.8,True
request_72,user_72,2026-07-05,80,2026-09-23,46707.8,0.0,0.0,12200.0,34507.8,True
request_72,user_72,2026-07-05,81,2026-09-24,46121.02,0.0,586.78,12200.0,33921.02,True
request_72,user_72,2026-07-05,82,2026-09-25,45665.22,0.0,455.8,12200.0,33465.22,True
request_72,user_72,2026-07-05,83,2026-09-26,45665.22,0.0,0.0,12200.0,33465.22,True
request_72,user_72,2026-07-05,84,2026-09-27,45665.22,0.0,0.0,12200.0,33465.22,True
request_72,user_72,2026-07-05,85,2026-09-28,45665.22,0.0,0.0,12200.0,33465.22,True
request_72,user_72,2026-07-05,86,2026-09-29,45665.22,0.0,0.0,12200.0,33465.22,True
request_72,user_72,2026-07-05,87,2026-09-30,45665.22,0.0,0.0,12200.0,33465.22,True
request_72,user_72,2026-07-05,88,2026-10-01,40766.44,0.0,4898.78,12200.0,28566.44,True
request_72,user_72,2026-07-05,89,2026-10-02,40310.64,0.0,455.8,12200.0,28110.64,True
request_72,user_72,2026-07-05,90,2026-10-03,39299.72,0.0,1010.92,12200.0,27099.72,True
request_73,user_73,2023-01-20,0,2023-01-20,278542.5,0.0,0.0,103200.0,175342.5,True
request_73,user_73,2023-01-20,1,2023-01-21,278542.5,0.0,0.0,103200.0,175342.5,True
request_73,user_73,2023-01-20,2,2023-01-22,278542.5,0.0,0.0,103200.0,175342.5,True
request_73,user_73,2023-01-20,3,2023-01-23,274892.5,0.0,3650.0,103200.0,171692.5,True
request_73,user_73,2023-01-20,4,2023-01-24,274892.5,0.0,0.0,103200.0,171692.5,True
request_73,user_73,2023-01-20,5,2023-01-25,268915.07,0.0,5977.43,103200.0,165715.07,True
request_73,user_73,2023-01-20,6,2023-01-26,266929.39,0.0,1985.68,103200.0,163729.39,True
request_73,user_73,2023-01-20,7,2023-01-27,261873.59,0.0,5055.8,103200.0,158673.59,True
request_73,user_73,2023-01-20,8,2023-01-28,261873.59,0.0,0.0,103200.0,158673.59,True
request_73,user_73,2023-01-20,9,2023-01-29,261873.59,0.0,0.0,103200.0,158673.59,True
request_73,user_73,2023-01-20,10,2023-01-30,261873.59,0.0,0.0,103200.0,158673.59,True
request_73,user_73,2023-01-20,11,2023-01-31,261873.59,0.0,0.0,103200.0,158673.59,True
request_73,user_73,2023-01-20,12,2023-02-01,255896.16,0.0,5977.43,103200.0,152696.16,True
request_73,user_73,2023-01-20,13,2023-02-02,212134.48,0.0,43761.68,103200.0,108934.48,True
request_73,user_73,2023-01-20,14,2023-02-03,212134.48,0.0,0.0,103200.0,108934.48,True
request_73,user_73,2023-01-20,15,2023-02-04,212134.48,0.0,0.0,103200.0,108934.48,True
request_73,user_73,2023-01-20,16,2023-02-05,212134.48,0.0,0.0,103200.0,108934.48,True
request_73,user_73,2023-01-20,17,2023-02-06,204547.07,0.0,7587.41,103200.0,101347.07,True
request_73,user_73,2023-01-20,18,2023-02-07,204547.07,0.0,0.0,103200.0,101347.07,True
request_73,user_73,2023-01-20,19,2023-02-08,198569.64,0.0,5977.43,103200.0,95369.64,True
request_73,user_73,2023-01-20,20,2023-02-09,193733.96,0.0,4835.68,103200.0,90533.96,True
request_73,user_73,2023-01-20,21,2023-02-10,188678.16,0.0,5055.8,103200.0,85478.16,True
request_73,user_73,2023-01-20,22,2023-02-11,177678.16,0.0,11000.0,103200.0,74478.16,True
request_73,user_73,2023-01-20,23,2023-02-12,177193.16,0.0,485.0,103200.0,73993.16,True
request_73,user_73,2023-01-20,24,2023-02-13,177193.16,0.0,0.0,103200.0,73993.16,True
request_73,user_73,2023-01-20,25,2023-02-14,177193.16,0.0,0.0,103200.0,73993.16,True
request_73,user_73,2023-01-20,26,2023-02-15,303215.73,132000.0,5977.43,103200.0,200015.73,True
request_73,user_73,2023-01-20,27,2023-02-16,301230.05,0.0,1985.68,103200.0,198030.05,True
request_73,user_73,2023-01-20,28,2023-02-17,301230.05,0.0,0.0,103200.0,198030.05,True
request_73,user_73,2023-01-20,29,2023-02-18,301230.05,0.0,0.0,103200.0,198030.05,True
request_73,user_73,2023-01-20,30,2023-02-19,301230.05,0.0,0.0,103200.0,198030.05,True
request_73,user_73,2023-01-20,31,2023-02-20,301230.05,0.0,0.0,103200.0,198030.05,True
request_73,user_73,2023-01-20,32,2023-02-21,301230.05,0.0,0.0,103200.0,198030.05,True
request_73,user_73,2023-01-20,33,2023-02-22,295252.62,0.0,5977.43,103200.0,192052.62,True
request_73,user_73,2023-01-20,34,2023-02-23,293266.94,0.0,1985.68,103200.0,190066.94,True
request_73,user_73,2023-01-20,35,2023-02-24,288211.14,0.0,5055.8,103200.0,185011.14,True
request_73,user_73,2023-01-20,36,2023-02-25,288211.14,0.0,0.0,103200.0,185011.14,True
request_73,user_73,2023-01-20,37,2023-02-26,288211.14,0.0,0.0,103200.0,185011.14,True
request_73,user_73,2023-01-20,38,2023-02-27,288211.14,0.0,0.0,103200.0,185011.14,True
request_73,user_73,2023-01-20,39,2023-02-28,288211.14,0.0,0.0,103200.0,185011.14,True
request_73,user_73,2023-01-20,40,2023-03-01,282233.71,0.0,5977.43,103200.0,179033.71,True
request_73,user_73,2023-01-20,41,2023-03-02,238472.03,0.0,43761.68,103200.0,135272.03,True
request_73,user_73,2023-01-20,42,2023-03-03,238472.03,0.0,0.0,103200.0,135272.03,True
request_73,user_73,2023-01-20,43,2023-03-04,238472.03,0.0,0.0,103200.0,135272.03,True
request_73,user_73,2023-01-20,44,2023-03-05,238472.03,0.0,0.0,103200.0,135272.03,True
request_73,user_73,2023-01-20,45,2023-03-06,230884.62,0.0,7587.41,103200.0,127684.62,True
request_73,user_73,2023-01-20,46,2023-03-07,230884.62,0.0,0.0,103200.0,127684.62,True
request_73,user_73,2023-01-20,47,2023-03-08,224907.19,0.0,5977.43,103200.0,121707.19,True
request_73,user_73,2023-01-20,48,2023-03-09,220071.51,0.0,4835.68,103200.0,116871.51,True
request_73,user_73,2023-01-20,49,2023-03-10,215015.71,0.0,5055.8,103200.0,111815.71,True
request_73,user_73,2023-01-20,50,2023-03-11,204015.71,0.0,11000.0,103200.0,100815.71,True
request_73,user_73,2023-01-20,51,2023-03-12,203530.71,0.0,485.0,103200.0,100330.71,True
request_73,user_73,2023-01-20,52,2023-03-13,203530.71,0.0,0.0,103200.0,100330.71,True
request_73,user_73,2023-01-20,53,2023-03-14,203530.71,0.0,0.0,103200.0,100330.71,True
request_73,user_73,2023-01-20,54,2023-03-15,329553.28,132000.0,5977.43,103200.0,226353.28,True
request_73,user_73,2023-01-20,55,2023-03-16,327567.6,0.0,1985.68,103200.0,224367.6,True
request_73,user_73,2023-01-20,56,2023-03-17,327567.6,0.0,0.0,103200.0,224367.6,True
request_73,user_73,2023-01-20,57,2023-03-18,327567.6,0.0,0.0,103200.0,224367.6,True
request_73,user_73,2023-01-20,58,2023-03-19,327567.6,0.0,0.0,103200.0,224367.6,True
request_73,user_73,2023-01-20,59,2023-03-20,327567.6,0.0,0.0,103200.0,224367.6,True
request_73,user_73,2023-01-20,60,2023-03-21,327567.6,0.0,0.0,103200.0,224367.6,True
request_73,user_73,2023-01-20,61,2023-03-22,321590.17,0.0,5977.43,103200.0,218390.17,True
request_73,user_73,2023-01-20,62,2023-03-23,319604.49,0.0,1985.68,103200.0,216404.49,True
request_73,user_73,2023-01-20,63,2023-03-24,314548.69,0.0,5055.8,103200.0,211348.69,True
request_73,user_73,2023-01-20,64,2023-03-25,314548.69,0.0,0.0,103200.0,211348.69,True
request_73,user_73,2023-01-20,65,2023-03-26,314548.69,0.0,0.0,103200.0,211348.69,True
request_73,user_73,2023-01-20,66,2023-03-27,314548.69,0.0,0.0,103200.0,211348.69,True
request_73,user_73,2023-01-20,67,2023-03-28,314548.69,0.0,0.0,103200.0,211348.69,True
request_73,user_73,2023-01-20,68,2023-03-29,308571.26,0.0,5977.43,103200.0,205371.26,True
request_73,user_73,2023-01-20,69,2023-03-30,306585.58,0.0,1985.68,103200.0,203385.58,True
request_73,user_73,2023-01-20,70,2023-03-31,306585.58,0.0,0.0,103200.0,203385.58,True
request_73,user_73,2023-01-20,71,2023-04-01,306585.58,0.0,0.0,103200.0,203385.58,True
request_73,user_73,2023-01-20,72,2023-04-02,264809.58,0.0,41776.0,103200.0,161609.58,True
request_73,user_73,2023-01-20,73,2023-04-03,264809.58,0.0,0.0,103200.0,161609.58,True
request_73,user_73,2023-01-20,74,2023-04-04,264809.58,0.0,0.0,103200.0,161609.58,True
request_73,user_73,2023-01-20,75,2023-04-05,258832.15,0.0,5977.43,103200.0,155632.15,True
request_73,user_73,2023-01-20,76,2023-04-06,249259.06,0.0,9573.09,103200.0,146059.06,True
request_73,user_73,2023-01-20,77,2023-04-07,244203.26,0.0,5055.8,103200.0,141003.26,True
request_73,user_73,2023-01-20,78,2023-04-08,244203.26,0.0,0.0,103200.0,141003.26,True
request_73,user_73,2023-01-20,79,2023-04-09,241353.26,0.0,2850.0,103200.0,138153.26,True
request_73,user_73,2023-01-20,80,2023-04-10,241353.26,0.0,0.0,103200.0,138153.26,True
request_73,user_73,2023-01-20,81,2023-04-11,230353.26,0.0,11000.0,103200.0,127153.26,True
request_73,user_73,2023-01-20,82,2023-04-12,223890.83,0.0,6462.43,103200.0,120690.83,True
request_73,user_73,2023-01-20,83,2023-04-13,221905.15,0.0,1985.68,103200.0,118705.15,True
request_73,user_73,2023-01-20,84,2023-04-14,221905.15,0.0,0.0,103200.0,118705.15,True
request_73,user_73,2023-01-20,85,2023-04-15,353905.15,132000.0,0.0,103200.0,250705.15,True
request_73,user_73,2023-01-20,86,2023-04-16,353905.15,0.0,0.0,103200.0,250705.15,True
request_73,user_73,2023-01-20,87,2023-04-17,353905.15,0.0,0.0,103200.0,250705.15,True
request_73,user_73,2023-01-20,88,2023-04-18,353905.15,0.0,0.0,103200.0,250705.15,True
request_73,user_73,2023-01-20,89,2023-04-19,347927.72,0.0,5977.43,103200.0,244727.72,True
request_73,user_73,2023-01-20,90,2023-04-20,345942.04,0.0,1985.68,103200.0,242742.04,True
request_74,user_74,2025-08-04,0,2025-08-04,70056.9,0.0,0.0,21900.0,48156.9,True
request_74,user_74,2025-08-04,1,2025-08-05,70056.9,0.0,0.0,21900.0,48156.9,True
request_74,user_74,2025-08-04,2,2025-08-06,70056.9,0.0,0.0,21900.0,48156.9,True
request_74,user_74,2025-08-04,3,2025-08-07,68655.21,0.0,1401.69,21900.0,46755.21,True
request_74,user_74,2025-08-04,4,2025-08-08,67830.38,0.0,824.83,21900.0,45930.38,True
request_74,user_74,2025-08-04,5,2025-08-09,67830.38,0.0,0.0,21900.0,45930.38,True
request_74,user_74,2025-08-04,6,2025-08-10,67143.98,0.0,686.4,21900.0,45243.98,True
request_74,user_74,2025-08-04,7,2025-08-11,67143.98,0.0,0.0,21900.0,45243.98,True
request_74,user_74,2025-08-04,8,2025-08-12,67143.98,0.0,0.0,21900.0,45243.98,True
request_74,user_74,2025-08-04,9,2025-08-13,66997.68,0.0,146.3,21900.0,45097.68,True
request_74,user_74,2025-08-04,10,2025-08-14,66997.68,0.0,0.0,21900.0,45097.68,True
request_74,user_74,2025-08-04,11,2025-08-15,75958.01,8960.33,0.0,21900.0,54058.01,True
request_74,user_74,2025-08-04,12,2025-08-16,75958.01,0.0,0.0,21900.0,54058.01,True
request_74,user_74,2025-08-04,13,2025-08-17,75958.01,0.0,0.0,21900.0,54058.01,True
request_74,user_74,2025-08-04,14,2025-08-18,74468.17,0.0,1489.84,21900.0,52568.17,True
request_74,user_74,2025-08-04,15,2025-08-19,73616.57,0.0,851.6,21900.0,51716.57,True
request_74,user_74,2025-08-04,16,2025-08-20,73616.57,0.0,0.0,21900.0,51716.57,True
request_74,user_74,2025-08-04,17,2025-08-21,73616.57,0.0,0.0,21900.0,51716.57,True
request_74,user_74,2025-08-04,18,2025-08-22,73616.57,0.0,0.0,21900.0,51716.57,True
request_74,user_74,2025-08-04,19,2025-08-23,73616.57,0.0,0.0,21900.0,51716.57,True
request_74,user_74,2025-08-04,20,2025-08-24,73616.57,0.0,0.0,21900.0,51716.57,True
request_74,user_74,2025-08-04,21,2025-08-25,73616.57,0.0,0.0,21900.0,51716.57,True
request_74,user_74,2025-08-04,22,2025-08-26,73616.57,0.0,0.0,21900.0,51716.57,True
request_74,user_74,2025-08-04,23,2025-08-27,73616.57,0.0,0.0,21900.0,51716.57,True
request_74,user_74,2025-08-04,24,2025-08-28,72791.74,0.0,824.83,21900.0,50891.74,True
request_74,user_74,2025-08-04,25,2025-08-29,72791.74,0.0,0.0,21900.0,50891.74,True
request_74,user_74,2025-08-04,26,2025-08-30,72791.74,0.0,0.0,21900.0,50891.74,True
request_74,user_74,2025-08-04,27,2025-08-31,72791.74,0.0,0.0,21900.0,50891.74,True
request_74,user_74,2025-08-04,28,2025-09-01,72791.74,0.0,0.0,21900.0,50891.74,True
request_74,user_74,2025-08-04,29,2025-09-02,72791.74,0.0,0.0,21900.0,50891.74,True
request_74,user_74,2025-08-04,30,2025-09-03,65201.74,0.0,7590.0,21900.0,43301.74,True
request_74,user_74,2025-08-04,31,2025-09-04,65201.74,0.0,0.0,21900.0,43301.74,True
request_74,user_74,2025-08-04,32,2025-09-05,65201.74,0.0,0.0,21900.0,43301.74,True
request_74,user_74,2025-08-04,33,2025-09-06,65201.74,0.0,0.0,21900.0,43301.74,True
request_74,user_74,2025-08-04,34,2025-09-07,62975.22,0.0,2226.52,21900.0,41075.22,True
request_74,user_74,2025-08-04,35,2025-09-08,62310.21,0.0,665.01,21900.0,40410.21,True
request_74,user_74,2025-08-04,36,2025-09-09,61458.61,0.0,851.6,21900.0,39558.61,True
request_74,user_74,2025-08-04,37,2025-09-10,60772.21,0.0,686.4,21900.0,38872.21,True
request_74,user_74,2025-08-04,38,2025-09-11,60772.21,0.0,0.0,21900.0,38872.21,True
request_74,user_74,2025-08-04,39,2025-09-12,60772.21,0.0,0.0,21900.0,38872.21,True
request_74,user_74,2025-08-04,40,2025-09-13,60625.91,0.0,146.3,21900.0,38725.91,True
request_74,user_74,2025-08-04,41,2025-09-14,60625.91,0.0,0.0,21900.0,38725.91,True
request_74,user_74,2025-08-04,42,2025-09-15,69586.24,8960.33,0.0,21900.0,47686.24,True
request_74,user_74,2025-08-04,43,2025-09-16,69586.24,0.0,0.0,21900.0,47686.24,True
request_74,user_74,2025-08-04,44,2025-09-17,68761.41,0.0,824.83,21900.0,46861.41,True
request_74,user_74,2025-08-04,45,2025-09-18,68761.41,0.0,0.0,21900.0,46861.41,True
request_74,user_74,2025-08-04,46,2025-09-19,68761.41,0.0,0.0,21900.0,46861.41,True
request_74,user_74,2025-08-04,47,2025-09-20,68761.41,0.0,0.0,21900.0,46861.41,True
request_74,user_74,2025-08-04,48,2025-09-21,68761.41,0.0,0.0,21900.0,46861.41,True
request_74,user_74,2025-08-04,49,2025-09-22,68761.41,0.0,0.0,21900.0,46861.41,True
request_74,user_74,2025-08-04,50,2025-09-23,68761.41,0.0,0.0,21900.0,46861.41,True
request_74,user_74,2025-08-04,51,2025-09-24,68761.41,0.0,0.0,21900.0,46861.41,True
request_74,user_74,2025-08-04,52,2025-09-25,68761.41,0.0,0.0,21900.0,46861.41,True
request_74,user_74,2025-08-04,53,2025-09-26,68761.41,0.0,0.0,21900.0,46861.41,True
request_74,user_74,2025-08-04,54,2025-09-27,67936.58,0.0,824.83,21900.0,46036.58,True
request_74,user_74,2025-08-04,55,2025-09-28,67936.58,0.0,0.0,21900.0,46036.58,True
request_74,user_74,2025-08-04,56,2025-09-29,67271.57,0.0,665.01,21900.0,45371.57,True
request_74,user_74,2025-08-04,57,2025-09-30,66419.97,0.0,851.6,21900.0,44519.97,True
request_74,user_74,2025-08-04,58,2025-10-01,66419.97,0.0,0.0,21900.0,44519.97,True
request_74,user_74,2025-08-04,59,2025-10-02,66419.97,0.0,0.0,21900.0,44519.97,True
request_74,user_74,2025-08-04,60,2025-10-03,58829.97,0.0,7590.0,21900.0,36929.97,True
request_74,user_74,2025-08-04,61,2025-10-04,58829.97,0.0,0.0,21900.0,36929.97,True
request_74,user_74,2025-08-04,62,2025-10-05,58829.97,0.0,0.0,21900.0,36929.97,True
request_74,user_74,2025-08-04,63,2025-10-06,58829.97,0.0,0.0,21900.0,36929.97,True
request_74,user_74,2025-08-04,64,2025-10-07,56603.45,0.0,2226.52,21900.0,34703.45,True
request_74,user_74,2025-08-04,65,2025-10-08,56603.45,0.0,0.0,21900.0,34703.45,True
request_74,user_74,2025-08-04,66,2025-10-09,56603.45,0.0,0.0,21900.0,34703.45,True
request_74,user_74,2025-08-04,67,2025-10-10,55917.05,0.0,686.4,21900.0,34017.05,True
request_74,user_74,2025-08-04,68,2025-10-11,55917.05,0.0,0.0,21900.0,34017.05,True
request_74,user_74,2025-08-04,69,2025-10-12,55917.05,0.0,0.0,21900.0,34017.05,True
request_74,user_74,2025-08-04,70,2025-10-13,55770.75,0.0,146.3,21900.0,33870.75,True
request_74,user_74,2025-08-04,71,2025-10-14,55770.75,0.0,0.0,21900.0,33870.75,True
request_74,user_74,2025-08-04,72,2025-10-15,64731.08,8960.33,0.0,21900.0,42831.08,True
request_74,user_74,2025-08-04,73,2025-10-16,64731.08,0.0,0.0,21900.0,42831.08,True
request_74,user_74,2025-08-04,74,2025-10-17,63906.25,0.0,824.83,21900.0,42006.25,True
request_74,user_74,2025-08-04,75,2025-10-18,63906.25,0.0,0.0,21900.0,42006.25,True
request_74,user_74,2025-08-04,76,2025-10-19,63906.25,0.0,0.0,21900.0,42006.25,True
request_74,user_74,2025-08-04,77,2025-10-20,63241.24,0.0,665.01,21900.0,41341.24,True
request_74,user_74,2025-08-04,78,2025-10-21,62389.64,0.0,851.6,21900.0,40489.64,True
request_74,user_74,2025-08-04,79,2025-10-22,62389.64,0.0,0.0,21900.0,40489.64,True
request_74,user_74,2025-08-04,80,2025-10-23,62389.64,0.0,0.0,21900.0,40489.64,True
request_74,user_74,2025-08-04,81,2025-10-24,62389.64,0.0,0.0,21900.0,40489.64,True
request_74,user_74,2025-08-04,82,2025-10-25,62389.64,0.0,0.0,21900.0,40489.64,True
request_74,user_74,2025-08-04,83,2025-10-26,62389.64,0.0,0.0,21900.0,40489.64,True
request_74,user_74,2025-08-04,84,2025-10-27,61564.81,0.0,824.83,21900.0,39664.81,True
request_74,user_74,2025-08-04,85,2025-10-28,61564.81,0.0,0.0,21900.0,39664.81,True
request_74,user_74,2025-08-04,86,2025-10-29,61564.81,0.0,0.0,21900.0,39664.81,True
request_74,user_74,2025-08-04,87,2025-10-30,61564.81,0.0,0.0,21900.0,39664.81,True
request_74,user_74,2025-08-04,88,2025-10-31,61564.81,0.0,0.0,21900.0,39664.81,True
request_74,user_74,2025-08-04,89,2025-11-01,61564.81,0.0,0.0,21900.0,39664.81,True
request_74,user_74,2025-08-04,90,2025-11-02,61564.81,0.0,0.0,21900.0,39664.81,True
request_75,user_75,2026-04-06,0,2026-04-06,145867.87,0.0,0.0,39000.0,106867.87,True
request_75,user_75,2026-04-06,1,2026-04-07,145867.87,0.0,0.0,39000.0,106867.87,True
request_75,user_75,2026-04-06,2,2026-04-08,143624.68,0.0,2243.19,39000.0,104624.68,True
request_75,user_75,2026-04-06,3,2026-04-09,143624.68,0.0,0.0,39000.0,104624.68,True
request_75,user_75,2026-04-06,4,2026-04-10,143624.68,0.0,0.0,39000.0,104624.68,True
request_75,user_75,2026-04-06,5,2026-04-11,140297.91,0.0,3326.77,39000.0,101297.91,True
request_75,user_75,2026-04-06,6,2026-04-12,140297.91,0.0,0.0,39000.0,101297.91,True
request_75,user_75,2026-04-06,7,2026-04-13,140297.91,0.0,0.0,39000.0,101297.91,True
request_75,user_75,2026-04-06,8,2026-04-14,139887.61,0.0,410.3,39000.0,100887.61,True
request_75,user_75,2026-04-06,9,2026-04-15,139887.61,0.0,0.0,39000.0,100887.61,True
request_75,user_75,2026-04-06,10,2026-04-16,139887.61,0.0,0.0,39000.0,100887.61,True
request_75,user_75,2026-04-06,11,2026-04-17,137378.95,0.0,2508.66,39000.0,98378.95,True
request_75,user_75,2026-04-06,12,2026-04-18,137378.95,0.0,0.0,39000.0,98378.95,True
request_75,user_75,2026-04-06,13,2026-04-19,137378.95,0.0,0.0,39000.0,98378.95,True
request_75,user_75,2026-04-06,14,2026-04-20,137378.95,0.0,0.0,39000.0,98378.95,True
request_75,user_75,2026-04-06,15,2026-04-21,134010.94,0.0,3368.01,39000.0,95010.94,True
request_75,user_75,2026-04-06,16,2026-04-22,134010.94,0.0,0.0,39000.0,95010.94,True
request_75,user_75,2026-04-06,17,2026-04-23,134010.94,0.0,0.0,39000.0,95010.94,True
request_75,user_75,2026-04-06,18,2026-04-24,134010.94,0.0,0.0,39000.0,95010.94,True
request_75,user_75,2026-04-06,19,2026-04-25,134010.94,0.0,0.0,39000.0,95010.94,True
request_75,user_75,2026-04-06,20,2026-04-26,134010.94,0.0,0.0,39000.0,95010.94,True
request_75,user_75,2026-04-06,21,2026-04-27,134010.94,0.0,0.0,39000.0,95010.94,True
request_75,user_75,2026-04-06,22,2026-04-28,134010.94,0.0,0.0,39000.0,95010.94,True
request_75,user_75,2026-04-06,23,2026-04-29,134010.94,0.0,0.0,39000.0,95010.94,True
request_75,user_75,2026-04-06,24,2026-04-30,134010.94,0.0,0.0,39000.0,95010.94,True
request_75,user_75,2026-04-06,25,2026-05-01,131643.37,0.0,2367.57,39000.0,92643.37,True
request_75,user_75,2026-04-06,26,2026-05-02,131643.37,0.0,0.0,39000.0,92643.37,True
request_75,user_75,2026-04-06,27,2026-05-03,131643.37,0.0,0.0,39000.0,92643.37,True
request_75,user_75,2026-04-06,28,2026-05-04,116001.37,0.0,15642.0,39000.0,77001.37,True
request_75,user_75,2026-04-06,29,2026-05-05,116001.37,0.0,0.0,39000.0,77001.37,True
request_75,user_75,2026-04-06,30,2026-05-06,116001.37,0.0,0.0,39000.0,77001.37,True
request_75,user_75,2026-04-06,31,2026-05-07,116001.37,0.0,0.0,39000.0,77001.37,True
request_75,user_75,2026-04-06,32,2026-05-08,111249.52,0.0,4751.85,39000.0,72249.52,True
request_75,user_75,2026-04-06,33,2026-05-09,111249.52,0.0,0.0,39000.0,72249.52,True
request_75,user_75,2026-04-06,34,2026-05-10,111249.52,0.0,0.0,39000.0,72249.52,True
request_75,user_75,2026-04-06,35,2026-05-11,107922.75,0.0,3326.77,39000.0,68922.75,True
request_75,user_75,2026-04-06,36,2026-05-12,106922.31,0.0,1000.44,39000.0,67922.31,True
request_75,user_75,2026-04-06,37,2026-05-13,106922.31,0.0,0.0,39000.0,67922.31,True
request_75,user_75,2026-04-06,38,2026-05-14,106512.01,0.0,410.3,39000.0,67512.01,True
request_75,user_75,2026-04-06,39,2026-05-15,106512.01,0.0,0.0,39000.0,67512.01,True
request_75,user_75,2026-04-06,40,2026-05-16,106512.01,0.0,0.0,39000.0,67512.01,True
request_75,user_75,2026-04-06,41,2026-05-17,106512.01,0.0,0.0,39000.0,67512.01,True
request_75,user_75,2026-04-06,42,2026-05-18,106512.01,0.0,0.0,39000.0,67512.01,True
request_75,user_75,2026-04-06,43,2026-05-19,106512.01,0.0,0.0,39000.0,67512.01,True
request_75,user_75,2026-04-06,44,2026-05-20,106512.01,0.0,0.0,39000.0,67512.01,True
request_75,user_75,2026-04-06,45,2026-05-21,104144.44,0.0,2367.57,39000.0,65144.44,True
request_75,user_75,2026-04-06,46,2026-05-22,104144.44,0.0,0.0,39000.0,65144.44,True
request_75,user_75,2026-04-06,47,2026-05-23,104144.44,0.0,0.0,39000.0,65144.44,True
request_75,user_75,2026-04-06,48,2026-05-24,104144.44,0.0,0.0,39000.0,65144.44,True
request_75,user_75,2026-04-06,49,2026-05-25,104144.44,0.0,0.0,39000.0,65144.44,True
request_75,user_75,2026-04-06,50,2026-05-26,104144.44,0.0,0.0,39000.0,65144.44,True
request_75,user_75,2026-04-06,51,2026-05-27,104144.44,0.0,0.0,39000.0,65144.44,True
request_75,user_75,2026-04-06,52,2026-05-28,104144.44,0.0,0.0,39000.0,65144.44,True
request_75,user_75,2026-04-06,53,2026-05-29,101635.78,0.0,2508.66,39000.0,62635.78,True
request_75,user_75,2026-04-06,54,2026-05-30,101635.78,0.0,0.0,39000.0,62635.78,True
request_75,user_75,2026-04-06,55,2026-05-31,99268.21,0.0,2367.57,39000.0,60268.21,True
request_75,user_75,2026-04-06,56,2026-06-01,99268.21,0.0,0.0,39000.0,60268.21,True
request_75,user_75,2026-04-06,57,2026-06-02,98267.77,0.0,1000.44,39000.0,59267.77,True
request_75,user_75,2026-04-06,58,2026-06-03,98267.77,0.0,0.0,39000.0,59267.77,True
request_75,user_75,2026-04-06,59,2026-06-04,82625.77,0.0,15642.0,39000.0,43625.77,True
request_75,user_75,2026-04-06,60,2026-06-05,82625.77,0.0,0.0,39000.0,43625.77,True
request_75,user_75,2026-04-06,61,2026-06-06,82625.77,0.0,0.0,39000.0,43625.77,True
request_75,user_75,2026-04-06,62,2026-06-07,82625.77,0.0,0.0,39000.0,43625.77,True
request_75,user_75,2026-04-06,63,2026-06-08,80382.58,0.0,2243.19,39000.0,41382.58,True
request_75,user_75,2026-04-06,64,2026-06-09,80382.58,0.0,0.0,39000.0,41382.58,True
request_75,user_75,2026-04-06,65,2026-06-10,78015.01,0.0,2367.57,39000.0,39015.01,True
request_75,user_75,2026-04-06,66,2026-06-11,77055.81,0.0,959.2,39000.0,38055.81,True
request_75,user_75,2026-04-06,67,2026-06-12,77055.81,0.0,0.0,39000.0,38055.81,True
request_75,user_75,2026-04-06,68,2026-06-13,77055.81,0.0,0.0,39000.0,38055.81,True
request_75,user_75,2026-04-06,69,2026-06-14,76645.51,0.0,410.3,39000.0,37645.51,True
request_75,user_75,2026-04-06,70,2026-06-15,76645.51,0.0,0.0,39000.0,37645.51,True
request_75,user_75,2026-04-06,71,2026-06-16,76645.51,0.0,0.0,39000.0,37645.51,True
request_75,user_75,2026-04-06,72,2026-06-17,76645.51,0.0,0.0,39000.0,37645.51,True
request_75,user_75,2026-04-06,73,2026-06-18,76645.51,0.0,0.0,39000.0,37645.51,True
request_75,user_75,2026-04-06,74,2026-06-19,74136.85,0.0,2508.66,39000.0,35136.85,True
request_75,user_75,2026-04-06,75,2026-06-20,71769.28,0.0,2367.57,39000.0,32769.28,True
request_75,user_75,2026-04-06,76,2026-06-21,71769.28,0.0,0.0,39000.0,32769.28,True
request_75,user_75,2026-04-06,77,2026-06-22,71769.28,0.0,0.0,39000.0,32769.28,True
request_75,user_75,2026-04-06,78,2026-06-23,70768.84,0.0,1000.44,39000.0,31768.84,True
request_75,user_75,2026-04-06,79,2026-06-24,70768.84,0.0,0.0,39000.0,31768.84,True
request_75,user_75,2026-04-06,80,2026-06-25,70768.84,0.0,0.0,39000.0,31768.84,True
request_75,user_75,2026-04-06,81,2026-06-26,70768.84,0.0,0.0,39000.0,31768.84,True
request_75,user_75,2026-04-06,82,2026-06-27,70768.84,0.0,0.0,39000.0,31768.84,True
request_75,user_75,2026-04-06,83,2026-06-28,70768.84,0.0,0.0,39000.0,31768.84,True
request_75,user_75,2026-04-06,84,2026-06-29,70768.84,0.0,0.0,39000.0,31768.84,True
request_75,user_75,2026-04-06,85,2026-06-30,68401.27,0.0,2367.57,39000.0,29401.27,True
request_75,user_75,2026-04-06,86,2026-07-01,68401.27,0.0,0.0,39000.0,29401.27,True
request_75,user_75,2026-04-06,87,2026-07-02,68401.27,0.0,0.0,39000.0,29401.27,True
request_75,user_75,2026-04-06,88,2026-07-03,68401.27,0.0,0.0,39000.0,29401.27,True
request_75,user_75,2026-04-06,89,2026-07-04,52759.27,0.0,15642.0,39000.0,13759.27,True
request_75,user_75,2026-04-06,90,2026-07-05,52759.27,0.0,0.0,39000.0,13759.27,True
request_76,user_76,2024-06-03,0,2024-06-03,3338.8,0.0,0.0,1800.0,1538.8,True
request_76,user_76,2024-06-03,1,2024-06-04,3338.8,0.0,0.0,1800.0,1538.8,True
request_76,user_76,2024-06-03,2,2024-06-05,3185.68,0.0,153.12,1800.0,1385.68,True
request_76,user_76,2024-06-03,3,2024-06-06,3185.68,0.0,0.0,1800.0,1385.68,True
request_76,user_76,2024-06-03,4,2024-06-07,3032.77,0.0,152.91,1800.0,1232.77,True
request_76,user_76,2024-06-03,5,2024-06-08,2981.65,0.0,51.12,1800.0,1181.65,True
request_76,user_76,2024-06-03,6,2024-06-09,2828.93,0.0,152.72,1800.0,1028.93,True
request_76,user_76,2024-06-03,7,2024-06-10,2786.93,0.0,42.0,1800.0,986.93,True
request_76,user_76,2024-06-03,8,2024-06-11,2786.93,0.0,0.0,1800.0,986.93,True
request_76,user_76,2024-06-03,9,2024-06-12,2741.93,0.0,45.0,1800.0,941.93,True
request_76,user_76,2024-06-03,10,2024-06-13,2630.27,0.0,111.66,1800.0,830.27,True
request_76,user_76,2024-06-03,11,2024-06-14,2477.36,0.0,152.91,1800.0,677.36,True
request_76,user_76,2024-06-03,12,2024-06-15,5498.24,3072.0,51.12,1800.0,3698.24,True
request_76,user_76,2024-06-03,13,2024-06-16,5498.24,0.0,0.0,1800.0,3698.24,True
request_76,user_76,2024-06-03,14,2024-06-17,5498.24,0.0,0.0,1800.0,3698.24,True
request_76,user_76,2024-06-03,15,2024-06-18,5498.24,0.0,0.0,1800.0,3698.24,True
request_76,user_76,2024-06-03,16,2024-06-19,5498.24,0.0,0.0,1800.0,3698.24,True
request_76,user_76,2024-06-03,17,2024-06-20,5498.24,0.0,0.0,1800.0,3698.24,True
request_76,user_76,2024-06-03,18,2024-06-21,5345.33,0.0,152.91,1800.0,3545.33,True
request_76,user_76,2024-06-03,19,2024-06-22,5294.21,0.0,51.12,1800.0,3494.21,True
request_76,user_76,2024-06-03,20,2024-06-23,5211.49,0.0,82.72,1800.0,3411.49,True
request_76,user_76,2024-06-03,21,2024-06-24,5211.49,0.0,0.0,1800.0,3411.49,True
request_76,user_76,2024-06-03,22,2024-06-25,5211.49,0.0,0.0,1800.0,3411.49,True
request_76,user_76,2024-06-03,23,2024-06-26,5211.49,0.0,0.0,1800.0,3411.49,True
request_76,user_76,2024-06-03,24,2024-06-27,5211.49,0.0,0.0,1800.0,3411.49,True
request_76,user_76,2024-06-03,25,2024-06-28,5058.58,0.0,152.91,1800.0,3258.58,True
request_76,user_76,2024-06-03,26,2024-06-29,5007.46,0.0,51.12,1800.0,3207.46,True
request_76,user_76,2024-06-03,27,2024-06-30,5007.46,0.0,0.0,1800.0,3207.46,True
request_76,user_76,2024-06-03,28,2024-07-01,4312.66,0.0,694.8,1800.0,2512.66,True
request_76,user_76,2024-06-03,29,2024-07-02,4312.66,0.0,0.0,1800.0,2512.66,True
request_76,user_76,2024-06-03,30,2024-07-03,4312.66,0.0,0.0,1800.0,2512.66,True
request_76,user_76,2024-06-03,31,2024-07-04,4312.66,0.0,0.0,1800.0,2512.66,True
request_76,user_76,2024-06-03,32,2024-07-05,4006.63,0.0,306.03,1800.0,2206.63,True
request_76,user_76,2024-06-03,33,2024-07-06,3955.51,0.0,51.12,1800.0,2155.51,True
request_76,user_76,2024-06-03,34,2024-07-07,3872.79,0.0,82.72,1800.0,2072.79,True
request_76,user_76,2024-06-03,35,2024-07-08,3872.79,0.0,0.0,1800.0,2072.79,True
request_76,user_76,2024-06-03,36,2024-07-09,3802.79,0.0,70.0,1800.0,2002.79,True
request_76,user_76,2024-06-03,37,2024-07-10,3760.79,0.0,42.0,1800.0,1960.79,True
request_76,user_76,2024-06-03,38,2024-07-11,3760.79,0.0,0.0,1800.0,1960.79,True
request_76,user_76,2024-06-03,39,2024-07-12,3562.88,0.0,197.91,1800.0,1762.88,True
request_76,user_76,2024-06-03,40,2024-07-13,3400.1,0.0,162.78,1800.0,1600.1,True
request_76,user_76,2024-06-03,41,2024-07-14,3400.1,0.0,0.0,1800.0,1600.1,True
request_76,user_76,2024-06-03,42,2024-07-15,6472.1,3072.0,0.0,1800.0,4672.1,True
request_76,user_76,2024-06-03,43,2024-07-16,6472.1,0.0,0.0,1800.0,4672.1,True
request_76,user_76,2024-06-03,44,2024-07-17,6472.1,0.0,0.0,1800.0,4672.1,True
request_76,user_76,2024-06-03,45,2024-07-18,6472.1,0.0,0.0,1800.0,4672.1,True
request_76,user_76,2024-06-03,46,2024-07-19,6319.19,0.0,152.91,1800.0,4519.19,True
request_76,user_76,2024-06-03,47,2024-07-20,6268.07,0.0,51.12,1800.0,4468.07,True
request_76,user_76,2024-06-03,48,2024-07-21,6185.35,0.0,82.72,1800.0,4385.35,True
request_76,user_76,2024-06-03,49,2024-07-22,6185.35,0.0,0.0,1800.0,4385.35,True
request_76,user_76,2024-06-03,50,2024-07-23,6185.35,0.0,0.0,1800.0,4385.35,True
request_76,user_76,2024-06-03,51,2024-07-24,6185.35,0.0,0.0,1800.0,4385.35,True
request_76,user_76,2024-06-03,52,2024-07-25,6185.35,0.0,0.0,1800.0,4385.35,True
request_76,user_76,2024-06-03,53,2024-07-26,6032.44,0.0,152.91,1800.0,4232.44,True
request_76,user_76,2024-06-03,54,2024-07-27,5981.32,0.0,51.12,1800.0,4181.32,True
request_76,user_76,2024-06-03,55,2024-07-28,5981.32,0.0,0.0,1800.0,4181.32,True
request_76,user_76,2024-06-03,56,2024-07-29,5981.32,0.0,0.0,1800.0,4181.32,True
request_76,user_76,2024-06-03,57,2024-07-30,5981.32,0.0,0.0,1800.0,4181.32,True
request_76,user_76,2024-06-03,58,2024-07-31,5981.32,0.0,0.0,1800.0,4181.32,True
request_76,user_76,2024-06-03,59,2024-08-01,5286.52,0.0,694.8,1800.0,3486.52,True
request_76,user_76,2024-06-03,60,2024-08-02,5133.61,0.0,152.91,1800.0,3333.61,True
request_76,user_76,2024-06-03,61,2024-08-03,5082.49,0.0,51.12,1800.0,3282.49,True
request_76,user_76,2024-06-03,62,2024-08-04,4999.77,0.0,82.72,1800.0,3199.77,True
request_76,user_76,2024-06-03,63,2024-08-05,4846.65,0.0,153.12,1800.0,3046.65,True
request_76,user_76,2024-06-03,64,2024-08-06,4846.65,0.0,0.0,1800.0,3046.65,True
request_76,user_76,2024-06-03,65,2024-08-07,4846.65,0.0,0.0,1800.0,3046.65,True
request_76,user_76,2024-06-03,66,2024-08-08,4846.65,0.0,0.0,1800.0,3046.65,True
request_76,user_76,2024-06-03,67,2024-08-09,4623.74,0.0,222.91,1800.0,2823.74,True
request_76,user_76,2024-06-03,68,2024-08-10,4530.62,0.0,93.12,1800.0,2730.62,True
request_76,user_76,2024-06-03,69,2024-08-11,4530.62,0.0,0.0,1800.0,2730.62,True
request_76,user_76,2024-06-03,70,2024-08-12,4485.62,0.0,45.0,1800.0,2685.62,True
request_76,user_76,2024-06-03,71,2024-08-13,4373.96,0.0,111.66,1800.0,2573.96,True
request_76,user_76,2024-06-03,72,2024-08-14,4373.96,0.0,0.0,1800.0,2573.96,True
request_76,user_76,2024-06-03,73,2024-08-15,7445.96,3072.0,0.0,1800.0,5645.96,True
request_76,user_76,2024-06-03,74,2024-08-16,7293.05,0.0,152.91,1800.0,5493.05,True
request_76,user_76,2024-06-03,75,2024-08-17,7241.93,0.0,51.12,1800.0,5441.93,True
request_76,user_76,2024-06-03,76,2024-08-18,7159.21,0.0,82.72,1800.0,5359.21,True
request_76,user_76,2024-06-03,77,2024-08-19,7159.21,0.0,0.0,1800.0,5359.21,True
request_76,user_76,2024-06-03,78,2024-08-20,7159.21,0.0,0.0,1800.0,5359.21,True
request_76,user_76,2024-06-03,79,2024-08-21,7159.21,0.0,0.0,1800.0,5359.21,True
request_76,user_76,2024-06-03,80,2024-08-22,7159.21,0.0,0.0,1800.0,5359.21,True
request_76,user_76,2024-06-03,81,2024-08-23,7006.3,0.0,152.91,1800.0,5206.3,True
request_76,user_76,2024-06-03,82,2024-08-24,6955.18,0.0,51.12,1800.0,5155.18,True
request_76,user_76,2024-06-03,83,2024-08-25,6955.18,0.0,0.0,1800.0,5155.18,True
request_76,user_76,2024-06-03,84,2024-08-26,6955.18,0.0,0.0,1800.0,5155.18,True
request_76,user_76,2024-06-03,85,2024-08-27,6955.18,0.0,0.0,1800.0,5155.18,True
request_76,user_76,2024-06-03,86,2024-08-28,6955.18,0.0,0.0,1800.0,5155.18,True
request_76,user_76,2024-06-03,87,2024-08-29,6955.18,0.0,0.0,1800.0,5155.18,True
request_76,user_76,2024-06-03,88,2024-08-30,6802.27,0.0,152.91,1800.0,5002.27,True
request_76,user_76,2024-06-03,89,2024-08-31,6751.15,0.0,51.12,1800.0,4951.15,True
request_76,user_76,2024-06-03,90,2024-09-01,5973.63,0.0,777.52,1800.0,4173.63,True
request_77,user_77,2025-11-05,0,2025-11-05,189860.5,0.0,0.0,82200.0,107660.5,True
request_77,user_77,2025-11-05,1,2025-11-06,182155.99,0.0,7704.51,82200.0,99955.99,True
request_77,user_77,2025-11-05,2,2025-11-07,182155.99,0.0,0.0,82200.0,99955.99,True
request_77,user_77,2025-11-05,3,2025-11-08,182155.99,0.0,0.0,82200.0,99955.99,True
request_77,user_77,2025-11-05,4,2025-11-09,182155.99,0.0,0.0,82200.0,99955.99,True
request_77,user_77,2025-11-05,5,2025-11-10,170528.95,0.0,11627.04,82200.0,88328.95,True
request_77,user_77,2025-11-05,6,2025-11-11,155910.3,0.0,14618.65,82200.0,73710.3,True
request_77,user_77,2025-11-05,7,2025-11-12,155205.3,0.0,705.0,82200.0,73005.3,True
request_77,user_77,2025-11-05,8,2025-11-13,148465.3,0.0,6740.0,82200.0,66265.3,True
request_77,user_77,2025-11-05,9,2025-11-14,148465.3,0.0,0.0,82200.0,66265.3,True
request_77,user_77,2025-11-05,10,2025-11-15,259465.3,111000.0,0.0,82200.0,177265.3,True
request_77,user_77,2025-11-05,11,2025-11-16,259465.3,0.0,0.0,82200.0,177265.3,True
request_77,user_77,2025-11-05,12,2025-11-17,255698.59,0.0,3766.71,82200.0,173498.59,True
request_77,user_77,2025-11-05,13,2025-11-18,255698.59,0.0,0.0,82200.0,173498.59,True
request_77,user_77,2025-11-05,14,2025-11-19,255698.59,0.0,0.0,82200.0,173498.59,True
request_77,user_77,2025-11-05,15,2025-11-20,255698.59,0.0,0.0,82200.0,173498.59,True
request_77,user_77,2025-11-05,16,2025-11-21,255698.59,0.0,0.0,82200.0,173498.59,True
request_77,user_77,2025-11-05,17,2025-11-22,255698.59,0.0,0.0,82200.0,173498.59,True
request_77,user_77,2025-11-05,18,2025-11-23,255698.59,0.0,0.0,82200.0,173498.59,True
request_77,user_77,2025-11-05,19,2025-11-24,251931.88,0.0,3766.71,82200.0,169731.88,True
request_77,user_77,2025-11-05,20,2025-11-25,249813.23,0.0,2118.65,82200.0,167613.23,True
request_77,user_77,2025-11-05,21,2025-11-26,249813.23,0.0,0.0,82200.0,167613.23,True
request_77,user_77,2025-11-05,22,2025-11-27,249813.23,0.0,0.0,82200.0,167613.23,True
request_77,user_77,2025-11-05,23,2025-11-28,249813.23,0.0,0.0,82200.0,167613.23,True
request_77,user_77,2025-11-05,24,2025-11-29,249813.23,0.0,0.0,82200.0,167613.23,True
request_77,user_77,2025-11-05,25,2025-11-30,249813.23,0.0,0.0,82200.0,167613.23,True
request_77,user_77,2025-11-05,26,2025-12-01,246046.52,0.0,3766.71,82200.0,163846.52,True
request_77,user_77,2025-11-05,27,2025-12-02,220846.52,0.0,25200.0,82200.0,138646.52,True
request_77,user_77,2025-11-05,28,2025-12-03,220846.52,0.0,0.0,82200.0,138646.52,True
request_77,user_77,2025-11-05,29,2025-12-04,220846.52,0.0,0.0,82200.0,138646.52,True
request_77,user_77,2025-11-05,30,2025-12-05,220846.52,0.0,0.0,82200.0,138646.52,True
request_77,user_77,2025-11-05,31,2025-12-06,213142.01,0.0,7704.51,82200.0,130942.01,True
request_77,user_77,2025-11-05,32,2025-12-07,213142.01,0.0,0.0,82200.0,130942.01,True
request_77,user_77,2025-11-05,33,2025-12-08,209375.3,0.0,3766.71,82200.0,127175.3,True
request_77,user_77,2025-11-05,34,2025-12-09,207256.65,0.0,2118.65,82200.0,125056.65,True
request_77,user_77,2025-11-05,35,2025-12-10,199396.32,0.0,7860.33,82200.0,117196.32,True
request_77,user_77,2025-11-05,36,2025-12-11,186896.32,0.0,12500.0,82200.0,104696.32,True
request_77,user_77,2025-11-05,37,2025-12-12,186191.32,0.0,705.0,82200.0,103991.32,True
request_77,user_77,2025-11-05,38,2025-12-13,179451.32,0.0,6740.0,82200.0,97251.32,True
request_77,user_77,2025-11-05,39,2025-12-14,179451.32,0.0,0.0,82200.0,97251.32,True
request_77,user_77,2025-11-05,40,2025-12-15,286684.61,111000.0,3766.71,82200.0,204484.61,True
request_77,user_77,2025-11-05,41,2025-12-16,286684.61,0.0,0.0,82200.0,204484.61,True
request_77,user_77,2025-11-05,42,2025-12-17,286684.61,0.0,0.0,82200.0,204484.61,True
request_77,user_77,2025-11-05,43,2025-12-18,286684.61,0.0,0.0,82200.0,204484.61,True
request_77,user_77,2025-11-05,44,2025-12-19,286684.61,0.0,0.0,82200.0,204484.61,True
request_77,user_77,2025-11-05,45,2025-12-20,286684.61,0.0,0.0,82200.0,204484.61,True
request_77,user_77,2025-11-05,46,2025-12-21,286684.61,0.0,0.0,82200.0,204484.61,True
request_77,user_77,2025-11-05,47,2025-12-22,282917.9,0.0,3766.71,82200.0,200717.9,True
request_77,user_77,2025-11-05,48,2025-12-23,280799.25,0.0,2118.65,82200.0,198599.25,True
request_77,user_77,2025-11-05,49,2025-12-24,280799.25,0.0,0.0,82200.0,198599.25,True
request_77,user_77,2025-11-05,50,2025-12-25,280799.25,0.0,0.0,82200.0,198599.25,True
request_77,user_77,2025-11-05,51,2025-12-26,280799.25,0.0,0.0,82200.0,198599.25,True
request_77,user_77,2025-11-05,52,2025-12-27,280799.25,0.0,0.0,82200.0,198599.25,True
request_77,user_77,2025-11-05,53,2025-12-28,280799.25,0.0,0.0,82200.0,198599.25,True
request_77,user_77,2025-11-05,54,2025-12-29,277032.54,0.0,3766.71,82200.0,194832.54,True
request_77,user_77,2025-11-05,55,2025-12-30,277032.54,0.0,0.0,82200.0,194832.54,True
request_77,user_77,2025-11-05,56,2025-12-31,277032.54,0.0,0.0,82200.0,194832.54,True
request_77,user_77,2025-11-05,57,2026-01-01,277032.54,0.0,0.0,82200.0,194832.54,True
request_77,user_77,2025-11-05,58,2026-01-02,251832.54,0.0,25200.0,82200.0,169632.54,True
request_77,user_77,2025-11-05,59,2026-01-03,251832.54,0.0,0.0,82200.0,169632.54,True
request_77,user_77,2025-11-05,60,2026-01-04,251832.54,0.0,0.0,82200.0,169632.54,True
request_77,user_77,2025-11-05,61,2026-01-05,248065.83,0.0,3766.71,82200.0,165865.83,True
request_77,user_77,2025-11-05,62,2026-01-06,238242.67,0.0,9823.16,82200.0,156042.67,True
request_77,user_77,2025-11-05,63,2026-01-07,238242.67,0.0,0.0,82200.0,156042.67,True
request_77,user_77,2025-11-05,64,2026-01-08,238242.67,0.0,0.0,82200.0,156042.67,True
request_77,user_77,2025-11-05,65,2026-01-09,238242.67,0.0,0.0,82200.0,156042.67,True
request_77,user_77,2025-11-05,66,2026-01-10,230382.34,0.0,7860.33,82200.0,148182.34,True
request_77,user_77,2025-11-05,67,2026-01-11,217882.34,0.0,12500.0,82200.0,135682.34,True
request_77,user_77,2025-11-05,68,2026-01-12,213410.63,0.0,4471.71,82200.0,131210.63,True
request_77,user_77,2025-11-05,69,2026-01-13,206670.63,0.0,6740.0,82200.0,124470.63,True
request_77,user_77,2025-11-05,70,2026-01-14,206670.63,0.0,0.0,82200.0,124470.63,True
request_77,user_77,2025-11-05,71,2026-01-15,317670.63,111000.0,0.0,82200.0,235470.63,True
request_77,user_77,2025-11-05,72,2026-01-16,317670.63,0.0,0.0,82200.0,235470.63,True
request_77,user_77,2025-11-05,73,2026-01-17,317670.63,0.0,0.0,82200.0,235470.63,True
request_77,user_77,2025-11-05,74,2026-01-18,317670.63,0.0,0.0,82200.0,235470.63,True
request_77,user_77,2025-11-05,75,2026-01-19,313903.92,0.0,3766.71,82200.0,231703.92,True
request_77,user_77,2025-11-05,76,2026-01-20,311785.27,0.0,2118.65,82200.0,229585.27,True
request_77,user_77,2025-11-05,77,2026-01-21,311785.27,0.0,0.0,82200.0,229585.27,True
request_77,user_77,2025-11-05,78,2026-01-22,311785.27,0.0,0.0,82200.0,229585.27,True
request_77,user_77,2025-11-05,79,2026-01-23,311785.27,0.0,0.0,82200.0,229585.27,True
request_77,user_77,2025-11-05,80,2026-01-24,311785.27,0.0,0.0,82200.0,229585.27,True
request_77,user_77,2025-11-05,81,2026-01-25,311785.27,0.0,0.0,82200.0,229585.27,True
request_77,user_77,2025-11-05,82,2026-01-26,308018.56,0.0,3766.71,82200.0,225818.56,True
request_77,user_77,2025-11-05,83,2026-01-27,308018.56,0.0,0.0,82200.0,225818.56,True
request_77,user_77,2025-11-05,84,2026-01-28,308018.56,0.0,0.0,82200.0,225818.56,True
request_77,user_77,2025-11-05,85,2026-01-29,308018.56,0.0,0.0,82200.0,225818.56,True
request_77,user_77,2025-11-05,86,2026-01-30,308018.56,0.0,0.0,82200.0,225818.56,True
request_77,user_77,2025-11-05,87,2026-01-31,308018.56,0.0,0.0,82200.0,225818.56,True
request_77,user_77,2025-11-05,88,2026-02-01,308018.56,0.0,0.0,82200.0,225818.56,True
request_77,user_77,2025-11-05,89,2026-02-02,279051.85,0.0,28966.71,82200.0,196851.85,True
request_77,user_77,2025-11-05,90,2026-02-03,276933.2,0.0,2118.65,82200.0,194733.2,True
request_78,user_78,2025-10-02,0,2025-10-02,156676.0,0.0,0.0,55200.0,101476.0,True
request_78,user_78,2025-10-02,1,2025-10-03,126312.28,0.0,30363.72,55200.0,71112.28,True
request_78,user_78,2025-10-02,2,2025-10-04,126312.28,0.0,0.0,55200.0,71112.28,True
request_78,user_78,2025-10-02,3,2025-10-05,126312.28,0.0,0.0,55200.0,71112.28,True
request_78,user_78,2025-10-02,4,2025-10-06,122619.42,0.0,3692.86,55200.0,67419.42,True
request_78,user_78,2025-10-02,5,2025-10-07,117078.47,0.0,5540.95,55200.0,61878.47,True
request_78,user_78,2025-10-02,6,2025-10-08,114288.47,0.0,2790.0,55200.0,59088.47,True
request_78,user_78,2025-10-02,7,2025-10-09,114288.47,0.0,0.0,55200.0,59088.47,True
request_78,user_78,2025-10-02,8,2025-10-10,110514.75,0.0,3773.72,55200.0,55314.75,True
request_78,user_78,2025-10-02,9,2025-10-11,110481.25,0.0,33.5,55200.0,55281.25,True
request_78,user_78,2025-10-02,10,2025-10-12,110481.25,0.0,0.0,55200.0,55281.25,True
request_78,user_78,2025-10-02,11,2025-10-13,110066.25,0.0,415.0,55200.0,54866.25,True
request_78,user_78,2025-10-02,12,2025-10-14,110066.25,0.0,0.0,55200.0,54866.25,True
request_78,user_78,2025-10-02,13,2025-10-15,196923.23,89000.0,2143.02,55200.0,141723.23,True
request_78,user_78,2025-10-02,14,2025-10-16,193230.37,0.0,3692.86,55200.0,138030.37,True
request_78,user_78,2025-10-02,15,2025-10-17,191066.65,0.0,2163.72,55200.0,135866.65,True
request_78,user_78,2025-10-02,16,2025-10-18,191066.65,0.0,0.0,55200.0,135866.65,True
request_78,user_78,2025-10-02,17,2025-10-19,191066.65,0.0,0.0,55200.0,135866.65,True
request_78,user_78,2025-10-02,18,2025-10-20,191066.65,0.0,0.0,55200.0,135866.65,True
request_78,user_78,2025-10-02,19,2025-10-21,191033.15,0.0,33.5,55200.0,135833.15,True
request_78,user_78,2025-10-02,20,2025-10-22,191033.15,0.0,0.0,55200.0,135833.15,True
request_78,user_78,2025-10-02,21,2025-10-23,191033.15,0.0,0.0,55200.0,135833.15,True
request_78,user_78,2025-10-02,22,2025-10-24,188869.43,0.0,2163.72,55200.0,133669.43,True
request_78,user_78,2025-10-02,23,2025-10-25,188869.43,0.0,0.0,55200.0,133669.43,True
request_78,user_78,2025-10-02,24,2025-10-26,185176.57,0.0,3692.86,55200.0,129976.57,True
request_78,user_78,2025-10-02,25,2025-10-27,185176.57,0.0,0.0,55200.0,129976.57,True
request_78,user_78,2025-10-02,26,2025-10-28,185176.57,0.0,0.0,55200.0,129976.57,True
request_78,user_78,2025-10-02,27,2025-10-29,185176.57,0.0,0.0,55200.0,129976.57,True
request_78,user_78,2025-10-02,28,2025-10-30,185176.57,0.0,0.0,55200.0,129976.57,True
request_78,user_78,2025-10-02,29,2025-10-31,182979.35,0.0,2197.22,55200.0,127779.35,True
request_78,user_78,2025-10-02,30,2025-11-01,182979.35,0.0,0.0,55200.0,127779.35,True
request_78,user_78,2025-10-02,31,2025-11-02,182979.35,0.0,0.0,55200.0,127779.35,True
request_78,user_78,2025-10-02,32,2025-11-03,154779.35,0.0,28200.0,55200.0,99579.35,True
request_78,user_78,2025-10-02,33,2025-11-04,154779.35,0.0,0.0,55200.0,99579.35,True
request_78,user_78,2025-10-02,34,2025-11-05,151086.49,0.0,3692.86,55200.0,95886.49,True
request_78,user_78,2025-10-02,35,2025-11-06,151086.49,0.0,0.0,55200.0,95886.49,True
request_78,user_78,2025-10-02,36,2025-11-07,143381.82,0.0,7704.67,55200.0,88181.82,True
request_78,user_78,2025-10-02,37,2025-11-08,140591.82,0.0,2790.0,55200.0,85391.82,True
request_78,user_78,2025-10-02,38,2025-11-09,140591.82,0.0,0.0,55200.0,85391.82,True
request_78,user_78,2025-10-02,39,2025-11-10,138948.32,0.0,1643.5,55200.0,83748.32,True
request_78,user_78,2025-10-02,40,2025-11-11,138948.32,0.0,0.0,55200.0,83748.32,True
request_78,user_78,2025-10-02,41,2025-11-12,138948.32,0.0,0.0,55200.0,83748.32,True
request_78,user_78,2025-10-02,42,2025-11-13,138533.32,0.0,415.0,55200.0,83333.32,True
request_78,user_78,2025-10-02,43,2025-11-14,136369.6,0.0,2163.72,55200.0,81169.6,True
request_78,user_78,2025-10-02,44,2025-11-15,219533.72,89000.0,5835.88,55200.0,164333.72,True
request_78,user_78,2025-10-02,45,2025-11-16,219533.72,0.0,0.0,55200.0,164333.72,True
request_78,user_78,2025-10-02,46,2025-11-17,219533.72,0.0,0.0,55200.0,164333.72,True
request_78,user_78,2025-10-02,47,2025-11-18,219533.72,0.0,0.0,55200.0,164333.72,True
request_78,user_78,2025-10-02,48,2025-11-19,219533.72,0.0,0.0,55200.0,164333.72,True
request_78,user_78,2025-10-02,49,2025-11-20,219500.22,0.0,33.5,55200.0,164300.22,True
request_78,user_78,2025-10-02,50,2025-11-21,217336.5,0.0,2163.72,55200.0,162136.5,True
request_78,user_78,2025-10-02,51,2025-11-22,217336.5,0.0,0.0,55200.0,162136.5,True
request_78,user_78,2025-10-02,52,2025-11-23,217336.5,0.0,0.0,55200.0,162136.5,True
request_78,user_78,2025-10-02,53,2025-11-24,217336.5,0.0,0.0,55200.0,162136.5,True
request_78,user_78,2025-10-02,54,2025-11-25,213643.64,0.0,3692.86,55200.0,158443.64,True
request_78,user_78,2025-10-02,55,2025-11-26,213643.64,0.0,0.0,55200.0,158443.64,True
request_78,user_78,2025-10-02,56,2025-11-27,213643.64,0.0,0.0,55200.0,158443.64,True
request_78,user_78,2025-10-02,57,2025-11-28,211479.92,0.0,2163.72,55200.0,156279.92,True
request_78,user_78,2025-10-02,58,2025-11-29,211479.92,0.0,0.0,55200.0,156279.92,True
request_78,user_78,2025-10-02,59,2025-11-30,211446.42,0.0,33.5,55200.0,156246.42,True
request_78,user_78,2025-10-02,60,2025-12-01,211446.42,0.0,0.0,55200.0,156246.42,True
request_78,user_78,2025-10-02,61,2025-12-02,211446.42,0.0,0.0,55200.0,156246.42,True
request_78,user_78,2025-10-02,62,2025-12-03,183246.42,0.0,28200.0,55200.0,128046.42,True
request_78,user_78,2025-10-02,63,2025-12-04,183246.42,0.0,0.0,55200.0,128046.42,True
request_78,user_78,2025-10-02,64,2025-12-05,177389.84,0.0,5856.58,55200.0,122189.84,True
request_78,user_78,2025-10-02,65,2025-12-06,177389.84,0.0,0.0,55200.0,122189.84,True
request_78,user_78,2025-10-02,66,2025-12-07,171848.89,0.0,5540.95,55200.0,116648.89,True
request_78,user_78,2025-10-02,67,2025-12-08,169058.89,0.0,2790.0,55200.0,113858.89,True
request_78,user_78,2025-10-02,68,2025-12-09,169058.89,0.0,0.0,55200.0,113858.89,True
request_78,user_78,2025-10-02,69,2025-12-10,167415.39,0.0,1643.5,55200.0,112215.39,True
request_78,user_78,2025-10-02,70,2025-12-11,167415.39,0.0,0.0,55200.0,112215.39,True
request_78,user_78,2025-10-02,71,2025-12-12,165251.67,0.0,2163.72,55200.0,110051.67,True
request_78,user_78,2025-10-02,72,2025-12-13,164836.67,0.0,415.0,55200.0,109636.67,True
request_78,user_78,2025-10-02,73,2025-12-14,164836.67,0.0,0.0,55200.0,109636.67,True
request_78,user_78,2025-10-02,74,2025-12-15,248000.79,89000.0,5835.88,55200.0,192800.79,True
request_78,user_78,2025-10-02,75,2025-12-16,248000.79,0.0,0.0,55200.0,192800.79,True
request_78,user_78,2025-10-02,76,2025-12-17,248000.79,0.0,0.0,55200.0,192800.79,True
request_78,user_78,2025-10-02,77,2025-12-18,248000.79,0.0,0.0,55200.0,192800.79,True
request_78,user_78,2025-10-02,78,2025-12-19,245837.07,0.0,2163.72,55200.0,190637.07,True
request_78,user_78,2025-10-02,79,2025-12-20,245803.57,0.0,33.5,55200.0,190603.57,True
request_78,user_78,2025-10-02,80,2025-12-21,245803.57,0.0,0.0,55200.0,190603.57,True
request_78,user_78,2025-10-02,81,2025-12-22,245803.57,0.0,0.0,55200.0,190603.57,True
request_78,user_78,2025-10-02,82,2025-12-23,245803.57,0.0,0.0,55200.0,190603.57,True
request_78,user_78,2025-10-02,83,2025-12-24,245803.57,0.0,0.0,55200.0,190603.57,True
request_78,user_78,2025-10-02,84,2025-12-25,242110.71,0.0,3692.86,55200.0,186910.71,True
request_78,user_78,2025-10-02,85,2025-12-26,239946.99,0.0,2163.72,55200.0,184746.99,True
request_78,user_78,2025-10-02,86,2025-12-27,239946.99,0.0,0.0,55200.0,184746.99,True
request_78,user_78,2025-10-02,87,2025-12-28,239946.99,0.0,0.0,55200.0,184746.99,True
request_78,user_78,2025-10-02,88,2025-12-29,239946.99,0.0,0.0,55200.0,184746.99,True
request_78,user_78,2025-10-02,89,2025-12-30,239913.49,0.0,33.5,55200.0,184713.49,True
request_78,user_78,2025-10-02,90,2025-12-31,239913.49,0.0,0.0,55200.0,184713.49,True
request_79,user_79,2024-09-04,0,2024-09-04,1717.98,0.0,386.1,1000.0,717.98,True
request_79,user_79,2024-09-04,1,2024-09-05,1688.24,0.0,29.74,1000.0,688.24,True
request_79,user_79,2024-09-04,2,2024-09-06,1688.24,0.0,0.0,1000.0,688.24,True
request_79,user_79,2024-09-04,3,2024-09-07,1688.24,0.0,0.0,1000.0,688.24,True
request_79,user_79,2024-09-04,4,2024-09-08,1523.52,0.0,164.72,1000.0,523.52,True
request_79,user_79,2024-09-04,5,2024-09-09,1406.55,0.0,116.97,1000.0,406.55,True
request_79,user_79,2024-09-04,6,2024-09-10,1376.81,0.0,29.74,1000.0,376.81,True
request_79,user_79,2024-09-04,7,2024-09-11,1343.81,0.0,33.0,1000.0,343.81,True
request_79,user_79,2024-09-04,8,2024-09-12,1343.81,0.0,0.0,1000.0,343.81,True
request_79,user_79,2024-09-04,9,2024-09-13,1343.81,0.0,0.0,1000.0,343.81,True
request_79,user_79,2024-09-04,10,2024-09-14,1332.81,0.0,11.0,1000.0,332.81,True
request_79,user_79,2024-09-04,11,2024-09-15,2663.85,1428.0,96.96,1000.0,1663.85,True
request_79,user_79,2024-09-04,12,2024-09-16,2633.15,0.0,30.7,1000.0,1633.15,True
request_79,user_79,2024-09-04,13,2024-09-17,2633.15,0.0,0.0,1000.0,1633.15,True
request_79,user_79,2024-09-04,14,2024-09-18,2633.15,0.0,0.0,1000.0,1633.15,True
request_79,user_79,2024-09-04,15,2024-09-19,2568.18,0.0,64.97,1000.0,1568.18,True
request_79,user_79,2024-09-04,16,2024-09-20,2538.44,0.0,29.74,1000.0,1538.44,True
request_79,user_79,2024-09-04,17,2024-09-21,2538.44,0.0,0.0,1000.0,1538.44,True
request_79,user_79,2024-09-04,18,2024-09-22,2471.22,0.0,67.22,1000.0,1471.22,True
request_79,user_79,2024-09-04,19,2024-09-23,2471.22,0.0,0.0,1000.0,1471.22,True
request_79,user_79,2024-09-04,20,2024-09-24,2471.22,0.0,0.0,1000.0,1471.22,True
request_79,user_79,2024-09-04,21,2024-09-25,2441.48,0.0,29.74,1000.0,1441.48,True
request_79,user_79,2024-09-04,22,2024-09-26,2441.48,0.0,0.0,1000.0,1441.48,True
request_79,user_79,2024-09-04,23,2024-09-27,2441.48,0.0,0.0,1000.0,1441.48,True
request_79,user_79,2024-09-04,24,2024-09-28,2441.48,0.0,0.0,1000.0,1441.48,True
request_79,user_79,2024-09-04,25,2024-09-29,2309.29,0.0,132.19,1000.0,1309.29,True
request_79,user_79,2024-09-04,26,2024-09-30,2279.55,0.0,29.74,1000.0,1279.55,True
request_79,user_79,2024-09-04,27,2024-10-01,2279.55,0.0,0.0,1000.0,1279.55,True
request_79,user_79,2024-09-04,28,2024-10-02,2279.55,0.0,0.0,1000.0,1279.55,True
request_79,user_79,2024-09-04,29,2024-10-03,2279.55,0.0,0.0,1000.0,1279.55,True
request_79,user_79,2024-09-04,30,2024-10-04,1893.45,0.0,386.1,1000.0,893.45,True
request_79,user_79,2024-09-04,31,2024-10-05,1863.71,0.0,29.74,1000.0,863.71,True
request_79,user_79,2024-09-04,32,2024-10-06,1796.49,0.0,67.22,1000.0,796.49,True
request_79,user_79,2024-09-04,33,2024-10-07,1796.49,0.0,0.0,1000.0,796.49,True
request_79,user_79,2024-09-04,34,2024-10-08,1698.99,0.0,97.5,1000.0,698.99,True
request_79,user_79,2024-09-04,35,2024-10-09,1582.02,0.0,116.97,1000.0,582.02,True
request_79,user_79,2024-09-04,36,2024-10-10,1552.28,0.0,29.74,1000.0,552.28,True
request_79,user_79,2024-09-04,37,2024-10-11,1519.28,0.0,33.0,1000.0,519.28,True
request_79,user_79,2024-09-04,38,2024-10-12,1519.28,0.0,0.0,1000.0,519.28,True
request_79,user_79,2024-09-04,39,2024-10-13,1452.06,0.0,67.22,1000.0,452.06,True
request_79,user_79,2024-09-04,40,2024-10-14,1441.06,0.0,11.0,1000.0,441.06,True
request_79,user_79,2024-09-04,41,2024-10-15,2839.32,1428.0,29.74,1000.0,1839.32,True
request_79,user_79,2024-09-04,42,2024-10-16,2808.62,0.0,30.7,1000.0,1808.62,True
request_79,user_79,2024-09-04,43,2024-10-17,2808.62,0.0,0.0,1000.0,1808.62,True
request_79,user_79,2024-09-04,44,2024-10-18,2808.62,0.0,0.0,1000.0,1808.62,True
request_79,user_79,2024-09-04,45,2024-10-19,2743.65,0.0,64.97,1000.0,1743.65,True
request_79,user_79,2024-09-04,46,2024-10-20,2646.69,0.0,96.96,1000.0,1646.69,True
request_79,user_79,2024-09-04,47,2024-10-21,2646.69,0.0,0.0,1000.0,1646.69,True
request_79,user_79,2024-09-04,48,2024-10-22,2646.69,0.0,0.0,1000.0,1646.69,True
request_79,user_79,2024-09-04,49,2024-10-23,2646.69,0.0,0.0,1000.0,1646.69,True
request_79,user_79,2024-09-04,50,2024-10-24,2646.69,0.0,0.0,1000.0,1646.69,True
request_79,user_79,2024-09-04,51,2024-10-25,2616.95,0.0,29.74,1000.0,1616.95,True
request_79,user_79,2024-09-04,52,2024-10-26,2616.95,0.0,0.0,1000.0,1616.95,True
request_79,user_79,2024-09-04,53,2024-10-27,2549.73,0.0,67.22,1000.0,1549.73,True
request_79,user_79,2024-09-04,54,2024-10-28,2549.73,0.0,0.0,1000.0,1549.73,True
request_79,user_79,2024-09-04,55,2024-10-29,2484.76,0.0,64.97,1000.0,1484.76,True
request_79,user_79,2024-09-04,56,2024-10-30,2455.02,0.0,29.74,1000.0,1455.02,True
request_79,user_79,2024-09-04,57,2024-10-31,2455.02,0.0,0.0,1000.0,1455.02,True
request_79,user_79,2024-09-04,58,2024-11-01,2455.02,0.0,0.0,1000.0,1455.02,True
request_79,user_79,2024-09-04,59,2024-11-02,2455.02,0.0,0.0,1000.0,1455.02,True
request_79,user_79,2024-09-04,60,2024-11-03,2387.8,0.0,67.22,1000.0,1387.8,True
request_79,user_79,2024-09-04,61,2024-11-04,1971.96,0.0,415.84,1000.0,971.96,True
request_79,user_79,2024-09-04,62,2024-11-05,1971.96,0.0,0.0,1000.0,971.96,True
request_79,user_79,2024-09-04,63,2024-11-06,1971.96,0.0,0.0,1000.0,971.96,True
request_79,user_79,2024-09-04,64,2024-11-07,1971.96,0.0,0.0,1000.0,971.96,True
request_79,user_79,2024-09-04,65,2024-11-08,1809.49,0.0,162.47,1000.0,809.49,True
request_79,user_79,2024-09-04,66,2024-11-09,1727.75,0.0,81.74,1000.0,727.75,True
request_79,user_79,2024-09-04,67,2024-11-10,1660.53,0.0,67.22,1000.0,660.53,True
request_79,user_79,2024-09-04,68,2024-11-11,1627.53,0.0,33.0,1000.0,627.53,True
request_79,user_79,2024-09-04,69,2024-11-12,1627.53,0.0,0.0,1000.0,627.53,True
request_79,user_79,2024-09-04,70,2024-11-13,1627.53,0.0,0.0,1000.0,627.53,True
request_79,user_79,2024-09-04,71,2024-11-14,1586.79,0.0,40.74,1000.0,586.79,True
request_79,user_79,2024-09-04,72,2024-11-15,3014.79,1428.0,0.0,1000.0,2014.79,True
request_79,user_79,2024-09-04,73,2024-11-16,2984.09,0.0,30.7,1000.0,1984.09,True
request_79,user_79,2024-09-04,74,2024-11-17,2916.87,0.0,67.22,1000.0,1916.87,True
request_79,user_79,2024-09-04,75,2024-11-18,2851.9,0.0,64.97,1000.0,1851.9,True
request_79,user_79,2024-09-04,76,2024-11-19,2822.16,0.0,29.74,1000.0,1822.16,True
request_79,user_79,2024-09-04,77,2024-11-20,2822.16,0.0,0.0,1000.0,1822.16,True
request_79,user_79,2024-09-04,78,2024-11-21,2822.16,0.0,0.0,1000.0,1822.16,True
request_79,user_79,2024-09-04,79,2024-11-22,2822.16,0.0,0.0,1000.0,1822.16,True
request_79,user_79,2024-09-04,80,2024-11-23,2822.16,0.0,0.0,1000.0,1822.16,True
request_79,user_79,2024-09-04,81,2024-11-24,2725.2,0.0,96.96,1000.0,1725.2,True
request_79,user_79,2024-09-04,82,2024-11-25,2725.2,0.0,0.0,1000.0,1725.2,True
request_79,user_79,2024-09-04,83,2024-11-26,2725.2,0.0,0.0,1000.0,1725.2,True
request_79,user_79,2024-09-04,84,2024-11-27,2725.2,0.0,0.0,1000.0,1725.2,True
request_79,user_79,2024-09-04,85,2024-11-28,2660.23,0.0,64.97,1000.0,1660.23,True
request_79,user_79,2024-09-04,86,2024-11-29,2630.49,0.0,29.74,1000.0,1630.49,True
request_79,user_79,2024-09-04,87,2024-11-30,2630.49,0.0,0.0,1000.0,1630.49,True
request_79,user_79,2024-09-04,88,2024-12-01,2563.27,0.0,67.22,1000.0,1563.27,True
request_79,user_79,2024-09-04,89,2024-12-02,2563.27,0.0,0.0,1000.0,1563.27,True
request_79,user_79,2024-09-04,90,2024-12-03,2563.27,0.0,0.0,1000.0,1563.27,True
request_80,user_80,2025-02-06,0,2025-02-06,280125.0,0.0,0.0,121300.0,158825.0,True
request_80,user_80,2025-02-06,1,2025-02-07,258055.0,0.0,22070.0,121300.0,136755.0,True
request_80,user_80,2025-02-06,2,2025-02-08,258055.0,0.0,0.0,121300.0,136755.0,True
request_80,user_80,2025-02-06,3,2025-02-09,258055.0,0.0,0.0,121300.0,136755.0,True
request_80,user_80,2025-02-06,4,2025-02-10,242212.02,0.0,15842.98,121300.0,120912.02,True
request_80,user_80,2025-02-06,5,2025-02-11,238903.22,0.0,3308.8,121300.0,117603.22,True
request_80,user_80,2025-02-06,6,2025-02-12,233845.1,0.0,5058.12,121300.0,112545.1,True
request_80,user_80,2025-02-06,7,2025-02-13,233845.1,0.0,0.0,121300.0,112545.1,True
request_80,user_80,2025-02-06,8,2025-02-14,233845.1,0.0,0.0,121300.0,112545.1,True
request_80,user_80,2025-02-06,9,2025-02-15,271225.57,37380.47,0.0,121300.0,149925.57,True
request_80,user_80,2025-02-06,10,2025-02-16,271225.57,0.0,0.0,121300.0,149925.57,True
request_80,user_80,2025-02-06,11,2025-02-17,265607.59,0.0,5617.98,121300.0,144307.59,True
request_80,user_80,2025-02-06,12,2025-02-18,262298.79,0.0,3308.8,121300.0,140998.79,True
request_80,user_80,2025-02-06,13,2025-02-19,262298.79,0.0,0.0,121300.0,140998.79,True
request_80,user_80,2025-02-06,14,2025-02-20,262298.79,0.0,0.0,121300.0,140998.79,True
request_80,user_80,2025-02-06,15,2025-02-21,262298.79,0.0,0.0,121300.0,140998.79,True
request_80,user_80,2025-02-06,16,2025-02-22,262298.79,0.0,0.0,121300.0,140998.79,True
request_80,user_80,2025-02-06,17,2025-02-23,262298.79,0.0,0.0,121300.0,140998.79,True
request_80,user_80,2025-02-06,18,2025-02-24,256680.81,0.0,5617.98,121300.0,135380.81,True
request_80,user_80,2025-02-06,19,2025-02-25,253372.01,0.0,3308.8,121300.0,132072.01,True
request_80,user_80,2025-02-06,20,2025-02-26,249433.89,0.0,3938.12,121300.0,128133.89,True
request_80,user_80,2025-02-06,21,2025-02-27,249433.89,0.0,0.0,121300.0,128133.89,True
request_80,user_80,2025-02-06,22,2025-02-28,249433.89,0.0,0.0,121300.0,128133.89,True
request_80,user_80,2025-02-06,23,2025-03-01,197433.89,0.0,52000.0,121300.0,76133.89,True
request_80,user_80,2025-02-06,24,2025-03-02,197433.89,0.0,0.0,121300.0,76133.89,True
request_80,user_80,2025-02-06,25,2025-03-03,191815.91,0.0,5617.98,121300.0,70515.91,True
request_80,user_80,2025-02-06,26,2025-03-04,188507.11,0.0,3308.8,121300.0,67207.11,True
request_80,user_80,2025-02-06,27,2025-03-05,182093.77,0.0,6413.34,121300.0,60793.77,True
request_80,user_80,2025-02-06,28,2025-03-06,182093.77,0.0,0.0,121300.0,60793.77,True
request_80,user_80,2025-02-06,29,2025-03-07,166733.77,0.0,15360.0,121300.0,45433.77,True
request_80,user_80,2025-02-06,30,2025-03-08,166733.77,0.0,0.0,121300.0,45433.77,True
request_80,user_80,2025-02-06,31,2025-03-09,166733.77,0.0,0.0,121300.0,45433.77,True
request_80,user_80,2025-02-06,32,2025-03-10,150890.79,0.0,15842.98,121300.0,29590.79,True
request_80,user_80,2025-02-06,33,2025-03-11,147581.99,0.0,3308.8,121300.0,26281.99,True
request_80,user_80,2025-02-06,34,2025-03-12,142523.87,0.0,5058.12,121300.0,21223.87,True
request_80,user_80,2025-02-06,35,2025-03-13,142523.87,0.0,0.0,121300.0,21223.87,True
request_80,user_80,2025-02-06,36,2025-03-14,142523.87,0.0,0.0,121300.0,21223.87,True
request_80,user_80,2025-02-06,37,2025-03-15,179904.34,37380.47,0.0,121300.0,58604.34,True
request_80,user_80,2025-02-06,38,2025-03-16,179904.34,0.0,0.0,121300.0,58604.34,True
request_80,user_80,2025-02-06,39,2025-03-17,174286.36,0.0,5617.98,121300.0,52986.36,True
request_80,user_80,2025-02-06,40,2025-03-18,170977.56,0.0,3308.8,121300.0,49677.56,True
request_80,user_80,2025-02-06,41,2025-03-19,170977.56,0.0,0.0,121300.0,49677.56,True
request_80,user_80,2025-02-06,42,2025-03-20,170977.56,0.0,0.0,121300.0,49677.56,True
request_80,user_80,2025-02-06,43,2025-03-21,170977.56,0.0,0.0,121300.0,49677.56,True
request_80,user_80,2025-02-06,44,2025-03-22,170977.56,0.0,0.0,121300.0,49677.56,True
request_80,user_80,2025-02-06,45,2025-03-23,170977.56,0.0,0.0,121300.0,49677.56,True
request_80,user_80,2025-02-06,46,2025-03-24,165359.58,0.0,5617.98,121300.0,44059.58,True
request_80,user_80,2025-02-06,47,2025-03-25,162050.78,0.0,3308.8,121300.0,40750.78,True
request_80,user_80,2025-02-06,48,2025-03-26,158112.66,0.0,3938.12,121300.0,36812.66,True
request_80,user_80,2025-02-06,49,2025-03-27,158112.66,0.0,0.0,121300.0,36812.66,True
request_80,user_80,2025-02-06,50,2025-03-28,158112.66,0.0,0.0,121300.0,36812.66,True
request_80,user_80,2025-02-06,51,2025-03-29,158112.66,0.0,0.0,121300.0,36812.66,True
request_80,user_80,2025-02-06,52,2025-03-30,158112.66,0.0,0.0,121300.0,36812.66,True
request_80,user_80,2025-02-06,53,2025-03-31,152494.68,0.0,5617.98,121300.0,31194.68,True
request_80,user_80,2025-02-06,54,2025-04-01,97185.88,0.0,55308.8,121300.0,-24114.12,False
request_80,user_80,2025-02-06,55,2025-04-02,97185.88,0.0,0.0,121300.0,-24114.12,False
request_80,user_80,2025-02-06,56,2025-04-03,97185.88,0.0,0.0,121300.0,-24114.12,False
request_80,user_80,2025-02-06,57,2025-04-04,97185.88,0.0,0.0,121300.0,-24114.12,False
request_80,user_80,2025-02-06,58,2025-04-05,90772.54,0.0,6413.34,121300.0,-30527.46,False
request_80,user_80,2025-02-06,59,2025-04-06,90772.54,0.0,0.0,121300.0,-30527.46,False
request_80,user_80,2025-02-06,60,2025-04-07,69794.56,0.0,20977.98,121300.0,-51505.44,False
request_80,user_80,2025-02-06,61,2025-04-08,66485.76,0.0,3308.8,121300.0,-54814.24,False
request_80,user_80,2025-02-06,62,2025-04-09,62547.64,0.0,3938.12,121300.0,-58752.36,False
request_80,user_80,2025-02-06,63,2025-04-10,52322.64,0.0,10225.0,121300.0,-68977.36,False
request_80,user_80,2025-02-06,64,2025-04-11,52322.64,0.0,0.0,121300.0,-68977.36,False
request_80,user_80,2025-02-06,65,2025-04-12,51202.64,0.0,1120.0,121300.0,-70097.36,False
request_80,user_80,2025-02-06,66,2025-04-13,51202.64,0.0,0.0,121300.0,-70097.36,False
request_80,user_80,2025-02-06,67,2025-04-14,45584.66,0.0,5617.98,121300.0,-75715.34,False
request_80,user_80,2025-02-06,68,2025-04-15,79656.33,37380.47,3308.8,121300.0,-41643.67,False
request_80,user_80,2025-02-06,69,2025-04-16,79656.33,0.0,0.0,121300.0,-41643.67,False
request_80,user_80,2025-02-06,70,2025-04-17,79656.33,0.0,0.0,121300.0,-41643.67,False
request_80,user_80,2025-02-06,71,2025-04-18,79656.33,0.0,0.0,121300.0,-41643.67,False
request_80,user_80,2025-02-06,72,2025-04-19,79656.33,0.0,0.0,121300.0,-41643.67,False
request_80,user_80,2025-02-06,73,2025-04-20,79656.33,0.0,0.0,121300.0,-41643.67,False
request_80,user_80,2025-02-06,74,2025-04-21,74038.35,0.0,5617.98,121300.0,-47261.65,False
request_80,user_80,2025-02-06,75,2025-04-22,70729.55,0.0,3308.8,121300.0,-50570.45,False
request_80,user_80,2025-02-06,76,2025-04-23,66791.43,0.0,3938.12,121300.0,-54508.57,False
request_80,user_80,2025-02-06,77,2025-04-24,66791.43,0.0,0.0,121300.0,-54508.57,False
request_80,user_80,2025-02-06,78,2025-04-25,66791.43,0.0,0.0,121300.0,-54508.57,False
request_80,user_80,2025-02-06,79,2025-04-26,66791.43,0.0,0.0,121300.0,-54508.57,False
request_80,user_80,2025-02-06,80,2025-04-27,66791.43,0.0,0.0,121300.0,-54508.57,False
request_80,user_80,2025-02-06,81,2025-04-28,61173.45,0.0,5617.98,121300.0,-60126.55,False
request_80,user_80,2025-02-06,82,2025-04-29,57864.65,0.0,3308.8,121300.0,-63435.35,False
request_80,user_80,2025-02-06,83,2025-04-30,57864.65,0.0,0.0,121300.0,-63435.35,False
request_80,user_80,2025-02-06,84,2025-05-01,5864.65,0.0,52000.0,121300.0,-115435.35,False
request_80,user_80,2025-02-06,85,2025-05-02,5864.65,0.0,0.0,121300.0,-115435.35,False
